[  +27 ms] Artifact Instance of 'MaterialFonts' is not required, skipping update.
[        ] Artifact Instance of 'GradleWrapper' is not required, skipping update.
[        ] Artifact Instance of 'AndroidGenSnapshotArtifacts' is not required, skipping update.
[        ] Artifact Instance of 'AndroidInternalBuildArtifacts' is not required, skipping update.
[        ] Artifact Instance of 'IOSEngineArtifacts' is not required, skipping update.
[        ] Artifact Instance of 'FlutterWebSdk' is not required, skipping update.
[        ] Artifact Instance of 'LegacyCanvasKitRemover' is not required, skipping update.
[        ] Artifact Instance of 'FlutterSdk' is not required, skipping update.
[        ] Artifact Instance of 'WindowsEngineArtifacts' is not required, skipping update.
[        ] Artifact Instance of 'MacOSEngineArtifacts' is not required, skipping update.
[        ] Artifact Instance of 'LinuxEngineArtifacts' is not required, skipping update.
[        ] Artifact Instance of 'LinuxFuchsiaSDKArtifacts' is not required, skipping update.
[        ] Artifact Instance of 'MacOSFuchsiaSDKArtifacts' is not required, skipping update.
[        ] Artifact Instance of 'FlutterRunnerSDKArtifacts' is not required, skipping update.
[        ] Artifact Instance of 'FlutterRunnerDebugSymbols' is not required, skipping update.
[        ] Artifact Instance of 'IosUsbArtifacts' is not required, skipping update.
[        ] Artifact Instance of 'IosUsbArtifacts' is not required, skipping update.
[        ] Artifact Instance of 'IosUsbArtifacts' is not required, skipping update.
[        ] Artifact Instance of 'IosUsbArtifacts' is not required, skipping update.
[        ] Artifact Instance of 'IosUsbArtifacts' is not required, skipping update.
[        ] Artifact Instance of 'IosUsbArtifacts' is not required, skipping update.
[        ] Artifact Instance of 'FontSubsetArtifacts' is not required, skipping update.
[        ] Artifact Instance of 'PubDependencies' is not required, skipping update.
[   +5 ms] Artifact Instance of 'AndroidGenSnapshotArtifacts' is not required, skipping update.
[        ] Artifact Instance of 'AndroidInternalBuildArtifacts' is not required, skipping update.
[        ] Artifact Instance of 'IOSEngineArtifacts' is not required, skipping update.
[        ] Artifact Instance of 'FlutterWebSdk' is not required, skipping update.
[        ] Artifact Instance of 'FlutterEngineStamp' is not required, skipping update.
[        ] Artifact Instance of 'LegacyCanvasKitRemover' is not required, skipping update.
[        ] Artifact Instance of 'WindowsEngineArtifacts' is not required, skipping update.
[        ] Artifact Instance of 'MacOSEngineArtifacts' is not required, skipping update.
[        ] Artifact Instance of 'LinuxEngineArtifacts' is not required, skipping update.
[        ] Artifact Instance of 'LinuxFuchsiaSDKArtifacts' is not required, skipping update.
[        ] Artifact Instance of 'MacOSFuchsiaSDKArtifacts' is not required, skipping update.
[        ] Artifact Instance of 'FlutterRunnerSDKArtifacts' is not required, skipping update.
[        ] Artifact Instance of 'FlutterRunnerDebugSymbols' is not required, skipping update.
[  +28 ms] Artifact Instance of 'MaterialFonts' is not required, skipping update.
[        ] Artifact Instance of 'GradleWrapper' is not required, skipping update.
[   +1 ms] Artifact Instance of 'AndroidInternalBuildArtifacts' is not required, skipping update.
[        ] Artifact Instance of 'IOSEngineArtifacts' is not required, skipping update.
[        ] Artifact Instance of 'FlutterWebSdk' is not required, skipping update.
[        ] Artifact Instance of 'FlutterEngineStamp' is not required, skipping update.
[        ] Artifact Instance of 'LegacyCanvasKitRemover' is not required, skipping update.
[        ] Artifact Instance of 'FlutterSdk' is not required, skipping update.
[        ] Artifact Instance of 'WindowsEngineArtifacts' is not required, skipping update.
[        ] Artifact Instance of 'MacOSEngineArtifacts' is not required, skipping update.
[        ] Artifact Instance of 'LinuxEngineArtifacts' is not required, skipping update.
[        ] Artifact Instance of 'LinuxFuchsiaSDKArtifacts' is not required, skipping update.
[        ] Artifact Instance of 'MacOSFuchsiaSDKArtifacts' is not required, skipping update.
[        ] Artifact Instance of 'FlutterRunnerSDKArtifacts' is not required, skipping update.
[        ] Artifact Instance of 'FlutterRunnerDebugSymbols' is not required, skipping update.
[        ] Artifact Instance of 'IosUsbArtifacts' is not required, skipping update.
[        ] Artifact Instance of 'IosUsbArtifacts' is not required, skipping update.
[        ] Artifact Instance of 'IosUsbArtifacts' is not required, skipping update.
[        ] Artifact Instance of 'IosUsbArtifacts' is not required, skipping update.
[        ] Artifact Instance of 'IosUsbArtifacts' is not required, skipping update.
[        ] Artifact Instance of 'IosUsbArtifacts' is not required, skipping update.
[        ] Artifact Instance of 'FontSubsetArtifacts' is not required, skipping update.
[        ] Artifact Instance of 'PubDependencies' is not required, skipping update.
[  +38 ms] executing: [/home/ubuntu/FFM-source-2d123ad-v67/] /home/ubuntu/flutter/bin/cache/dart-sdk/bin/dart pub --suppress-analytics --directory . get --example
Resolving dependencies...
Downloading packages...
  _fe_analyzer_shared 96.0.0 (105.0.0 available)
  analyzer 10.2.0 (14.1.0 available)
  archive 3.6.1 (4.1.0 available)
  build 4.0.7 (4.0.10 available)
  build_runner 2.15.1 (2.16.0 available)
  cli_util 0.4.2 (0.6.0 available)
  code_assets 1.2.1 (2.0.0 available)
  dart_style 3.1.7 (3.1.12 available)
  dbus 0.7.14 (0.7.15 available)
  drift_dev 2.34.0 (2.34.5 available)
  hooks 2.1.0 (2.2.0 available)
  image 4.3.0 (4.9.2 available)
  material_color_utilities 0.13.0 (0.13.1 available)
  native_toolchain_c 0.19.3 (0.19.4 available)
  objective_c 9.5.0 (9.6.0 available)
  package_config 2.2.0 (3.0.0 available)
  pdf 3.12.0 (3.13.0 available)
  printing 5.14.3 (5.15.0 available)
  qr 3.0.2 (4.0.0 available)
  record_use 1.1.0 (1.1.1 available)
  source_gen 4.2.4 (4.3.0 available)
  sqlite3 3.5.1 (3.5.2 available)
  sqlparser 0.44.5 (0.45.0 available)
  test_api 0.7.12 (0.7.13 available)
  vm_service 15.2.0 (15.3.0 available)
  whisper_cpp_flutter_plus 0.4.0 (0.4.1 available)
  xml 6.6.1 (7.0.1 available)
Got dependencies!
27 packages have newer versions incompatible with dependency constraints.
Try `flutter pub outdated` for more information.
[ +382 ms] Found plugin whisper_cpp_flutter_plus at /home/ubuntu/.pub-cache/hosted/pub.dev/whisper_cpp_flutter_plus-0.4.0/
[   +3 ms] Found plugin path_provider at /home/ubuntu/.pub-cache/hosted/pub.dev/path_provider-2.1.6/
[        ] Found plugin path_provider_windows at /home/ubuntu/.pub-cache/hosted/pub.dev/path_provider_windows-2.3.0/
[   +1 ms] Found plugin path_provider_linux at /home/ubuntu/.pub-cache/hosted/pub.dev/path_provider_linux-2.2.2/
[   +1 ms] Found plugin path_provider_foundation at /home/ubuntu/.pub-cache/hosted/pub.dev/path_provider_foundation-2.6.0/
[   +1 ms] Found plugin path_provider_android at /home/ubuntu/.pub-cache/hosted/pub.dev/path_provider_android-2.3.1/
[        ] Found plugin jni_flutter at /home/ubuntu/.pub-cache/hosted/pub.dev/jni_flutter-1.0.2/
[        ] Found plugin jni at /home/ubuntu/.pub-cache/hosted/pub.dev/jni-1.0.3/
[   +2 ms] Found plugin speech_to_text at /home/ubuntu/.pub-cache/hosted/pub.dev/speech_to_text-7.4.0/
[        ] Found plugin speech_to_text_windows at /home/ubuntu/.pub-cache/hosted/pub.dev/speech_to_text_windows-1.0.1/
[   +1 ms] Found plugin shared_preferences at /home/ubuntu/.pub-cache/hosted/pub.dev/shared_preferences-2.5.5/
[        ] Found plugin shared_preferences_windows at /home/ubuntu/.pub-cache/hosted/pub.dev/shared_preferences_windows-2.4.1/
[   +1 ms] Found plugin shared_preferences_web at /home/ubuntu/.pub-cache/hosted/pub.dev/shared_preferences_web-2.4.3/
[        ] Found plugin shared_preferences_linux at /home/ubuntu/.pub-cache/hosted/pub.dev/shared_preferences_linux-2.4.1/
[        ] Found plugin shared_preferences_foundation at /home/ubuntu/.pub-cache/hosted/pub.dev/shared_preferences_foundation-2.5.6/
[        ] Found plugin shared_preferences_android at /home/ubuntu/.pub-cache/hosted/pub.dev/shared_preferences_android-2.4.27/
[        ] Found plugin share_plus at /home/ubuntu/.pub-cache/hosted/pub.dev/share_plus-13.3.0/
[   +2 ms] Found plugin url_launcher_windows at /home/ubuntu/.pub-cache/hosted/pub.dev/url_launcher_windows-3.1.5/
[   +1 ms] Found plugin url_launcher_web at /home/ubuntu/.pub-cache/hosted/pub.dev/url_launcher_web-2.4.3/
[        ] Found plugin url_launcher_linux at /home/ubuntu/.pub-cache/hosted/pub.dev/url_launcher_linux-3.2.2/
[   +1 ms] Found plugin printing at /home/ubuntu/.pub-cache/hosted/pub.dev/printing-5.14.3/
[   +3 ms] Found plugin local_auth at /home/ubuntu/.pub-cache/hosted/pub.dev/local_auth-3.0.2/
[        ] Found plugin local_auth_windows at /home/ubuntu/.pub-cache/hosted/pub.dev/local_auth_windows-2.0.1/
[   +1 ms] Found plugin local_auth_darwin at /home/ubuntu/.pub-cache/hosted/pub.dev/local_auth_darwin-2.0.3/
[        ] Found plugin local_auth_android at /home/ubuntu/.pub-cache/hosted/pub.dev/local_auth_android-2.0.9/
[        ] Found plugin flutter_plugin_android_lifecycle at /home/ubuntu/.pub-cache/hosted/pub.dev/flutter_plugin_android_lifecycle-2.0.35/
[   +1 ms] Found plugin flutter_secure_storage at /home/ubuntu/.pub-cache/hosted/pub.dev/flutter_secure_storage-11.0.0/
[        ] Found plugin flutter_secure_storage_windows at /home/ubuntu/.pub-cache/hosted/pub.dev/flutter_secure_storage_windows-4.2.2/
[   +1 ms] Found plugin flutter_secure_storage_web at /home/ubuntu/.pub-cache/hosted/pub.dev/flutter_secure_storage_web-2.1.1/
[        ] Found plugin flutter_secure_storage_linux at /home/ubuntu/.pub-cache/hosted/pub.dev/flutter_secure_storage_linux-3.0.2/
[        ] Found plugin flutter_secure_storage_darwin at /home/ubuntu/.pub-cache/hosted/pub.dev/flutter_secure_storage_darwin-0.4.0/
[        ] Found plugin flutter_local_notifications at /home/ubuntu/.pub-cache/hosted/pub.dev/flutter_local_notifications-22.3.0/
[        ] Found plugin flutter_local_notifications_windows at /home/ubuntu/.pub-cache/hosted/pub.dev/flutter_local_notifications_windows-3.1.1/
[        ] Found plugin flutter_local_notifications_web at /home/ubuntu/.pub-cache/hosted/pub.dev/flutter_local_notifications_web-1.0.0/
[        ] Found plugin flutter_local_notifications_linux at /home/ubuntu/.pub-cache/hosted/pub.dev/flutter_local_notifications_linux-8.0.1/
[   +2 ms] Found plugin file_picker at /home/ubuntu/.pub-cache/hosted/pub.dev/file_picker-12.0.0/
[        ] Found plugin windows_file_picker at /home/ubuntu/.pub-cache/hosted/pub.dev/windows_file_picker-1.0.1/
[        ] Found plugin file_picker_web at /home/ubuntu/.pub-cache/hosted/pub.dev/file_picker_web-3.0.1/
[        ] Found plugin file_picker_linux at /home/ubuntu/.pub-cache/hosted/pub.dev/file_picker_linux-1.0.1/
[        ] Found plugin file_picker_darwin at /home/ubuntu/.pub-cache/hosted/pub.dev/file_picker_darwin-1.0.1/
[        ] Found plugin android_file_picker at /home/ubuntu/.pub-cache/hosted/pub.dev/android_file_picker-1.0.1/
[  +29 ms] Found plugin whisper_cpp_flutter_plus at /home/ubuntu/.pub-cache/hosted/pub.dev/whisper_cpp_flutter_plus-0.4.0/
[        ] Found plugin path_provider at /home/ubuntu/.pub-cache/hosted/pub.dev/path_provider-2.1.6/
[        ] Found plugin path_provider_windows at /home/ubuntu/.pub-cache/hosted/pub.dev/path_provider_windows-2.3.0/
[   +1 ms] Found plugin path_provider_linux at /home/ubuntu/.pub-cache/hosted/pub.dev/path_provider_linux-2.2.2/
[   +1 ms] Found plugin path_provider_foundation at /home/ubuntu/.pub-cache/hosted/pub.dev/path_provider_foundation-2.6.0/
[        ] Found plugin path_provider_android at /home/ubuntu/.pub-cache/hosted/pub.dev/path_provider_android-2.3.1/
[        ] Found plugin jni_flutter at /home/ubuntu/.pub-cache/hosted/pub.dev/jni_flutter-1.0.2/
[        ] Found plugin jni at /home/ubuntu/.pub-cache/hosted/pub.dev/jni-1.0.3/
[   +1 ms] Found plugin speech_to_text at /home/ubuntu/.pub-cache/hosted/pub.dev/speech_to_text-7.4.0/
[        ] Found plugin speech_to_text_windows at /home/ubuntu/.pub-cache/hosted/pub.dev/speech_to_text_windows-1.0.1/
[        ] Found plugin shared_preferences at /home/ubuntu/.pub-cache/hosted/pub.dev/shared_preferences-2.5.5/
[        ] Found plugin shared_preferences_windows at /home/ubuntu/.pub-cache/hosted/pub.dev/shared_preferences_windows-2.4.1/
[        ] Found plugin shared_preferences_web at /home/ubuntu/.pub-cache/hosted/pub.dev/shared_preferences_web-2.4.3/
[        ] Found plugin shared_preferences_linux at /home/ubuntu/.pub-cache/hosted/pub.dev/shared_preferences_linux-2.4.1/
[        ] Found plugin shared_preferences_foundation at /home/ubuntu/.pub-cache/hosted/pub.dev/shared_preferences_foundation-2.5.6/
[        ] Found plugin shared_preferences_android at /home/ubuntu/.pub-cache/hosted/pub.dev/shared_preferences_android-2.4.27/
[        ] Found plugin share_plus at /home/ubuntu/.pub-cache/hosted/pub.dev/share_plus-13.3.0/
[        ] Found plugin url_launcher_windows at /home/ubuntu/.pub-cache/hosted/pub.dev/url_launcher_windows-3.1.5/
[        ] Found plugin url_launcher_web at /home/ubuntu/.pub-cache/hosted/pub.dev/url_launcher_web-2.4.3/
[        ] Found plugin url_launcher_linux at /home/ubuntu/.pub-cache/hosted/pub.dev/url_launcher_linux-3.2.2/
[        ] Found plugin printing at /home/ubuntu/.pub-cache/hosted/pub.dev/printing-5.14.3/
[   +3 ms] Found plugin local_auth at /home/ubuntu/.pub-cache/hosted/pub.dev/local_auth-3.0.2/
[        ] Found plugin local_auth_windows at /home/ubuntu/.pub-cache/hosted/pub.dev/local_auth_windows-2.0.1/
[        ] Found plugin local_auth_darwin at /home/ubuntu/.pub-cache/hosted/pub.dev/local_auth_darwin-2.0.3/
[        ] Found plugin local_auth_android at /home/ubuntu/.pub-cache/hosted/pub.dev/local_auth_android-2.0.9/
[        ] Found plugin flutter_plugin_android_lifecycle at /home/ubuntu/.pub-cache/hosted/pub.dev/flutter_plugin_android_lifecycle-2.0.35/
[        ] Found plugin flutter_secure_storage at /home/ubuntu/.pub-cache/hosted/pub.dev/flutter_secure_storage-11.0.0/
[        ] Found plugin flutter_secure_storage_windows at /home/ubuntu/.pub-cache/hosted/pub.dev/flutter_secure_storage_windows-4.2.2/
[        ] Found plugin flutter_secure_storage_web at /home/ubuntu/.pub-cache/hosted/pub.dev/flutter_secure_storage_web-2.1.1/
[        ] Found plugin flutter_secure_storage_linux at /home/ubuntu/.pub-cache/hosted/pub.dev/flutter_secure_storage_linux-3.0.2/
[        ] Found plugin flutter_secure_storage_darwin at /home/ubuntu/.pub-cache/hosted/pub.dev/flutter_secure_storage_darwin-0.4.0/
[        ] Found plugin flutter_local_notifications at /home/ubuntu/.pub-cache/hosted/pub.dev/flutter_local_notifications-22.3.0/
[        ] Found plugin flutter_local_notifications_windows at /home/ubuntu/.pub-cache/hosted/pub.dev/flutter_local_notifications_windows-3.1.1/
[        ] Found plugin flutter_local_notifications_web at /home/ubuntu/.pub-cache/hosted/pub.dev/flutter_local_notifications_web-1.0.0/
[        ] Found plugin flutter_local_notifications_linux at /home/ubuntu/.pub-cache/hosted/pub.dev/flutter_local_notifications_linux-8.0.1/
[   +1 ms] Found plugin file_picker at /home/ubuntu/.pub-cache/hosted/pub.dev/file_picker-12.0.0/
[        ] Found plugin windows_file_picker at /home/ubuntu/.pub-cache/hosted/pub.dev/windows_file_picker-1.0.1/
[   +1 ms] Found plugin file_picker_web at /home/ubuntu/.pub-cache/hosted/pub.dev/file_picker_web-3.0.1/
[        ] Found plugin file_picker_linux at /home/ubuntu/.pub-cache/hosted/pub.dev/file_picker_linux-1.0.1/
[   +1 ms] Found plugin file_picker_darwin at /home/ubuntu/.pub-cache/hosted/pub.dev/file_picker_darwin-1.0.1/
[        ] Found plugin android_file_picker at /home/ubuntu/.pub-cache/hosted/pub.dev/android_file_picker-1.0.1/
[   +7 ms] Generating /home/ubuntu/FFM-source-2d123ad-v67/android/app/src/main/java/io/flutter/plugins/GeneratedPluginRegistrant.java
[   +5 ms] Skipping generating GeneratedPluginRegistrant.java because it is up-to-date.
[  +14 ms] Top-level Gradle build file not found, skipping migration of task "clean".
[        ] Android Studio version could not be detected, skipping Gradle-Java version compatibility check.
[        ] CMake project not found, skipping support Android 15 16k page size migration.
[        ] The developer has already configured the Built-In Kotlin flag, skipping migration.
[        ] The developer has already configured the new DSL flag, skipping migration.
[   +1 ms] Using gradle from /home/ubuntu/FFM-source-2d123ad-v67/android/gradlew.
[   +6 ms] LocalFile: '/home/ubuntu/FFM-source-2d123ad-v67/android/build.gradle.kts' doesn't provide an AGP version. Checking settings.
[        ] LocalFile: '/home/ubuntu/FFM-source-2d123ad-v67/android/settings.gradle.kts' provides AGP version: 9.1.0
[        ] Running Gradle task 'assembleDebug'...
[        ] executing: [/home/ubuntu/FFM-source-2d123ad-v67/android/] /home/ubuntu/FFM-source-2d123ad-v67/android/gradlew --full-stacktrace --info -Pverbose=true -Ptarget-platform=android-arm64 -Ptarget=lib/main.dart -Pbase-application-name=android.app.Application -Pdart-defines=RkxVVFRFUl9CVUlMRF9OQU1FPTAuMS42Nw==,RkxVVFRFUl9CVUlMRF9OVU1CRVI9Njc=,RkxVVFRFUl9WRVJTSU9OPTMuNDcuMQ==,RkxVVFRFUl9DSEFOTkVMPXN0YWJsZQ==,RkxVVFRFUl9HSVRfVVJMPWh0dHBzOi8vZ2l0aHViLmNvbS9mbHV0dGVyL2ZsdXR0ZXIuZ2l0,RkxVVFRFUl9GUkFNRVdPUktfUkVWSVNJT049NjY1NTQ4MmVjMA==,RkxVVFRFUl9FTkdJTkVfUkVWSVNJT049NWQ1MzE3ODg2OQ==,RkxVVFRFUl9EQVJUX1ZFUlNJT049My4xMy4x -Pdart-obfuscation=false -Ptrack-widget-creation=true -Ptree-shake-icons=false -Pflutter.androidSdkRoot=/home/ubuntu/android-sdk -Pflutter.installedNdkVersions=26.3.11579264,28.2.13676358 -Pflutter.sdkManagerPath=/home/ubuntu/android-sdk/cmdline-tools/latest/bin/sdkmanager assembleDebug
[ +339 ms] Initialized native services in: /home/ubuntu/.gradle/native
[   +1 ms] Initialized jansi services in: /home/ubuntu/.gradle/native
[ +214 ms] To honour the JVM settings for this build a single-use Daemon process will be forked. For more on this, please refer to https://docs.gradle.org/9.3.1/userguide/gradle_daemon.html#sec:disabling_the_daemon in the Gradle documentation.
[   +1 ms] Starting process 'Gradle build daemon'. Working directory: /home/ubuntu/.gradle/daemon/9.3.1 Command: /usr/lib/jvm/java-21-openjdk-amd64/bin/java --add-opens=java.base/java.lang=ALL-UNNAMED --add-opens=java.base/java.lang.invoke=ALL-UNNAMED --add-opens=java.base/java.util=ALL-UNNAMED --add-opens=java.prefs/java.util.prefs=ALL-UNNAMED --add-exports=jdk.compiler/com.sun.tools.javac.api=ALL-UNNAMED --add-exports=jdk.compiler/com.sun.tools.javac.util=ALL-UNNAMED --add-opens=java.base/java.util=ALL-UNNAMED --add-opens=java.prefs/java.util.prefs=ALL-UNNAMED --add-opens=java.base/java.nio.charset=ALL-UNNAMED --add-opens=java.base/java.net=ALL-UNNAMED --add-opens=java.base/java.util.concurrent=ALL-UNNAMED --add-opens=java.base/java.util.concurrent.atomic=ALL-UNNAMED --add-opens=java.xml/javax.xml.namespace=ALL-UNNAMED --add-opens=java.base/java.time=ALL-UNNAMED -XX:MaxMetaspaceSize=512m -XX:ReservedCodeCacheSize=128m -XX:+HeapDumpOnOutOfMemoryError -Xmx1536m -Dfile.encoding=UTF-8 -Duser.country -Duser.language=en -Duser.variant -cp /home/ubuntu/.gradle/wrapper/dists/gradle-9.3.1-all/9ot9r568e8zfvvd4mn8rbu1j0/gradle-9.3.1/lib/gradle-daemon-main-9.3.1.jar -javaagent:/home/ubuntu/.gradle/wrapper/dists/gradle-9.3.1-all/9ot9r568e8zfvvd4mn8rbu1j0/gradle-9.3.1/lib/agents/gradle-instrumentation-agent-9.3.1.jar org.gradle.launcher.daemon.bootstrap.GradleDaemon 9.3.1
[        ] Successfully started process 'Gradle build daemon'
[ +597 ms] An attempt to start the daemon took 0.644 secs.
[ +100 ms] The client will now receive all logging from the daemon (pid: 8412). The daemon log file: /home/ubuntu/.gradle/daemon/9.3.1/daemon-8412.out.log
[        ] Daemon will be stopped at the end of the build 
[ +199 ms] Using 1 worker leases.
[        ] Operational build model parameters: {requiresToolingModels=false, parallelProjectExecution=false, configureOnDemand=false, configurationCache=false, configurationCacheParallelStore=false, configurationCacheParallelLoad=true, isolatedProjects=false, parallelProjectConfiguration=false, intermediateModelCache=false, parallelToolingApiActions=false, invalidateCoupledProjects=false, modelAsProjectDependency=false, resilientModelBuilding=false}
[ +199 ms] Received JVM installation metadata from '/usr/lib/jvm/java-21-openjdk-amd64': {JAVA_HOME=/usr/lib/jvm/java-21-openjdk-amd64, JAVA_VERSION=21.0.11, JAVA_VENDOR=Ubuntu, RUNTIME_NAME=OpenJDK Runtime Environment, RUNTIME_VERSION=21.0.11+10-1-24.04.2-Ubuntu, VM_NAME=OpenJDK 64-Bit Server VM, VM_VERSION=21.0.11+10-1-24.04.2-Ubuntu, VM_VENDOR=Ubuntu, OS_ARCH=amd64}
[ +199 ms] Watching the file system is configured to be enabled if available
[        ] Now considering [/home/ubuntu/FFM-source-2d123ad-v67/android] as hierarchies to watch
[        ] File system watching is active
[ +299 ms] Starting Build
[ +300 ms] Now considering [/home/ubuntu/flutter/packages/flutter_tools/gradle, /home/ubuntu/FFM-source-2d123ad-v67/android] as hierarchies to watch
[+1900 ms] > Configure project :gradle
[        ] Evaluating project ':gradle' using build file '/home/ubuntu/flutter/packages/flutter_tools/gradle/build.gradle.kts'.
[        ] Resolved plugin [id: 'org.gradle.java-gradle-plugin']
[        ] Resolved plugin [id: 'org.gradle.groovy']
[        ] Resolved plugin [id: 'org.gradle.kotlin.kotlin-dsl', version: '6.4.2']
[        ] Resolved plugin [id: 'org.jetbrains.kotlin.jvm', version: '2.2.20']
[        ] Build e64fc641-8b08-4cf1-8dfb-7013bef5f10c is started
[        ] Using Kotlin Gradle Plugin gradle813 variant
[        ] kotlin scripting plugin: created the scripting discovery configuration: kotlinScriptDef
[        ] kotlin scripting plugin: created the scripting discovery configuration: testKotlinScriptDef
[        ] file or directory '/home/ubuntu/flutter/packages/flutter_tools/gradle/src/main/java', not found
[        ] Resolved plugin [id: 'dev.flutter.flutter-plugin-loader', version: '1.0.0']
[        ] Resolved plugin [id: 'com.android.application', version: '9.1.0', apply: false]
[        ] Resolved plugin [id: 'org.jetbrains.kotlin.android', version: '2.4.0', apply: false]
[  +98 ms] Resolve mutations for :gradle:checkKotlinGradlePluginConfigurationErrors (Thread[#55,included builds,5,main]) started.
[        ] :gradle:checkKotlinGradlePluginConfigurationErrors (Thread[#55,included builds,5,main]) started.
[        ] > Task :gradle:checkKotlinGradlePluginConfigurationErrors SKIPPED
[        ] Skipping task ':gradle:checkKotlinGradlePluginConfigurationErrors' as task onlyIf 'errorDiagnostics are present' is false.
[        ] Resolve mutations for :gradle:compileKotlin (Thread[#55,included builds,5,main]) started.
[        ] :gradle:compileKotlin (Thread[#55,included builds,5,main]) started.
[ +199 ms] > Task :gradle:compileKotlin UP-TO-DATE
[        ] Caching disabled for task ':gradle:compileKotlin' because:
[        ]   Build cache is disabled
[        ] Skipping task ':gradle:compileKotlin' as it is up-to-date.
[        ] Resolve mutations for :gradle:compileJava (Thread[#55,included builds,5,main]) started.
[        ] :gradle:compileJava (Thread[#55,included builds,5,main]) started.
[        ] > Task :gradle:compileJava NO-SOURCE
[        ] Skipping task ':gradle:compileJava' as it has no source files and no previous output files.
[        ] Resolve mutations for :gradle:compileGroovy (Thread[#55,included builds,5,main]) started.
[        ] :gradle:compileGroovy (Thread[#55,included builds,5,main]) started.
[        ] > Task :gradle:compileGroovy NO-SOURCE
[        ] Skipping task ':gradle:compileGroovy' as it has no source files and no previous output files.
[        ] Resolve mutations for :gradle:pluginDescriptors (Thread[#55,included builds,5,main]) started.
[        ] :gradle:pluginDescriptors (Thread[#55,included builds,5,main]) started.
[        ] > Task :gradle:pluginDescriptors UP-TO-DATE
[        ] Caching disabled for task ':gradle:pluginDescriptors' because:
[        ]   Build cache is disabled
[        ]   Not worth caching
[        ] Skipping task ':gradle:pluginDescriptors' as it is up-to-date.
[        ] Resolve mutations for :gradle:processResources (Thread[#55,included builds,5,main]) started.
[        ] :gradle:processResources (Thread[#55,included builds,5,main]) started.
[        ] > Task :gradle:processResources UP-TO-DATE
[        ] Caching disabled for task ':gradle:processResources' because:
[        ]   Build cache is disabled
[        ]   Not worth caching
[        ] Skipping task ':gradle:processResources' as it is up-to-date.
[        ] Resolve mutations for :gradle:classes (Thread[#55,included builds,5,main]) started.
[        ] :gradle:classes (Thread[#55,included builds,5,main]) started.
[        ] > Task :gradle:classes UP-TO-DATE
[        ] Skipping task ':gradle:classes' as it has no actions.
[        ] Resolve mutations for :gradle:jar (Thread[#55,included builds,5,main]) started.
[        ] :gradle:jar (Thread[#55,included builds,5,main]) started.
[        ] > Task :gradle:jar UP-TO-DATE
[        ] Caching disabled for task ':gradle:jar' because:
[        ]   Build cache is disabled
[        ]   Not worth caching
[        ] Skipping task ':gradle:jar' as it is up-to-date.
[ +698 ms] Settings evaluated using settings file '/home/ubuntu/FFM-source-2d123ad-v67/android/settings.gradle.kts'.
[        ] Projects loaded. Root project using build file '/home/ubuntu/FFM-source-2d123ad-v67/android/build.gradle.kts'.
[        ] Included projects: [root project 'android', project ':android_file_picker', project ':app', project ':flutter_local_notifications', project ':flutter_plugin_android_lifecycle', project ':flutter_secure_storage', project ':jni', project ':jni_flutter', project ':local_auth_android', project ':printing', project ':share_plus', project ':shared_preferences_android', project ':speech_to_text', project ':whisper_cpp_flutter_plus']
[+1899 ms] > Configure project :app
[        ] Evaluating project ':app' using build file '/home/ubuntu/FFM-source-2d123ad-v67/android/app/build.gradle.kts'.
[        ] Resolved plugin [id: 'com.android.application']
[        ] Resolved plugin [id: 'dev.flutter.flutter-gradle-plugin']
[        ] WARNING: The option setting 'android.builtInKotlin=false' is deprecated.
[        ] The current default is 'true'.
[        ] It will be removed in version 10.0 of the Android Gradle plugin.
[        ] WARNING: The option setting 'android.newDsl=false' is deprecated.
[        ] The current default is 'true'.
[        ] It will be removed in version 10.0 of the Android Gradle plugin.
[        ] Using default execution profile
[        ] Build 3b292ad8-8840-487d-b7fa-67324053c1ce is started
[        ] Using Kotlin Gradle Plugin gradle813 variant
[        ] Using Kotlin Gradle Plugin gradle813 variant
[        ] Using Kotlin Gradle Plugin gradle813 variant
[        ] Using Kotlin Gradle Plugin gradle813 variant
[        ] Using Kotlin Gradle Plugin gradle813 variant
[        ] Using Kotlin Gradle Plugin gradle813 variant
[        ] Using Kotlin Gradle Plugin gradle813 variant
[        ] Using Kotlin Gradle Plugin gradle813 variant
[        ] Using Kotlin Gradle Plugin gradle813 variant
[        ] Using Kotlin Gradle Plugin gradle813 variant
[        ] Using Kotlin Gradle Plugin gradle813 variant
[        ] w: [33m[1m⚠️ Deprecated 'org.jetbrains.kotlin.android' plugin usage[0m[0m
[        ] The 'org.jetbrains.kotlin.android' plugin in project ':app' is no longer required for Kotlin support since AGP 9.0.
[        ] [32m[1mSolution:[0m[0m
[        ] [32m[3mRemove both `android.builtInKotlin=true` and `android.newDsl=false` from `gradle.properties`, then migrate to built-in Kotlin.[0m[0m
[        ] [36mSee [0m[34mhttps://kotl.in/gradle/agp-built-in-kotlin[0m[36m for more details.[0m
[        ] > Configure project :
[        ] Evaluating root project 'android' using build file '/home/ubuntu/FFM-source-2d123ad-v67/android/build.gradle.kts'.
[ +697 ms] > Configure project :android_file_picker
[        ] Evaluating project ':android_file_picker' using build file '/home/ubuntu/.pub-cache/hosted/pub.dev/android_file_picker-1.0.1/android/build.gradle.kts'.
[        ] Using default execution profile
[        ] Using Kotlin Gradle Plugin gradle813 variant
[        ] w: [33m[1m⚠️ Deprecated 'org.jetbrains.kotlin.android' plugin usage[0m[0m
[        ] The 'org.jetbrains.kotlin.android' plugin in project ':android_file_picker' is no longer required for Kotlin support since AGP 9.0.
[        ] [32m[1mSolution:[0m[0m
[        ] [32m[3mRemove both `android.builtInKotlin=true` and `android.newDsl=false` from `gradle.properties`, then migrate to built-in Kotlin.[0m[0m
[        ] [36mSee [0m[34mhttps://kotl.in/gradle/agp-built-in-kotlin[0m[36m for more details.[0m
[ +499 ms] > Configure project :flutter_local_notifications
[        ] Evaluating project ':flutter_local_notifications' using build file '/home/ubuntu/.pub-cache/hosted/pub.dev/flutter_local_notifications-22.3.0/android/build.gradle'.
[        ] Using default execution profile
[        ] w: [33m[1m⚠️ Deprecated 'org.jetbrains.kotlin.android' plugin usage[0m[0m
[        ] The 'org.jetbrains.kotlin.android' plugin in project ':flutter_local_notifications' is no longer required for Kotlin support since AGP 9.0.
[        ] [32m[1mSolution:[0m[0m
[        ] [32m[3mRemove both `android.builtInKotlin=true` and `android.newDsl=false` from `gradle.properties`, then migrate to built-in Kotlin.[0m[0m
[        ] [36mSee [0m[34mhttps://kotl.in/gradle/agp-built-in-kotlin[0m[36m for more details.[0m
[ +399 ms] > Configure project :flutter_plugin_android_lifecycle
[        ] Evaluating project ':flutter_plugin_android_lifecycle' using build file '/home/ubuntu/.pub-cache/hosted/pub.dev/flutter_plugin_android_lifecycle-2.0.35/android/build.gradle.kts'.
[        ] Resolved plugin [id: 'com.android.library']
[        ] Using default execution profile
[        ] w: [33m[1m⚠️ Deprecated 'org.jetbrains.kotlin.android' plugin usage[0m[0m
[        ] The 'org.jetbrains.kotlin.android' plugin in project ':flutter_plugin_android_lifecycle' is no longer required for Kotlin support since AGP 9.0.
[        ] [32m[1mSolution:[0m[0m
[        ] [32m[3mRemove both `android.builtInKotlin=true` and `android.newDsl=false` from `gradle.properties`, then migrate to built-in Kotlin.[0m[0m
[        ] [36mSee [0m[34mhttps://kotl.in/gradle/agp-built-in-kotlin[0m[36m for more details.[0m
[  +99 ms] > Configure project :flutter_secure_storage
[        ] Evaluating project ':flutter_secure_storage' using build file '/home/ubuntu/.pub-cache/hosted/pub.dev/flutter_secure_storage-11.0.0/android/build.gradle'.
[        ] Resolved plugin [id: 'com.android.library']
[        ] Resolved plugin [id: 'jacoco']
[        ] Using default execution profile
[        ] w: [33m[1m⚠️ Deprecated 'org.jetbrains.kotlin.android' plugin usage[0m[0m
[        ] The 'org.jetbrains.kotlin.android' plugin in project ':flutter_secure_storage' is no longer required for Kotlin support since AGP 9.0.
[        ] [32m[1mSolution:[0m[0m
[        ] [32m[3mRemove both `android.builtInKotlin=true` and `android.newDsl=false` from `gradle.properties`, then migrate to built-in Kotlin.[0m[0m
[        ] [36mSee [0m[34mhttps://kotl.in/gradle/agp-built-in-kotlin[0m[36m for more details.[0m
[ +299 ms] > Configure project :jni
[        ] Evaluating project ':jni' using build file '/home/ubuntu/.pub-cache/hosted/pub.dev/jni-1.0.3/android/build.gradle'.
[        ] Using default execution profile
[        ] C/C++: android.ndkVersion from module build.gradle is [28.2.13676358]
[        ] C/C++: android.ndkPath from module build.gradle is not set
[        ] C/C++: ndk.dir in local.properties is not set
[        ] C/C++: Not considering ANDROID_NDK_HOME because support was removed after deprecation period.
[        ] C/C++: sdkFolder is /home/ubuntu/android-sdk
[        ] C/C++: android.ndkVersion from module build.gradle is [28.2.13676358]
[        ] C/C++: android.ndkPath from module build.gradle is not set
[        ] C/C++: ndk.dir in local.properties is not set
[        ] C/C++: Not considering ANDROID_NDK_HOME because support was removed after deprecation period.
[        ] C/C++: sdkFolder is /home/ubuntu/android-sdk
[        ] C/C++: android.ndkVersion from module build.gradle is [28.2.13676358]
[        ] C/C++: android.ndkPath from module build.gradle is not set
[        ] C/C++: ndk.dir in local.properties is not set
[        ] C/C++: Not considering ANDROID_NDK_HOME because support was removed after deprecation period.
[        ] C/C++: sdkFolder is /home/ubuntu/android-sdk
[        ] C/C++: android.ndkVersion from module build.gradle is [28.2.13676358]
[        ] C/C++: android.ndkPath from module build.gradle is not set
[        ] C/C++: ndk.dir in local.properties is not set
[        ] C/C++: Not considering ANDROID_NDK_HOME because support was removed after deprecation period.
[        ] C/C++: sdkFolder is /home/ubuntu/android-sdk
[        ] C/C++: android.ndkVersion from module build.gradle is [28.2.13676358]
[        ] C/C++: android.ndkPath from module build.gradle is not set
[        ] C/C++: ndk.dir in local.properties is not set
[        ] C/C++: Not considering ANDROID_NDK_HOME because support was removed after deprecation period.
[        ] C/C++: sdkFolder is /home/ubuntu/android-sdk
[        ] C/C++: android.ndkVersion from module build.gradle is [28.2.13676358]
[        ] C/C++: android.ndkPath from module build.gradle is not set
[        ] C/C++: ndk.dir in local.properties is not set
[        ] C/C++: Not considering ANDROID_NDK_HOME because support was removed after deprecation period.
[        ] C/C++: sdkFolder is /home/ubuntu/android-sdk
[        ] C/C++: android.ndkVersion from module build.gradle is [28.2.13676358]
[        ] C/C++: android.ndkPath from module build.gradle is not set
[        ] C/C++: ndk.dir in local.properties is not set
[        ] C/C++: Not considering ANDROID_NDK_HOME because support was removed after deprecation period.
[        ] C/C++: sdkFolder is /home/ubuntu/android-sdk
[        ] C/C++: android.ndkVersion from module build.gradle is [28.2.13676358]
[        ] C/C++: android.ndkPath from module build.gradle is not set
[        ] C/C++: ndk.dir in local.properties is not set
[        ] C/C++: Not considering ANDROID_NDK_HOME because support was removed after deprecation period.
[        ] C/C++: sdkFolder is /home/ubuntu/android-sdk
[        ] C/C++: android.ndkVersion from module build.gradle is [28.2.13676358]
[        ] C/C++: android.ndkPath from module build.gradle is not set
[        ] C/C++: ndk.dir in local.properties is not set
[        ] C/C++: Not considering ANDROID_NDK_HOME because support was removed after deprecation period.
[        ] C/C++: sdkFolder is /home/ubuntu/android-sdk
[        ] C/C++: android.ndkVersion from module build.gradle is [28.2.13676358]
[        ] C/C++: android.ndkPath from module build.gradle is not set
[        ] C/C++: ndk.dir in local.properties is not set
[        ] C/C++: Not considering ANDROID_NDK_HOME because support was removed after deprecation period.
[        ] C/C++: sdkFolder is /home/ubuntu/android-sdk
[        ] C/C++: android.ndkVersion from module build.gradle is [28.2.13676358]
[        ] C/C++: android.ndkPath from module build.gradle is not set
[        ] C/C++: ndk.dir in local.properties is not set
[        ] C/C++: Not considering ANDROID_NDK_HOME because support was removed after deprecation period.
[        ] C/C++: sdkFolder is /home/ubuntu/android-sdk
[        ] C/C++: android.ndkVersion from module build.gradle is [28.2.13676358]
[        ] C/C++: android.ndkPath from module build.gradle is not set
[        ] C/C++: ndk.dir in local.properties is not set
[        ] C/C++: Not considering ANDROID_NDK_HOME because support was removed after deprecation period.
[        ] C/C++: sdkFolder is /home/ubuntu/android-sdk
[        ] C/C++: android.ndkVersion from module build.gradle is [28.2.13676358]
[        ] C/C++: android.ndkPath from module build.gradle is not set
[        ] C/C++: ndk.dir in local.properties is not set
[        ] C/C++: Not considering ANDROID_NDK_HOME because support was removed after deprecation period.
[        ] C/C++: sdkFolder is /home/ubuntu/android-sdk
[        ] C/C++: android.ndkVersion from module build.gradle is [28.2.13676358]
[        ] C/C++: android.ndkPath from module build.gradle is not set
[        ] C/C++: ndk.dir in local.properties is not set
[        ] C/C++: Not considering ANDROID_NDK_HOME because support was removed after deprecation period.
[        ] C/C++: sdkFolder is /home/ubuntu/android-sdk
[        ] C/C++: android.ndkVersion from module build.gradle is [28.2.13676358]
[        ] C/C++: android.ndkPath from module build.gradle is not set
[        ] C/C++: ndk.dir in local.properties is not set
[        ] C/C++: Not considering ANDROID_NDK_HOME because support was removed after deprecation period.
[        ] C/C++: sdkFolder is /home/ubuntu/android-sdk
[        ] C/C++: android.ndkVersion from module build.gradle is [28.2.13676358]
[        ] C/C++: android.ndkPath from module build.gradle is not set
[        ] C/C++: ndk.dir in local.properties is not set
[        ] C/C++: Not considering ANDROID_NDK_HOME because support was removed after deprecation period.
[        ] C/C++: sdkFolder is /home/ubuntu/android-sdk
[        ] C/C++: android.ndkVersion from module build.gradle is [28.2.13676358]
[        ] C/C++: android.ndkPath from module build.gradle is not set
[        ] C/C++: ndk.dir in local.properties is not set
[        ] C/C++: Not considering ANDROID_NDK_HOME because support was removed after deprecation period.
[        ] C/C++: sdkFolder is /home/ubuntu/android-sdk
[        ] C/C++: android.ndkVersion from module build.gradle is [28.2.13676358]
[        ] C/C++: android.ndkPath from module build.gradle is not set
[        ] C/C++: ndk.dir in local.properties is not set
[        ] C/C++: Not considering ANDROID_NDK_HOME because support was removed after deprecation period.
[        ] C/C++: sdkFolder is /home/ubuntu/android-sdk
[        ] C/C++: android.ndkVersion from module build.gradle is [28.2.13676358]
[        ] C/C++: android.ndkPath from module build.gradle is not set
[   +1 ms] C/C++: ndk.dir in local.properties is not set
[        ] C/C++: Not considering ANDROID_NDK_HOME because support was removed after deprecation period.
[        ] C/C++: sdkFolder is /home/ubuntu/android-sdk
[        ] w: [33m[1m⚠️ Deprecated 'org.jetbrains.kotlin.android' plugin usage[0m[0m
[        ] The 'org.jetbrains.kotlin.android' plugin in project ':jni' is no longer required for Kotlin support since AGP 9.0.
[        ] [32m[1mSolution:[0m[0m
[        ] [32m[3mRemove both `android.builtInKotlin=true` and `android.newDsl=false` from `gradle.properties`, then migrate to built-in Kotlin.[0m[0m
[        ] [36mSee [0m[34mhttps://kotl.in/gradle/agp-built-in-kotlin[0m[36m for more details.[0m
[        ] > Configure project :jni_flutter
[        ] Evaluating project ':jni_flutter' using build file '/home/ubuntu/.pub-cache/hosted/pub.dev/jni_flutter-1.0.2/android/build.gradle'.
[        ] Using default execution profile
[        ] w: [33m[1m⚠️ Deprecated 'org.jetbrains.kotlin.android' plugin usage[0m[0m
[        ] The 'org.jetbrains.kotlin.android' plugin in project ':jni_flutter' is no longer required for Kotlin support since AGP 9.0.
[        ] [32m[1mSolution:[0m[0m
[        ] [32m[3mRemove both `android.builtInKotlin=true` and `android.newDsl=false` from `gradle.properties`, then migrate to built-in Kotlin.[0m[0m
[        ] [36mSee [0m[34mhttps://kotl.in/gradle/agp-built-in-kotlin[0m[36m for more details.[0m
[ +395 ms] > Configure project :local_auth_android
[        ] Evaluating project ':local_auth_android' using build file '/home/ubuntu/.pub-cache/hosted/pub.dev/local_auth_android-2.0.9/android/build.gradle.kts'.
[        ] Resolved plugin [id: 'com.android.library']
[        ] Using default execution profile
[        ] w: [33m[1m⚠️ Deprecated 'org.jetbrains.kotlin.android' plugin usage[0m[0m
[        ] The 'org.jetbrains.kotlin.android' plugin in project ':local_auth_android' is no longer required for Kotlin support since AGP 9.0.
[        ] [32m[1mSolution:[0m[0m
[        ] [32m[3mRemove both `android.builtInKotlin=true` and `android.newDsl=false` from `gradle.properties`, then migrate to built-in Kotlin.[0m[0m
[        ] [36mSee [0m[34mhttps://kotl.in/gradle/agp-built-in-kotlin[0m[36m for more details.[0m
[ +299 ms] > Configure project :printing
[        ] Evaluating project ':printing' using build file '/home/ubuntu/.pub-cache/hosted/pub.dev/printing-5.14.3/android/build.gradle'.
[        ] Using default execution profile
[        ] w: [33m[1m⚠️ Deprecated 'org.jetbrains.kotlin.android' plugin usage[0m[0m
[        ] The 'org.jetbrains.kotlin.android' plugin in project ':printing' is no longer required for Kotlin support since AGP 9.0.
[        ] [32m[1mSolution:[0m[0m
[        ] [32m[3mRemove both `android.builtInKotlin=true` and `android.newDsl=false` from `gradle.properties`, then migrate to built-in Kotlin.[0m[0m
[        ] [36mSee [0m[34mhttps://kotl.in/gradle/agp-built-in-kotlin[0m[36m for more details.[0m
[ +399 ms] > Configure project :share_plus
[        ] Evaluating project ':share_plus' using build file '/home/ubuntu/.pub-cache/hosted/pub.dev/share_plus-13.3.0/android/build.gradle.kts'.
[        ] Resolved plugin [id: 'com.android.library']
[        ] Using default execution profile
[        ] w: [33m[1m⚠️ Deprecated 'org.jetbrains.kotlin.android' plugin usage[0m[0m
[        ] The 'org.jetbrains.kotlin.android' plugin in project ':share_plus' is no longer required for Kotlin support since AGP 9.0.
[        ] [32m[1mSolution:[0m[0m
[        ] [32m[3mRemove both `android.builtInKotlin=true` and `android.newDsl=false` from `gradle.properties`, then migrate to built-in Kotlin.[0m[0m
[        ] [36mSee [0m[34mhttps://kotl.in/gradle/agp-built-in-kotlin[0m[36m for more details.[0m
[ +199 ms] > Configure project :shared_preferences_android
[        ] Evaluating project ':shared_preferences_android' using build file '/home/ubuntu/.pub-cache/hosted/pub.dev/shared_preferences_android-2.4.27/android/build.gradle.kts'.
[        ] Resolved plugin [id: 'com.android.library']
[        ] Using default execution profile
[        ] w: [33m[1m⚠️ Deprecated 'org.jetbrains.kotlin.android' plugin usage[0m[0m
[        ] The 'org.jetbrains.kotlin.android' plugin in project ':shared_preferences_android' is no longer required for Kotlin support since AGP 9.0.
[        ] [32m[1mSolution:[0m[0m
[        ] [32m[3mRemove both `android.builtInKotlin=true` and `android.newDsl=false` from `gradle.properties`, then migrate to built-in Kotlin.[0m[0m
[        ] [36mSee [0m[34mhttps://kotl.in/gradle/agp-built-in-kotlin[0m[36m for more details.[0m
[  +99 ms] > Configure project :speech_to_text
[        ] Evaluating project ':speech_to_text' using build file '/home/ubuntu/.pub-cache/hosted/pub.dev/speech_to_text-7.4.0/android/build.gradle'.
[        ] Using default execution profile
[        ] Using Kotlin Gradle Plugin gradle813 variant
[        ] w: [33m[1m⚠️ Deprecated 'org.jetbrains.kotlin.android' plugin usage[0m[0m
[        ] The 'org.jetbrains.kotlin.android' plugin in project ':speech_to_text' is no longer required for Kotlin support since AGP 9.0.
[        ] [32m[1mSolution:[0m[0m
[        ] [32m[3mRemove both `android.builtInKotlin=true` and `android.newDsl=false` from `gradle.properties`, then migrate to built-in Kotlin.[0m[0m
[        ] [36mSee [0m[34mhttps://kotl.in/gradle/agp-built-in-kotlin[0m[36m for more details.[0m
[ +399 ms] > Configure project :whisper_cpp_flutter_plus
[        ] Evaluating project ':whisper_cpp_flutter_plus' using build file '/home/ubuntu/.pub-cache/hosted/pub.dev/whisper_cpp_flutter_plus-0.4.0/android/build.gradle'.
[        ] Using default execution profile
[        ] C/C++: android.ndkVersion from module build.gradle is [28.2.13676358]
[        ] C/C++: android.ndkPath from module build.gradle is not set
[        ] C/C++: ndk.dir in local.properties is not set
[        ] C/C++: Not considering ANDROID_NDK_HOME because support was removed after deprecation period.
[        ] C/C++: sdkFolder is /home/ubuntu/android-sdk
[        ] C/C++: android.ndkVersion from module build.gradle is [28.2.13676358]
[        ] C/C++: android.ndkPath from module build.gradle is not set
[        ] C/C++: ndk.dir in local.properties is not set
[        ] C/C++: Not considering ANDROID_NDK_HOME because support was removed after deprecation period.
[        ] C/C++: sdkFolder is /home/ubuntu/android-sdk
[        ] C/C++: android.ndkVersion from module build.gradle is [28.2.13676358]
[        ] C/C++: android.ndkPath from module build.gradle is not set
[        ] C/C++: ndk.dir in local.properties is not set
[        ] C/C++: Not considering ANDROID_NDK_HOME because support was removed after deprecation period.
[        ] C/C++: sdkFolder is /home/ubuntu/android-sdk
[        ] C/C++: android.ndkVersion from module build.gradle is [28.2.13676358]
[        ] C/C++: android.ndkPath from module build.gradle is not set
[        ] C/C++: ndk.dir in local.properties is not set
[        ] C/C++: Not considering ANDROID_NDK_HOME because support was removed after deprecation period.
[        ] C/C++: sdkFolder is /home/ubuntu/android-sdk
[        ] C/C++: android.ndkVersion from module build.gradle is [28.2.13676358]
[        ] C/C++: android.ndkPath from module build.gradle is not set
[        ] C/C++: ndk.dir in local.properties is not set
[        ] C/C++: Not considering ANDROID_NDK_HOME because support was removed after deprecation period.
[        ] C/C++: sdkFolder is /home/ubuntu/android-sdk
[        ] C/C++: android.ndkVersion from module build.gradle is [28.2.13676358]
[        ] C/C++: android.ndkPath from module build.gradle is not set
[        ] C/C++: ndk.dir in local.properties is not set
[        ] C/C++: Not considering ANDROID_NDK_HOME because support was removed after deprecation period.
[        ] C/C++: sdkFolder is /home/ubuntu/android-sdk
[        ] C/C++: android.ndkVersion from module build.gradle is [28.2.13676358]
[        ] C/C++: android.ndkPath from module build.gradle is not set
[        ] C/C++: ndk.dir in local.properties is not set
[        ] C/C++: Not considering ANDROID_NDK_HOME because support was removed after deprecation period.
[        ] C/C++: sdkFolder is /home/ubuntu/android-sdk
[        ] C/C++: android.ndkVersion from module build.gradle is [28.2.13676358]
[        ] C/C++: android.ndkPath from module build.gradle is not set
[        ] C/C++: ndk.dir in local.properties is not set
[        ] C/C++: Not considering ANDROID_NDK_HOME because support was removed after deprecation period.
[        ] C/C++: sdkFolder is /home/ubuntu/android-sdk
[        ] C/C++: android.ndkVersion from module build.gradle is [28.2.13676358]
[        ] C/C++: android.ndkPath from module build.gradle is not set
[        ] C/C++: ndk.dir in local.properties is not set
[        ] C/C++: Not considering ANDROID_NDK_HOME because support was removed after deprecation period.
[        ] C/C++: sdkFolder is /home/ubuntu/android-sdk
[        ] C/C++: android.ndkVersion from module build.gradle is [28.2.13676358]
[        ] C/C++: android.ndkPath from module build.gradle is not set
[        ] C/C++: ndk.dir in local.properties is not set
[        ] C/C++: Not considering ANDROID_NDK_HOME because support was removed after deprecation period.
[        ] C/C++: sdkFolder is /home/ubuntu/android-sdk
[        ] C/C++: android.ndkVersion from module build.gradle is [28.2.13676358]
[        ] C/C++: android.ndkPath from module build.gradle is not set
[        ] C/C++: ndk.dir in local.properties is not set
[        ] C/C++: Not considering ANDROID_NDK_HOME because support was removed after deprecation period.
[        ] C/C++: sdkFolder is /home/ubuntu/android-sdk
[        ] C/C++: android.ndkVersion from module build.gradle is [28.2.13676358]
[        ] C/C++: android.ndkPath from module build.gradle is not set
[        ] C/C++: ndk.dir in local.properties is not set
[        ] C/C++: Not considering ANDROID_NDK_HOME because support was removed after deprecation period.
[        ] C/C++: sdkFolder is /home/ubuntu/android-sdk
[        ] C/C++: android.ndkVersion from module build.gradle is [28.2.13676358]
[        ] C/C++: android.ndkPath from module build.gradle is not set
[        ] C/C++: ndk.dir in local.properties is not set
[        ] C/C++: Not considering ANDROID_NDK_HOME because support was removed after deprecation period.
[        ] C/C++: sdkFolder is /home/ubuntu/android-sdk
[        ] C/C++: android.ndkVersion from module build.gradle is [28.2.13676358]
[        ] C/C++: android.ndkPath from module build.gradle is not set
[        ] C/C++: ndk.dir in local.properties is not set
[        ] C/C++: Not considering ANDROID_NDK_HOME because support was removed after deprecation period.
[        ] C/C++: sdkFolder is /home/ubuntu/android-sdk
[        ] C/C++: android.ndkVersion from module build.gradle is [28.2.13676358]
[        ] C/C++: android.ndkPath from module build.gradle is not set
[        ] C/C++: ndk.dir in local.properties is not set
[        ] C/C++: Not considering ANDROID_NDK_HOME because support was removed after deprecation period.
[        ] C/C++: sdkFolder is /home/ubuntu/android-sdk
[        ] C/C++: android.ndkVersion from module build.gradle is [28.2.13676358]
[        ] C/C++: android.ndkPath from module build.gradle is not set
[        ] C/C++: ndk.dir in local.properties is not set
[        ] C/C++: Not considering ANDROID_NDK_HOME because support was removed after deprecation period.
[        ] C/C++: sdkFolder is /home/ubuntu/android-sdk
[        ] C/C++: android.ndkVersion from module build.gradle is [28.2.13676358]
[        ] C/C++: android.ndkPath from module build.gradle is not set
[        ] C/C++: ndk.dir in local.properties is not set
[        ] C/C++: Not considering ANDROID_NDK_HOME because support was removed after deprecation period.
[        ] C/C++: sdkFolder is /home/ubuntu/android-sdk
[        ] C/C++: android.ndkVersion from module build.gradle is [28.2.13676358]
[        ] C/C++: android.ndkPath from module build.gradle is not set
[        ] C/C++: ndk.dir in local.properties is not set
[        ] C/C++: Not considering ANDROID_NDK_HOME because support was removed after deprecation period.
[        ] C/C++: sdkFolder is /home/ubuntu/android-sdk
[        ] C/C++: android.ndkVersion from module build.gradle is [28.2.13676358]
[        ] C/C++: android.ndkPath from module build.gradle is not set
[        ] C/C++: ndk.dir in local.properties is not set
[        ] C/C++: Not considering ANDROID_NDK_HOME because support was removed after deprecation period.
[        ] C/C++: sdkFolder is /home/ubuntu/android-sdk
[        ] w: [33m[1m⚠️ Deprecated 'org.jetbrains.kotlin.android' plugin usage[0m[0m
[        ] The 'org.jetbrains.kotlin.android' plugin in project ':whisper_cpp_flutter_plus' is no longer required for Kotlin support since AGP 9.0.
[        ] [32m[1mSolution:[0m[0m
[        ] [32m[3mRemove both `android.builtInKotlin=true` and `android.newDsl=false` from `gradle.properties`, then migrate to built-in Kotlin.[0m[0m
[        ] [36mSee [0m[34mhttps://kotl.in/gradle/agp-built-in-kotlin[0m[36m for more details.[0m
[        ] All projects evaluated.
[        ] Task name matched 'assembleDebug'
[        ] Selected primary task 'assembleDebug' from project :
[   +1 ms] WARNING: Your app uses the following plugins that apply Kotlin Gradle Plugin (KGP): speech_to_text
[        ] Future versions of Flutter will fail to build if your app uses plugins that apply KGP.
[        ] Please check the changelogs of these plugins and upgrade to a version that supports Built-in Kotlin.
[        ] If no such version exists, report the issue to the plugin. If necessary, here is a guide on filing
[        ] an issue against a plugin: https://docs.flutter.dev/release/breaking-changes/migrate-to-built-in-kotlin/for-app-developers#report-incompatible-kotlin-gradle-plugin-usage-to-plugin-authors
[        ] If you are a plugin author, please migrate your plugin to Built-in Kotlin using this guide: https://docs.flutter.dev/release/breaking-changes/migrate-to-built-in-kotlin/for-plugin-authors
[ +394 ms] Adding -Xuse-inline-scopes-numbers Kotlin compiler flag for task :app:compileDebugKotlin
[ +799 ms] Adding -Xuse-inline-scopes-numbers Kotlin compiler flag for task :app:compileDebugAndroidTestKotlin
[        ] Adding -Xuse-inline-scopes-numbers Kotlin compiler flag for task :app:compileProfileKotlin
[   +3 ms] Tasks to be executed: [task ':android_file_picker:preBuild', task ':android_file_picker:preDebugBuild', task ':android_file_picker:checkDebugAarMetadata', task ':android_file_picker:mergeDebugJniLibFolders', task ':android_file_picker:mergeDebugNativeLibs', task ':android_file_picker:stripDebugDebugSymbols', task ':android_file_picker:copyDebugJniLibsProjectAndLocalJars', task ':android_file_picker:checkKotlinGradlePluginConfigurationErrors', task ':android_file_picker:generateDebugResources', task ':android_file_picker:packageDebugResources', task ':android_file_picker:processDebugNavigationResources', task ':android_file_picker:parseDebugLocalResources', task ':android_file_picker:generateDebugRFile', task ':android_file_picker:compileDebugKotlin', task ':android_file_picker:extractDebugAnnotations', task ':android_file_picker:extractDeepLinksForAarDebug', task ':android_file_picker:generateDebugAssets', task ':android_file_picker:mergeDebugAssets', task ':android_file_picker:javaPreCompileDebug', task ':android_file_picker:compileDebugJavaWithJavac', task ':android_file_picker:mergeDebugGeneratedProguardFiles', task ':android_file_picker:mergeDebugConsumerProguardFiles', task ':android_file_picker:prepareDebugArtProfile', task ':android_file_picker:prepareLintJarForPublish', task ':android_file_picker:processDebugManifest', task ':android_file_picker:processDebugJavaRes', task ':android_file_picker:mergeDebugJavaResource', task ':android_file_picker:syncDebugLibJars', task ':android_file_picker:writeDebugAarMetadata', task ':android_file_picker:bundleDebugAar', task ':android_file_picker:assembleDebug', task ':app:DebugMinSdkCheck', task ':app:validateCompileSdkVersion', task ':app:preBuild', task ':app:preDebugBuild', task ':app:mergeDebugNativeDebugMetadata', task ':android_file_picker:bundleLibCompileToJarDebug', task ':app:checkKotlinGradlePluginConfigurationErrors', task ':app:cleanMergeDebugAssets', task ':app:compileFlutterBuildDebug', task ':app:generateDebugAssets', task ':flutter_local_notifications:generateDebugAssets', task ':flutter_local_notifications:preBuild', task ':flutter_local_notifications:preDebugBuild', task ':flutter_local_notifications:mergeDebugAssets', task ':flutter_plugin_android_lifecycle:generateDebugAssets', task ':flutter_plugin_android_lifecycle:preBuild', task ':flutter_plugin_android_lifecycle:preDebugBuild', task ':flutter_plugin_android_lifecycle:mergeDebugAssets', task ':flutter_secure_storage:generateDebugAssets', task ':flutter_secure_storage:preBuild', task ':flutter_secure_storage:preDebugBuild', task ':flutter_secure_storage:mergeDebugAssets', task ':jni:generateDebugAssets', task ':jni:preBuild', task ':jni:preDebugBuild', task ':jni:mergeDebugAssets', task ':jni_flutter:generateDebugAssets', task ':jni_flutter:preBuild', task ':jni_flutter:preDebugBuild', task ':jni_flutter:mergeDebugAssets', task ':local_auth_android:generateDebugAssets', task ':local_auth_android:preBuild', task ':local_auth_android:preDebugBuild', task ':local_auth_android:mergeDebugAssets', task ':printing:generateDebugAssets', task ':printing:preBuild', task ':printing:preDebugBuild', task ':printing:mergeDebugAssets', task ':share_plus:generateDebugAssets', task ':share_plus:preBuild', task ':share_plus:preDebugBuild', task ':share_plus:mergeDebugAssets', task ':shared_preferences_android:generateDebugAssets', task ':shared_preferences_android:preBuild', task ':shared_preferences_android:preDebugBuild', task ':shared_preferences_android:mergeDebugAssets', task ':speech_to_text:generateDebugAssets', task ':speech_to_text:preBuild', task ':speech_to_text:preDebugBuild', task ':speech_to_text:mergeDebugAssets', task ':whisper_cpp_flutter_plus:generateDebugAssets', task ':whisper_cpp_flutter_plus:preBuild', task ':whisper_cpp_flutter_plus:preDebugBuild', task ':whisper_cpp_flutter_plus:mergeDebugAssets', task ':app:mergeDebugAssets', task ':app:copyFlutterAssetsDebug', task ':app:generateDebugResources', task ':app:packageDebugResources', task ':flutter_local_notifications:processDebugNavigationResources', task ':flutter_plugin_android_lifecycle:processDebugNavigationResources', task ':flutter_secure_storage:processDebugNavigationResources', task ':jni:processDebugNavigationResources', task ':jni_flutter:processDebugNavigationResources', task ':local_auth_android:processDebugNavigationResources', task ':printing:processDebugNavigationResources', task ':share_plus:processDebugNavigationResources', task ':shared_preferences_android:processDebugNavigationResources', task ':speech_to_text:processDebugNavigationResources', task ':whisper_cpp_flutter_plus:processDebugNavigationResources', task ':app:processDebugNavigationResources', task ':app:parseDebugLocalResources', task ':app:generateDebugRFile', task ':flutter_local_notifications:checkKotlinGradlePluginConfigurationErrors', task ':flutter_local_notifications:generateDebugResources', task ':flutter_local_notifications:packageDebugResources', task ':flutter_local_notifications:parseDebugLocalResources', task ':flutter_local_notifications:generateDebugRFile', task ':flutter_local_notifications:compileDebugKotlin', task ':flutter_local_notifications:javaPreCompileDebug', task ':flutter_local_notifications:compileDebugJavaWithJavac', task ':flutter_local_notifications:bundleLibCompileToJarDebug', task ':flutter_plugin_android_lifecycle:checkKotlinGradlePluginConfigurationErrors', task ':flutter_plugin_android_lifecycle:generateDebugResources', task ':flutter_plugin_android_lifecycle:packageDebugResources', task ':flutter_plugin_android_lifecycle:parseDebugLocalResources', task ':flutter_plugin_android_lifecycle:generateDebugRFile', task ':flutter_plugin_android_lifecycle:compileDebugKotlin', task ':flutter_plugin_android_lifecycle:javaPreCompileDebug', task ':flutter_plugin_android_lifecycle:compileDebugJavaWithJavac', task ':flutter_plugin_android_lifecycle:bundleLibCompileToJarDebug', task ':flutter_secure_storage:checkKotlinGradlePluginConfigurationErrors', task ':flutter_secure_storage:generateDebugBuildConfig', task ':flutter_secure_storage:generateDebugResources', task ':flutter_secure_storage:packageDebugResources', task ':flutter_secure_storage:parseDebugLocalResources', task ':flutter_secure_storage:generateDebugRFile', task ':flutter_secure_storage:compileDebugKotlin', task ':flutter_secure_storage:javaPreCompileDebug', task ':flutter_secure_storage:compileDebugJavaWithJavac', task ':flutter_secure_storage:bundleLibCompileToJarDebug', task ':jni:checkKotlinGradlePluginConfigurationErrors', task ':jni:generateDebugResources', task ':jni:packageDebugResources', task ':jni:parseDebugLocalResources', task ':jni:generateDebugRFile', task ':jni:compileDebugKotlin', task ':jni:javaPreCompileDebug', task ':jni:compileDebugJavaWithJavac', task ':jni:bundleLibCompileToJarDebug', task ':jni_flutter:checkKotlinGradlePluginConfigurationErrors', task ':jni_flutter:generateDebugResources', task ':jni_flutter:packageDebugResources', task ':jni_flutter:parseDebugLocalResources', task ':jni_flutter:generateDebugRFile', task ':jni_flutter:compileDebugKotlin', task ':jni_flutter:javaPreCompileDebug', task ':jni_flutter:compileDebugJavaWithJavac', task ':jni_flutter:bundleLibCompileToJarDebug', task ':local_auth_android:checkKotlinGradlePluginConfigurationErrors', task ':local_auth_android:generateDebugResources', task ':local_auth_android:packageDebugResources', task ':local_auth_android:parseDebugLocalResources', task ':local_auth_android:generateDebugRFile', task ':local_auth_android:compileDebugKotlin', task ':local_auth_android:javaPreCompileDebug', task ':local_auth_android:compileDebugJavaWithJavac', task ':local_auth_android:bundleLibCompileToJarDebug', task ':printing:checkKotlinGradlePluginConfigurationErrors', task ':printing:generateDebugResources', task ':printing:packageDebugResources', task ':printing:parseDebugLocalResources', task ':printing:generateDebugRFile', task ':printing:compileDebugKotlin', task ':printing:javaPreCompileDebug', task ':printing:compileDebugJavaWithJavac', task ':printing:bundleLibCompileToJarDebug', task ':share_plus:checkKotlinGradlePluginConfigurationErrors', task ':share_plus:generateDebugResources', task ':share_plus:packageDebugResources', task ':share_plus:parseDebugLocalResources', task ':share_plus:generateDebugRFile', task ':share_plus:compileDebugKotlin', task ':share_plus:javaPreCompileDebug', task ':share_plus:compileDebugJavaWithJavac', task ':share_plus:bundleLibCompileToJarDebug', task ':shared_preferences_android:checkKotlinGradlePluginConfigurationErrors', task ':shared_preferences_android:generateDebugResources', task ':shared_preferences_android:packageDebugResources', task ':shared_preferences_android:parseDebugLocalResources', task ':shared_preferences_android:generateDebugRFile', task ':shared_preferences_android:compileDebugKotlin', task ':shared_preferences_android:javaPreCompileDebug', task ':shared_preferences_android:compileDebugJavaWithJavac', task ':shared_preferences_android:bundleLibCompileToJarDebug', task ':speech_to_text:checkKotlinGradlePluginConfigurationErrors', task ':speech_to_text:generateDebugResources', task ':speech_to_text:packageDebugResources', task ':speech_to_text:parseDebugLocalResources', task ':speech_to_text:generateDebugRFile', task ':speech_to_text:compileDebugKotlin', task ':speech_to_text:javaPreCompileDebug', task ':speech_to_text:compileDebugJavaWithJavac', task ':speech_to_text:bundleLibCompileToJarDebug', task ':whisper_cpp_flutter_plus:checkKotlinGradlePluginConfigurationErrors', task ':whisper_cpp_flutter_plus:generateDebugResources', task ':whisper_cpp_flutter_plus:packageDebugResources', task ':whisper_cpp_flutter_plus:parseDebugLocalResources', task ':whisper_cpp_flutter_plus:generateDebugRFile', task ':whisper_cpp_flutter_plus:compileDebugKotlin', task ':whisper_cpp_flutter_plus:javaPreCompileDebug', task ':whisper_cpp_flutter_plus:compileDebugJavaWithJavac', task ':whisper_cpp_flutter_plus:bundleLibCompileToJarDebug', task ':app:compileDebugKotlin', task ':app:javaPreCompileDebug', task ':app:compileDebugJavaWithJavac', task ':app:compressDebugAssets', task ':app:l8DexDesugarLibDebug', task ':android_file_picker:bundleLibRuntimeToJarDebug', task ':flutter_local_notifications:bundleLibRuntimeToJarDebug', task ':local_auth_android:bundleLibRuntimeToJarDebug', task ':flutter_plugin_android_lifecycle:bundleLibRuntimeToJarDebug', task ':flutter_secure_storage:bundleLibRuntimeToJarDebug', task ':jni_flutter:bundleLibRuntimeToJarDebug', task ':jni:bundleLibRuntimeToJarDebug', task ':printing:bundleLibRuntimeToJarDebug', task ':share_plus:bundleLibRuntimeToJarDebug', task ':shared_preferences_android:bundleLibRuntimeToJarDebug', task ':speech_to_text:bundleLibRuntimeToJarDebug', task ':whisper_cpp_flutter_plus:bundleLibRuntimeToJarDebug', task ':app:desugarDebugFileDependencies', task ':android_file_picker:mapDebugSourceSetPaths', task ':android_file_picker:compileDebugLibraryResources', task ':flutter_local_notifications:writeDebugAarMetadata', task ':flutter_plugin_android_lifecycle:writeDebugAarMetadata', task ':flutter_secure_storage:writeDebugAarMetadata', task ':jni:writeDebugAarMetadata', task ':jni_flutter:writeDebugAarMetadata', task ':local_auth_android:writeDebugAarMetadata', task ':printing:writeDebugAarMetadata', task ':share_plus:writeDebugAarMetadata', task ':shared_preferences_android:writeDebugAarMetadata', task ':speech_to_text:writeDebugAarMetadata', task ':whisper_cpp_flutter_plus:writeDebugAarMetadata', task ':app:checkDebugAarMetadata', task ':app:mapDebugSourceSetPaths', task ':app:compileDebugNavigationResources', task ':app:mergeDebugResources', task ':app:createDebugCompatibleScreenManifests', task ':android_file_picker:extractDeepLinksDebug', task ':app:extractDeepLinksDebug', task ':flutter_local_notifications:extractDeepLinksDebug', task ':flutter_local_notifications:processDebugManifest', task ':flutter_plugin_android_lifecycle:extractDeepLinksDebug', task ':flutter_plugin_android_lifecycle:processDebugManifest', task ':flutter_secure_storage:extractDeepLinksDebug', task ':flutter_secure_storage:processDebugManifest', task ':jni:extractDeepLinksDebug', task ':jni:processDebugManifest', task ':jni_flutter:extractDeepLinksDebug', task ':jni_flutter:processDebugManifest', task ':local_auth_android:extractDeepLinksDebug', task ':local_auth_android:processDebugManifest', task ':printing:extractDeepLinksDebug', task ':printing:processDebugManifest', task ':share_plus:extractDeepLinksDebug', task ':share_plus:processDebugManifest', task ':shared_preferences_android:extractDeepLinksDebug', task ':shared_preferences_android:processDebugManifest', task ':speech_to_text:extractDeepLinksDebug', task ':speech_to_text:processDebugManifest', task ':whisper_cpp_flutter_plus:extractDeepLinksDebug', task ':whisper_cpp_flutter_plus:processDebugManifest', task ':app:processDebugMainManifest', task ':app:outputDebugAppLinkSettings', task ':app:processDebugManifest', task ':app:processDebugManifestForPackage', task ':flutter_local_notifications:mapDebugSourceSetPaths', task ':flutter_local_notifications:compileDebugLibraryResources', task ':flutter_plugin_android_lifecycle:mapDebugSourceSetPaths', task ':flutter_plugin_android_lifecycle:compileDebugLibraryResources', task ':flutter_secure_storage:mapDebugSourceSetPaths', task ':flutter_secure_storage:compileDebugLibraryResources', task ':jni:mapDebugSourceSetPaths', task ':jni:compileDebugLibraryResources', task ':jni_flutter:mapDebugSourceSetPaths', task ':jni_flutter:compileDebugLibraryResources', task ':local_auth_android:mapDebugSourceSetPaths', task ':local_auth_android:compileDebugLibraryResources', task ':printing:mapDebugSourceSetPaths', task ':printing:compileDebugLibraryResources', task ':share_plus:mapDebugSourceSetPaths', task ':share_plus:compileDebugLibraryResources', task ':shared_preferences_android:mapDebugSourceSetPaths', task ':shared_preferences_android:compileDebugLibraryResources', task ':speech_to_text:mapDebugSourceSetPaths', task ':speech_to_text:compileDebugLibraryResources', task ':whisper_cpp_flutter_plus:mapDebugSourceSetPaths', task ':whisper_cpp_flutter_plus:compileDebugLibraryResources', task ':app:processDebugResources', task ':app:dexBuilderDebug', task ':app:mergeDebugGlobalSynthetics', task ':app:processDebugJavaRes', task ':flutter_local_notifications:processDebugJavaRes', task ':flutter_plugin_android_lifecycle:processDebugJavaRes', task ':flutter_secure_storage:processDebugJavaRes', task ':jni:processDebugJavaRes', task ':jni_flutter:processDebugJavaRes', task ':local_auth_android:processDebugJavaRes', task ':printing:processDebugJavaRes', task ':share_plus:processDebugJavaRes', task ':shared_preferences_android:processDebugJavaRes', task ':speech_to_text:processDebugJavaRes', task ':whisper_cpp_flutter_plus:processDebugJavaRes', task ':app:mergeDebugJavaResource', task ':app:checkDebugDuplicateClasses', task ':app:mergeExtDexDebug', task ':android_file_picker:bundleLibRuntimeToDirDebug', task ':flutter_local_notifications:bundleLibRuntimeToDirDebug', task ':local_auth_android:bundleLibRuntimeToDirDebug', task ':flutter_plugin_android_lifecycle:bundleLibRuntimeToDirDebug', task ':flutter_secure_storage:bundleLibRuntimeToDirDebug', task ':jni_flutter:bundleLibRuntimeToDirDebug', task ':jni:bundleLibRuntimeToDirDebug', task ':printing:bundleLibRuntimeToDirDebug', task ':share_plus:bundleLibRuntimeToDirDebug', task ':shared_preferences_android:bundleLibRuntimeToDirDebug', task ':speech_to_text:bundleLibRuntimeToDirDebug', task ':whisper_cpp_flutter_plus:bundleLibRuntimeToDirDebug', task ':app:mergeLibDexDebug', task ':app:mergeProjectDexDebug', task ':android_file_picker:copyDebugJniLibsProjectOnly', task ':app:copyJniLibsflutterBuildDebug', task ':app:mergeDebugJniLibFolders', task ':flutter_local_notifications:mergeDebugJniLibFolders', task ':flutter_local_notifications:mergeDebugNativeLibs', task ':flutter_local_notifications:copyDebugJniLibsProjectOnly', task ':flutter_plugin_android_lifecycle:mergeDebugJniLibFolders', task ':flutter_plugin_android_lifecycle:mergeDebugNativeLibs', task ':flutter_plugin_android_lifecycle:copyDebugJniLibsProjectOnly', task ':flutter_secure_storage:mergeDebugJniLibFolders', task ':flutter_secure_storage:mergeDebugNativeLibs', task ':flutter_secure_storage:copyDebugJniLibsProjectOnly', task ':jni:preProfileBuild', task ':jni:configureCMakeDebug[arm64-v8a]', task ':jni:buildCMakeDebug[arm64-v8a]', task ':jni:configureCMakeDebug[armeabi-v7a]', task ':jni:buildCMakeDebug[armeabi-v7a]', task ':jni:configureCMakeDebug[x86]', task ':jni:buildCMakeDebug[x86]', task ':jni:configureCMakeDebug[x86_64]', task ':jni:buildCMakeDebug[x86_64]', task ':jni:mergeDebugJniLibFolders', task ':jni:mergeDebugNativeLibs', task ':jni:copyDebugJniLibsProjectOnly', task ':jni_flutter:mergeDebugJniLibFolders', task ':jni_flutter:mergeDebugNativeLibs', task ':jni_flutter:copyDebugJniLibsProjectOnly', task ':local_auth_android:mergeDebugJniLibFolders', task ':local_auth_android:mergeDebugNativeLibs', task ':local_auth_android:copyDebugJniLibsProjectOnly', task ':printing:mergeDebugJniLibFolders', task ':printing:mergeDebugNativeLibs', task ':printing:copyDebugJniLibsProjectOnly', task ':share_plus:mergeDebugJniLibFolders', task ':share_plus:mergeDebugNativeLibs', task ':share_plus:copyDebugJniLibsProjectOnly', task ':shared_preferences_android:mergeDebugJniLibFolders', task ':shared_preferences_android:mergeDebugNativeLibs', task ':shared_preferences_android:copyDebugJniLibsProjectOnly', task ':speech_to_text:mergeDebugJniLibFolders', task ':speech_to_text:mergeDebugNativeLibs', task ':speech_to_text:copyDebugJniLibsProjectOnly', task ':whisper_cpp_flutter_plus:preProfileBuild', task ':whisper_cpp_flutter_plus:configureCMakeDebug[arm64-v8a]', task ':whisper_cpp_flutter_plus:buildCMakeDebug[arm64-v8a]', task ':whisper_cpp_flutter_plus:configureCMakeDebug[armeabi-v7a]', task ':whisper_cpp_flutter_plus:buildCMakeDebug[armeabi-v7a]', task ':whisper_cpp_flutter_plus:mergeDebugJniLibFolders', task ':whisper_cpp_flutter_plus:mergeDebugNativeLibs', task ':whisper_cpp_flutter_plus:copyDebugJniLibsProjectOnly', task ':app:mergeDebugNativeLibs', task ':app:stripDebugDebugSymbols', task ':app:validateSigningDebug', task ':app:writeDebugAppMetadata', task ':app:writeDebugSigningConfigVersions', task ':app:packageDebug', task ':app:createDebugApkListingFileRedirect', task ':app:assembleDebug', task ':flutter_local_notifications:checkDebugAarMetadata', task ':flutter_local_notifications:stripDebugDebugSymbols', task ':flutter_local_notifications:copyDebugJniLibsProjectAndLocalJars', task ':flutter_local_notifications:extractDebugAnnotations', task ':flutter_local_notifications:extractDeepLinksForAarDebug', task ':flutter_local_notifications:mergeDebugGeneratedProguardFiles', task ':flutter_local_notifications:mergeDebugConsumerProguardFiles', task ':flutter_local_notifications:prepareDebugArtProfile', task ':flutter_local_notifications:prepareLintJarForPublish', task ':flutter_local_notifications:mergeDebugJavaResource', task ':flutter_local_notifications:syncDebugLibJars', task ':flutter_local_notifications:bundleDebugAar', task ':flutter_local_notifications:assembleDebug', task ':flutter_plugin_android_lifecycle:checkDebugAarMetadata', task ':flutter_plugin_android_lifecycle:stripDebugDebugSymbols', task ':flutter_plugin_android_lifecycle:copyDebugJniLibsProjectAndLocalJars', task ':flutter_plugin_android_lifecycle:extractDebugAnnotations', task ':flutter_plugin_android_lifecycle:extractDeepLinksForAarDebug', task ':flutter_plugin_android_lifecycle:mergeDebugGeneratedProguardFiles', task ':flutter_plugin_android_lifecycle:mergeDebugConsumerProguardFiles', task ':flutter_plugin_android_lifecycle:prepareDebugArtProfile', task ':flutter_plugin_android_lifecycle:prepareLintJarForPublish', task ':flutter_plugin_android_lifecycle:mergeDebugJavaResource', task ':flutter_plugin_android_lifecycle:syncDebugLibJars', task ':flutter_plugin_android_lifecycle:bundleDebugAar', task ':flutter_plugin_android_lifecycle:assembleDebug', task ':flutter_secure_storage:checkDebugAarMetadata', task ':flutter_secure_storage:stripDebugDebugSymbols', task ':flutter_secure_storage:copyDebugJniLibsProjectAndLocalJars', task ':flutter_secure_storage:extractDebugAnnotations', task ':flutter_secure_storage:extractDeepLinksForAarDebug', task ':flutter_secure_storage:mergeDebugGeneratedProguardFiles', task ':flutter_secure_storage:mergeDebugConsumerProguardFiles', task ':flutter_secure_storage:prepareDebugArtProfile', task ':flutter_secure_storage:prepareLintJarForPublish', task ':flutter_secure_storage:mergeDebugJavaResource', task ':flutter_secure_storage:syncDebugLibJars', task ':flutter_secure_storage:bundleDebugAar', task ':flutter_secure_storage:assembleDebug', task ':jni:checkDebugAarMetadata', task ':jni:stripDebugDebugSymbols', task ':jni:copyDebugJniLibsProjectAndLocalJars', task ':jni:extractDebugAnnotations', task ':jni:extractDeepLinksForAarDebug', task ':jni:mergeDebugGeneratedProguardFiles', task ':jni:mergeDebugConsumerProguardFiles', task ':jni:prepareDebugArtProfile', task ':jni:prepareLintJarForPublish', task ':jni:mergeDebugJavaResource', task ':jni:syncDebugLibJars', task ':jni:bundleDebugAar', task ':jni:assembleDebug', task ':jni_flutter:checkDebugAarMetadata', task ':jni_flutter:stripDebugDebugSymbols', task ':jni_flutter:copyDebugJniLibsProjectAndLocalJars', task ':jni_flutter:extractDebugAnnotations', task ':jni_flutter:extractDeepLinksForAarDebug', task ':jni_flutter:mergeDebugGeneratedProguardFiles', task ':jni_flutter:mergeDebugConsumerProguardFiles', task ':jni_flutter:prepareDebugArtProfile', task ':jni_flutter:prepareLintJarForPublish', task ':jni_flutter:mergeDebugJavaResource', task ':jni_flutter:syncDebugLibJars', task ':jni_flutter:bundleDebugAar', task ':jni_flutter:assembleDebug', task ':local_auth_android:checkDebugAarMetadata', task ':local_auth_android:stripDebugDebugSymbols', task ':local_auth_android:copyDebugJniLibsProjectAndLocalJars', task ':local_auth_android:extractDebugAnnotations', task ':local_auth_android:extractDeepLinksForAarDebug', task ':local_auth_android:mergeDebugGeneratedProguardFiles', task ':local_auth_android:mergeDebugConsumerProguardFiles', task ':local_auth_android:prepareDebugArtProfile', task ':local_auth_android:prepareLintJarForPublish', task ':local_auth_android:mergeDebugJavaResource', task ':local_auth_android:syncDebugLibJars', task ':local_auth_android:bundleDebugAar', task ':local_auth_android:assembleDebug', task ':printing:checkDebugAarMetadata', task ':printing:stripDebugDebugSymbols', task ':printing:copyDebugJniLibsProjectAndLocalJars', task ':printing:extractDebugAnnotations', task ':printing:extractDeepLinksForAarDebug', task ':printing:mergeDebugGeneratedProguardFiles', task ':printing:mergeDebugConsumerProguardFiles', task ':printing:prepareDebugArtProfile', task ':printing:prepareLintJarForPublish', task ':printing:mergeDebugJavaResource', task ':printing:syncDebugLibJars', task ':printing:bundleDebugAar', task ':printing:assembleDebug', task ':share_plus:checkDebugAarMetadata', task ':share_plus:stripDebugDebugSymbols', task ':share_plus:copyDebugJniLibsProjectAndLocalJars', task ':share_plus:extractDebugAnnotations', task ':share_plus:extractDeepLinksForAarDebug', task ':share_plus:mergeDebugGeneratedProguardFiles', task ':share_plus:mergeDebugConsumerProguardFiles', task ':share_plus:prepareDebugArtProfile', task ':share_plus:prepareLintJarForPublish', task ':share_plus:mergeDebugJavaResource', task ':share_plus:syncDebugLibJars', task ':share_plus:bundleDebugAar', task ':share_plus:assembleDebug', task ':shared_preferences_android:checkDebugAarMetadata', task ':shared_preferences_android:stripDebugDebugSymbols', task ':shared_preferences_android:copyDebugJniLibsProjectAndLocalJars', task ':shared_preferences_android:extractDebugAnnotations', task ':shared_preferences_android:extractDeepLinksForAarDebug', task ':shared_preferences_android:mergeDebugGeneratedProguardFiles', task ':shared_preferences_android:mergeDebugConsumerProguardFiles', task ':shared_preferences_android:prepareDebugArtProfile', task ':shared_preferences_android:prepareLintJarForPublish', task ':shared_preferences_android:mergeDebugJavaResource', task ':shared_preferences_android:syncDebugLibJars', task ':shared_preferences_android:bundleDebugAar', task ':shared_preferences_android:assembleDebug', task ':speech_to_text:checkDebugAarMetadata', task ':speech_to_text:stripDebugDebugSymbols', task ':speech_to_text:copyDebugJniLibsProjectAndLocalJars', task ':speech_to_text:extractDebugAnnotations', task ':speech_to_text:extractDeepLinksForAarDebug', task ':speech_to_text:mergeDebugGeneratedProguardFiles', task ':speech_to_text:mergeDebugConsumerProguardFiles', task ':speech_to_text:prepareDebugArtProfile', task ':speech_to_text:prepareLintJarForPublish', task ':speech_to_text:mergeDebugJavaResource', task ':speech_to_text:syncDebugLibJars', task ':speech_to_text:bundleDebugAar', task ':speech_to_text:assembleDebug', task ':whisper_cpp_flutter_plus:checkDebugAarMetadata', task ':whisper_cpp_flutter_plus:stripDebugDebugSymbols', task ':whisper_cpp_flutter_plus:copyDebugJniLibsProjectAndLocalJars', task ':whisper_cpp_flutter_plus:extractDebugAnnotations', task ':whisper_cpp_flutter_plus:extractDeepLinksForAarDebug', task ':whisper_cpp_flutter_plus:mergeDebugGeneratedProguardFiles', task ':whisper_cpp_flutter_plus:mergeDebugConsumerProguardFiles', task ':whisper_cpp_flutter_plus:prepareDebugArtProfile', task ':whisper_cpp_flutter_plus:prepareLintJarForPublish', task ':whisper_cpp_flutter_plus:mergeDebugJavaResource', task ':whisper_cpp_flutter_plus:syncDebugLibJars', task ':whisper_cpp_flutter_plus:bundleDebugAar', task ':whisper_cpp_flutter_plus:assembleDebug']
[        ] Tasks that were excluded: []
[        ] work action Parameters of IdentityTransform (Thread[#55,included builds,5,main]) started.
[        ] work action Parameters of DexingNoClasspathTransform (Thread[#55,included builds,5,main]) started.
[  +96 ms] work action Parameters of DexingOutputSplitTransform (Thread[#55,included builds,5,main]) started.
[        ] work action Parameters of ClassesDirToClassesTransform (Thread[#55,included builds,5,main]) started.
[        ] work action Parameters of DexingOutputSplitTransform (Thread[#55,included builds,5,main]) started.
[        ] Resolve mutations for :android_file_picker:preBuild (Thread[#55,included builds,5,main]) started.
[        ] :android_file_picker:preBuild (Thread[#55,included builds,5,main]) started.
[        ] > Task :android_file_picker:preBuild UP-TO-DATE
[        ] Skipping task ':android_file_picker:preBuild' as it has no actions.
[        ] Resolve mutations for :android_file_picker:preDebugBuild (Thread[#55,included builds,5,main]) started.
[        ] :android_file_picker:preDebugBuild (Thread[#55,included builds,5,main]) started.
[        ] > Task :android_file_picker:preDebugBuild UP-TO-DATE
[        ] Skipping task ':android_file_picker:preDebugBuild' as it has no actions.
[        ] Resolve mutations for :android_file_picker:checkDebugAarMetadata (Thread[#55,included builds,5,main]) started.
[        ] :android_file_picker:checkDebugAarMetadata (Thread[#55,included builds,5,main]) started.
[  +99 ms] > Task :android_file_picker:checkDebugAarMetadata UP-TO-DATE
[        ] Caching disabled for task ':android_file_picker:checkDebugAarMetadata' because:
[        ]   Build cache is disabled
[        ]   Caching has been disabled for the task
[        ] Skipping task ':android_file_picker:checkDebugAarMetadata' as it is up-to-date.
[        ] Resolve mutations for :android_file_picker:mergeDebugJniLibFolders (Thread[#55,included builds,5,main]) started.
[        ] :android_file_picker:mergeDebugJniLibFolders (Thread[#55,included builds,5,main]) started.
[        ] > Task :android_file_picker:mergeDebugJniLibFolders UP-TO-DATE
[        ] Caching disabled for task ':android_file_picker:mergeDebugJniLibFolders' because:
[        ]   Build cache is disabled
[        ]   Simple merging task
[        ] Skipping task ':android_file_picker:mergeDebugJniLibFolders' as it is up-to-date.
[        ] Resolve mutations for :android_file_picker:mergeDebugNativeLibs (Thread[#55,included builds,5,main]) started.
[        ] :android_file_picker:mergeDebugNativeLibs (Thread[#55,included builds,5,main]) started.
[        ] > Task :android_file_picker:mergeDebugNativeLibs NO-SOURCE
[        ] Skipping task ':android_file_picker:mergeDebugNativeLibs' as it has no source files and no previous output files.
[        ] Resolve mutations for :android_file_picker:stripDebugDebugSymbols (Thread[#55,included builds,5,main]) started.
[        ] :android_file_picker:stripDebugDebugSymbols (Thread[#55,included builds,5,main]) started.
[        ] > Task :android_file_picker:stripDebugDebugSymbols NO-SOURCE
[        ] Skipping task ':android_file_picker:stripDebugDebugSymbols' as it has no source files and no previous output files.
[        ] Resolve mutations for :android_file_picker:copyDebugJniLibsProjectAndLocalJars (Thread[#55,included builds,5,main]) started.
[        ] :android_file_picker:copyDebugJniLibsProjectAndLocalJars (Thread[#55,included builds,5,main]) started.
[        ] > Task :android_file_picker:copyDebugJniLibsProjectAndLocalJars UP-TO-DATE
[        ] Caching disabled for task ':android_file_picker:copyDebugJniLibsProjectAndLocalJars' because:
[        ]   Build cache is disabled
[        ]   Caching has been disabled for the task
[        ] Skipping task ':android_file_picker:copyDebugJniLibsProjectAndLocalJars' as it is up-to-date.
[        ] Resolve mutations for :android_file_picker:checkKotlinGradlePluginConfigurationErrors (Thread[#55,included builds,5,main]) started.
[        ] :android_file_picker:checkKotlinGradlePluginConfigurationErrors (Thread[#55,included builds,5,main]) started.
[        ] > Task :android_file_picker:checkKotlinGradlePluginConfigurationErrors SKIPPED
[        ] Skipping task ':android_file_picker:checkKotlinGradlePluginConfigurationErrors' as task onlyIf 'errorDiagnostics are present' is false.
[        ] Resolve mutations for :android_file_picker:generateDebugResources (Thread[#55,included builds,5,main]) started.
[        ] :android_file_picker:generateDebugResources (Thread[#55,included builds,5,main]) started.
[        ] > Task :android_file_picker:generateDebugResources UP-TO-DATE
[        ] Caching disabled for task ':android_file_picker:generateDebugResources' because:
[        ]   Build cache is disabled
[        ] Skipping task ':android_file_picker:generateDebugResources' as it is up-to-date.
[        ] Resolve mutations for :android_file_picker:packageDebugResources (Thread[#55,included builds,5,main]) started.
[        ] :android_file_picker:packageDebugResources (Thread[#55,included builds,5,main]) started.
[        ] > Task :android_file_picker:packageDebugResources UP-TO-DATE
[        ] Caching disabled for task ':android_file_picker:packageDebugResources' because:
[        ]   Build cache is disabled
[        ] Skipping task ':android_file_picker:packageDebugResources' as it is up-to-date.
[        ] work action resolve packageDebugResources (project :android_file_picker) (Thread[#55,included builds,5,main]) started.
[        ] Resolve mutations for :android_file_picker:processDebugNavigationResources (Thread[#55,included builds,5,main]) started.
[        ] :android_file_picker:processDebugNavigationResources (Thread[#55,included builds,5,main]) started.
[        ] > Task :android_file_picker:processDebugNavigationResources UP-TO-DATE
[        ] Caching disabled for task ':android_file_picker:processDebugNavigationResources' because:
[        ]   Build cache is disabled
[        ] Skipping task ':android_file_picker:processDebugNavigationResources' as it is up-to-date.
[        ] work action resolve debug (project :android_file_picker) (Thread[#55,included builds,5,main]) started.
[        ] Resolve mutations for :android_file_picker:parseDebugLocalResources (Thread[#55,included builds,5,main]) started.
[        ] :android_file_picker:parseDebugLocalResources (Thread[#55,included builds,5,main]) started.
[        ] > Task :android_file_picker:parseDebugLocalResources UP-TO-DATE
[        ] Caching disabled for task ':android_file_picker:parseDebugLocalResources' because:
[        ]   Build cache is disabled
[        ] Skipping task ':android_file_picker:parseDebugLocalResources' as it is up-to-date.
[        ] Resolve mutations for :android_file_picker:generateDebugRFile (Thread[#55,included builds,5,main]) started.
[        ] :android_file_picker:generateDebugRFile (Thread[#55,included builds,5,main]) started.
[        ] > Task :android_file_picker:generateDebugRFile UP-TO-DATE
[        ] Caching disabled for task ':android_file_picker:generateDebugRFile' because:
[        ]   Build cache is disabled
[        ] Skipping task ':android_file_picker:generateDebugRFile' as it is up-to-date.
[        ] work action resolve package-aware-r.txt (project :android_file_picker) (Thread[#55,included builds,5,main]) started.
[        ] Resolve mutations for :android_file_picker:compileDebugKotlin (Thread[#55,included builds,5,main]) started.
[        ] :android_file_picker:compileDebugKotlin (Thread[#55,included builds,5,main]) started.
[  +97 ms] > Task :android_file_picker:compileDebugKotlin UP-TO-DATE
[        ] Adding -Xuse-inline-scopes-numbers Kotlin compiler flag for task :android_file_picker:compileDebugAndroidTestKotlin
[        ] Caching disabled for task ':android_file_picker:compileDebugKotlin' because:
[        ]   Build cache is disabled
[        ] Skipping task ':android_file_picker:compileDebugKotlin' as it is up-to-date.
[        ] Resolve mutations for :android_file_picker:extractDebugAnnotations (Thread[#55,included builds,5,main]) started.
[        ] :android_file_picker:extractDebugAnnotations (Thread[#55,included builds,5,main]) started.
[        ] > Task :android_file_picker:extractDebugAnnotations UP-TO-DATE
[        ] Caching disabled for task ':android_file_picker:extractDebugAnnotations' because:
[        ]   Build cache is disabled
[        ] Skipping task ':android_file_picker:extractDebugAnnotations' as it is up-to-date.
[        ] Resolve mutations for :android_file_picker:extractDeepLinksForAarDebug (Thread[#55,included builds,5,main]) started.
[        ] :android_file_picker:extractDeepLinksForAarDebug (Thread[#55,included builds,5,main]) started.
[        ] > Task :android_file_picker:extractDeepLinksForAarDebug UP-TO-DATE
[        ] Caching disabled for task ':android_file_picker:extractDeepLinksForAarDebug' because:
[        ]   Build cache is disabled
[        ] Skipping task ':android_file_picker:extractDeepLinksForAarDebug' as it is up-to-date.
[        ] Resolve mutations for :android_file_picker:generateDebugAssets (Thread[#55,included builds,5,main]) started.
[        ] :android_file_picker:generateDebugAssets (Thread[#55,included builds,5,main]) started.
[        ] > Task :android_file_picker:generateDebugAssets UP-TO-DATE
[        ] Skipping task ':android_file_picker:generateDebugAssets' as it has no actions.
[        ] Resolve mutations for :android_file_picker:mergeDebugAssets (Thread[#55,included builds,5,main]) started.
[        ] :android_file_picker:mergeDebugAssets (Thread[#55,included builds,5,main]) started.
[        ] > Task :android_file_picker:mergeDebugAssets UP-TO-DATE
[        ] Caching disabled for task ':android_file_picker:mergeDebugAssets' because:
[        ]   Build cache is disabled
[        ]   Simple merging task
[        ] Skipping task ':android_file_picker:mergeDebugAssets' as it is up-to-date.
[        ] work action resolve mergeDebugAssets (project :android_file_picker) (Thread[#55,included builds,5,main]) started.
[        ] Resolve mutations for :android_file_picker:javaPreCompileDebug (Thread[#55,included builds,5,main]) started.
[        ] :android_file_picker:javaPreCompileDebug (Thread[#55,included builds,5,main]) started.
[        ] > Task :android_file_picker:javaPreCompileDebug UP-TO-DATE
[        ] Caching disabled for task ':android_file_picker:javaPreCompileDebug' because:
[        ]   Build cache is disabled
[        ] Skipping task ':android_file_picker:javaPreCompileDebug' as it is up-to-date.
[        ] Resolve mutations for :android_file_picker:compileDebugJavaWithJavac (Thread[#55,included builds,5,main]) started.
[        ] :android_file_picker:compileDebugJavaWithJavac (Thread[#55,included builds,5,main]) started.
[        ] > Task :android_file_picker:compileDebugJavaWithJavac NO-SOURCE
[        ] Skipping task ':android_file_picker:compileDebugJavaWithJavac' as it has no source files and no previous output files.
[        ] Resolve mutations for :android_file_picker:mergeDebugGeneratedProguardFiles (Thread[#55,included builds,5,main]) started.
[        ] :android_file_picker:mergeDebugGeneratedProguardFiles (Thread[#55,included builds,5,main]) started.
[        ] > Task :android_file_picker:mergeDebugGeneratedProguardFiles UP-TO-DATE
[        ] Caching disabled for task ':android_file_picker:mergeDebugGeneratedProguardFiles' because:
[        ]   Build cache is disabled
[        ]   Simple merging task
[        ] Skipping task ':android_file_picker:mergeDebugGeneratedProguardFiles' as it is up-to-date.
[        ] Resolve mutations for :android_file_picker:mergeDebugConsumerProguardFiles (Thread[#55,included builds,5,main]) started.
[        ] :android_file_picker:mergeDebugConsumerProguardFiles (Thread[#55,included builds,5,main]) started.
[        ] > Task :android_file_picker:mergeDebugConsumerProguardFiles UP-TO-DATE
[        ] Caching disabled for task ':android_file_picker:mergeDebugConsumerProguardFiles' because:
[        ]   Build cache is disabled
[        ]   Simple merging task
[        ] Skipping task ':android_file_picker:mergeDebugConsumerProguardFiles' as it is up-to-date.
[        ] Resolve mutations for :android_file_picker:prepareDebugArtProfile (Thread[#55,included builds,5,main]) started.
[        ] :android_file_picker:prepareDebugArtProfile (Thread[#55,included builds,5,main]) started.
[        ] > Task :android_file_picker:prepareDebugArtProfile UP-TO-DATE
[        ] Caching disabled for task ':android_file_picker:prepareDebugArtProfile' because:
[        ]   Build cache is disabled
[        ]   Caching has been disabled for the task
[        ] Skipping task ':android_file_picker:prepareDebugArtProfile' as it is up-to-date.
[        ] Resolve mutations for :android_file_picker:prepareLintJarForPublish (Thread[#55,included builds,5,main]) started.
[        ] :android_file_picker:prepareLintJarForPublish (Thread[#55,included builds,5,main]) started.
[        ] > Task :android_file_picker:prepareLintJarForPublish UP-TO-DATE
[        ] Caching disabled for task ':android_file_picker:prepareLintJarForPublish' because:
[        ]   Build cache is disabled
[        ]   Caching has been disabled for the task
[        ] Skipping task ':android_file_picker:prepareLintJarForPublish' as it is up-to-date.
[        ] Resolve mutations for :android_file_picker:processDebugManifest (Thread[#55,included builds,5,main]) started.
[        ] :android_file_picker:processDebugManifest (Thread[#55,included builds,5,main]) started.
[        ] > Task :android_file_picker:processDebugManifest UP-TO-DATE
[        ] Caching disabled for task ':android_file_picker:processDebugManifest' because:
[        ]   Build cache is disabled
[        ] Skipping task ':android_file_picker:processDebugManifest' as it is up-to-date.
[        ] work action resolve AndroidManifest.xml (project :android_file_picker) (Thread[#55,included builds,5,main]) started.
[        ] Resolve mutations for :android_file_picker:processDebugJavaRes (Thread[#55,included builds,5,main]) started.
[        ] :android_file_picker:processDebugJavaRes (Thread[#55,included builds,5,main]) started.
[        ] > Task :android_file_picker:processDebugJavaRes UP-TO-DATE
[        ] file or directory '/home/ubuntu/.pub-cache/hosted/pub.dev/android_file_picker-1.0.1/android/src/main/resources', not found
[        ] file or directory '/home/ubuntu/.pub-cache/hosted/pub.dev/android_file_picker-1.0.1/android/src/debug/resources', not found
[        ] Caching disabled for task ':android_file_picker:processDebugJavaRes' because:
[        ]   Build cache is disabled
[        ]   Caching has been disabled for the task
[        ] Skipping task ':android_file_picker:processDebugJavaRes' as it is up-to-date.
[        ] work action resolve out (project :android_file_picker) (Thread[#55,included builds,5,main]) started.
[        ] Resolve mutations for :android_file_picker:mergeDebugJavaResource (Thread[#55,included builds,5,main]) started.
[        ] :android_file_picker:mergeDebugJavaResource (Thread[#55,included builds,5,main]) started.
[        ] > Task :android_file_picker:mergeDebugJavaResource UP-TO-DATE
[        ] Caching disabled for task ':android_file_picker:mergeDebugJavaResource' because:
[        ]   Build cache is disabled
[        ]   Caching has been disabled for the task
[        ] Skipping task ':android_file_picker:mergeDebugJavaResource' as it is up-to-date.
[        ] Resolve mutations for :android_file_picker:syncDebugLibJars (Thread[#55,included builds,5,main]) started.
[        ] :android_file_picker:syncDebugLibJars (Thread[#55,included builds,5,main]) started.
[        ] > Task :android_file_picker:syncDebugLibJars UP-TO-DATE
[        ] Caching disabled for task ':android_file_picker:syncDebugLibJars' because:
[        ]   Build cache is disabled
[        ] Skipping task ':android_file_picker:syncDebugLibJars' as it is up-to-date.
[        ] Resolve mutations for :android_file_picker:writeDebugAarMetadata (Thread[#55,included builds,5,main]) started.
[        ] :android_file_picker:writeDebugAarMetadata (Thread[#55,included builds,5,main]) started.
[        ] > Task :android_file_picker:writeDebugAarMetadata UP-TO-DATE
[        ] Caching disabled for task ':android_file_picker:writeDebugAarMetadata' because:
[        ]   Build cache is disabled
[        ]   Caching has been disabled for the task
[        ] Skipping task ':android_file_picker:writeDebugAarMetadata' as it is up-to-date.
[        ] work action resolve aar-metadata.properties (project :android_file_picker) (Thread[#55,included builds,5,main]) started.
[        ] Resolve mutations for :android_file_picker:bundleDebugAar (Thread[#55,included builds,5,main]) started.
[        ] :android_file_picker:bundleDebugAar (Thread[#55,included builds,5,main]) started.
[        ] > Task :android_file_picker:bundleDebugAar UP-TO-DATE
[        ] Caching disabled for task ':android_file_picker:bundleDebugAar' because:
[        ]   Build cache is disabled
[        ]   Caching has been disabled for the task
[        ] Skipping task ':android_file_picker:bundleDebugAar' as it is up-to-date.
[        ] Resolve mutations for :android_file_picker:assembleDebug (Thread[#55,included builds,5,main]) started.
[        ] :android_file_picker:assembleDebug (Thread[#55,included builds,5,main]) started.
[        ] > Task :android_file_picker:assembleDebug UP-TO-DATE
[        ] Skipping task ':android_file_picker:assembleDebug' as it has no actions.
[        ] Resolve mutations for :app:DebugMinSdkCheck (Thread[#55,included builds,5,main]) started.
[        ] :app:DebugMinSdkCheck (Thread[#55,included builds,5,main]) started.
[        ] > Task :app:DebugMinSdkCheck
[        ] Caching disabled for task ':app:DebugMinSdkCheck' because:
[        ]   Build cache is disabled
[        ] Task ':app:DebugMinSdkCheck' is not up-to-date because:
[        ]   Task has not declared any outputs despite executing actions.
[        ] Resolve mutations for :app:validateCompileSdkVersion (Thread[#55,included builds,5,main]) started.
[        ] :app:validateCompileSdkVersion (Thread[#55,included builds,5,main]) started.
[        ] > Task :app:validateCompileSdkVersion
[        ] Caching disabled for task ':app:validateCompileSdkVersion' because:
[        ]   Build cache is disabled
[        ] Task ':app:validateCompileSdkVersion' is not up-to-date because:
[        ]   Task has not declared any outputs despite executing actions.
[        ] Resolve mutations for :app:preBuild (Thread[#55,included builds,5,main]) started.
[        ] :app:preBuild (Thread[#55,included builds,5,main]) started.
[        ] > Task :app:preBuild
[        ] Skipping task ':app:preBuild' as it has no actions.
[        ] Resolve mutations for :app:preDebugBuild (Thread[#55,included builds,5,main]) started.
[        ] :app:preDebugBuild (Thread[#55,included builds,5,main]) started.
[        ] > Task :app:preDebugBuild
[        ] Skipping task ':app:preDebugBuild' as it has no actions.
[        ] Resolve mutations for :app:mergeDebugNativeDebugMetadata (Thread[#55,included builds,5,main]) started.
[        ] :app:mergeDebugNativeDebugMetadata (Thread[#55,included builds,5,main]) started.
[        ] > Task :app:mergeDebugNativeDebugMetadata NO-SOURCE
[        ] Skipping task ':app:mergeDebugNativeDebugMetadata' as it has no source files and no previous output files.
[        ] Resolve mutations for :android_file_picker:bundleLibCompileToJarDebug (Thread[#55,included builds,5,main]) started.
[        ] :android_file_picker:bundleLibCompileToJarDebug (Thread[#55,included builds,5,main]) started.
[        ] > Task :android_file_picker:bundleLibCompileToJarDebug UP-TO-DATE
[        ] Caching disabled for task ':android_file_picker:bundleLibCompileToJarDebug' because:
[        ]   Build cache is disabled
[        ]   Simple merging task
[        ] Skipping task ':android_file_picker:bundleLibCompileToJarDebug' as it is up-to-date.
[        ] work action resolve classes.jar (project :android_file_picker) (Thread[#55,included builds,5,main]) started.
[        ] Resolve mutations for :app:checkKotlinGradlePluginConfigurationErrors (Thread[#55,included builds,5,main]) started.
[        ] :app:checkKotlinGradlePluginConfigurationErrors (Thread[#55,included builds,5,main]) started.
[        ] > Task :app:checkKotlinGradlePluginConfigurationErrors SKIPPED
[        ] Skipping task ':app:checkKotlinGradlePluginConfigurationErrors' as task onlyIf 'errorDiagnostics are present' is false.
[        ] Resolve mutations for :app:cleanMergeDebugAssets (Thread[#55,included builds,5,main]) started.
[        ] :app:cleanMergeDebugAssets (Thread[#55,included builds,5,main]) started.
[  +96 ms] > Task :app:cleanMergeDebugAssets
[        ] Caching disabled for task ':app:cleanMergeDebugAssets' because:
[        ]   Build cache is disabled
[        ] Task ':app:cleanMergeDebugAssets' is not up-to-date because:
[        ]   Task has not declared any outputs despite executing actions.
[        ] Resolve mutations for :app:compileFlutterBuildDebug (Thread[#55,included builds,5,main]) started.
[        ] :app:compileFlutterBuildDebug (Thread[#55,included builds,5,main]) started.
[+1999 ms] > Task :app:compileFlutterBuildDebug
[        ] Caching disabled for task ':app:compileFlutterBuildDebug' because:
[        ]   Build cache is disabled
[        ]   Caching has not been enabled for the task
[        ] Task ':app:compileFlutterBuildDebug' is not up-to-date because:
[        ]   Value of input property 'targetPlatformValues' has changed for task ':app:compileFlutterBuildDebug'
[        ] Starting process 'command '/home/ubuntu/flutter/bin/flutter''. Working directory: /home/ubuntu/FFM-source-2d123ad-v67 Command: /home/ubuntu/flutter/bin/flutter --verbose assemble --no-version-check --depfile /home/ubuntu/FFM-source-2d123ad-v67/build/app/intermediates/flutter/debug/flutter_build.d --output /home/ubuntu/FFM-source-2d123ad-v67/build/app/intermediates/flutter/debug -dTargetFile=lib/main.dart -dTargetPlatform=android -dBuildMode=debug -dTrackWidgetCreation=true --DartDefines=RkxVVFRFUl9CVUlMRF9OQU1FPTAuMS42Nw==,RkxVVFRFUl9CVUlMRF9OVU1CRVI9Njc=,RkxVVFRFUl9WRVJTSU9OPTMuNDcuMQ==,RkxVVFRFUl9DSEFOTkVMPXN0YWJsZQ==,RkxVVFRFUl9HSVRfVVJMPWh0dHBzOi8vZ2l0aHViLmNvbS9mbHV0dGVyL2ZsdXR0ZXIuZ2l0,RkxVVFRFUl9GUkFNRVdPUktfUkVWSVNJT049NjY1NTQ4MmVjMA==,RkxVVFRFUl9FTkdJTkVfUkVWSVNJT049NWQ1MzE3ODg2OQ==,RkxVVFRFUl9EQVJUX1ZFUlNJT049My4xMy4x -dFlavor= -dAndroidArchs=android-arm64 -dMinSdkVersion=26 debug_android_application
[        ] Successfully started process 'command '/home/ubuntu/flutter/bin/flutter''
[        ] [  +23 ms] Artifact Instance of 'MaterialFonts' is not required, skipping update.
[        ] [        ] Artifact Instance of 'GradleWrapper' is not required, skipping update.
[        ] [        ] Artifact Instance of 'AndroidGenSnapshotArtifacts' is not required, skipping update.
[        ] [        ] Artifact Instance of 'AndroidInternalBuildArtifacts' is not required, skipping update.
[        ] [        ] Artifact Instance of 'IOSEngineArtifacts' is not required, skipping update.
[        ] [        ] Artifact Instance of 'FlutterWebSdk' is not required, skipping update.
[        ] [        ] Artifact Instance of 'LegacyCanvasKitRemover' is not required, skipping update.
[        ] [        ] Artifact Instance of 'FlutterSdk' is not required, skipping update.
[        ] [        ] Artifact Instance of 'WindowsEngineArtifacts' is not required, skipping update.
[        ] [        ] Artifact Instance of 'MacOSEngineArtifacts' is not required, skipping update.
[        ] [        ] Artifact Instance of 'LinuxEngineArtifacts' is not required, skipping update.
[        ] [        ] Artifact Instance of 'LinuxFuchsiaSDKArtifacts' is not required, skipping update.
[        ] [        ] Artifact Instance of 'MacOSFuchsiaSDKArtifacts' is not required, skipping update.
[        ] [        ] Artifact Instance of 'FlutterRunnerSDKArtifacts' is not required, skipping update.
[        ] [        ] Artifact Instance of 'FlutterRunnerDebugSymbols' is not required, skipping update.
[        ] [        ] Artifact Instance of 'IosUsbArtifacts' is not required, skipping update.
[        ] [        ] Artifact Instance of 'IosUsbArtifacts' is not required, skipping update.
[        ] [        ] Artifact Instance of 'IosUsbArtifacts' is not required, skipping update.
[        ] [        ] Artifact Instance of 'IosUsbArtifacts' is not required, skipping update.
[        ] [        ] Artifact Instance of 'IosUsbArtifacts' is not required, skipping update.
[        ] [        ] Artifact Instance of 'IosUsbArtifacts' is not required, skipping update.
[        ] [        ] Artifact Instance of 'FontSubsetArtifacts' is not required, skipping update.
[        ] [        ] Artifact Instance of 'PubDependencies' is not required, skipping update.
[        ] [   +4 ms] Artifact Instance of 'AndroidGenSnapshotArtifacts' is not required, skipping update.
[        ] [        ] Artifact Instance of 'AndroidInternalBuildArtifacts' is not required, skipping update.
[        ] [        ] Artifact Instance of 'IOSEngineArtifacts' is not required, skipping update.
[        ] [        ] Artifact Instance of 'FlutterWebSdk' is not required, skipping update.
[        ] [        ] Artifact Instance of 'FlutterEngineStamp' is not required, skipping update.
[        ] [        ] Artifact Instance of 'LegacyCanvasKitRemover' is not required, skipping update.
[        ] [        ] Artifact Instance of 'WindowsEngineArtifacts' is not required, skipping update.
[        ] [        ] Artifact Instance of 'MacOSEngineArtifacts' is not required, skipping update.
[        ] [        ] Artifact Instance of 'LinuxEngineArtifacts' is not required, skipping update.
[        ] [        ] Artifact Instance of 'LinuxFuchsiaSDKArtifacts' is not required, skipping update.
[        ] [        ] Artifact Instance of 'MacOSFuchsiaSDKArtifacts' is not required, skipping update.
[        ] [        ] Artifact Instance of 'FlutterRunnerSDKArtifacts' is not required, skipping update.
[        ] [        ] Artifact Instance of 'FlutterRunnerDebugSymbols' is not required, skipping update.
[        ] [  +26 ms] Artifact Instance of 'MaterialFonts' is not required, skipping update.
[        ] [        ] Artifact Instance of 'GradleWrapper' is not required, skipping update.
[        ] [        ] Artifact Instance of 'AndroidInternalBuildArtifacts' is not required, skipping update.
[        ] [        ] Artifact Instance of 'IOSEngineArtifacts' is not required, skipping update.
[        ] [        ] Artifact Instance of 'FlutterWebSdk' is not required, skipping update.
[        ] [        ] Artifact Instance of 'FlutterEngineStamp' is not required, skipping update.
[        ] [        ] Artifact Instance of 'LegacyCanvasKitRemover' is not required, skipping update.
[        ] [        ] Artifact Instance of 'FlutterSdk' is not required, skipping update.
[        ] [        ] Artifact Instance of 'WindowsEngineArtifacts' is not required, skipping update.
[        ] [        ] Artifact Instance of 'MacOSEngineArtifacts' is not required, skipping update.
[        ] [        ] Artifact Instance of 'LinuxEngineArtifacts' is not required, skipping update.
[        ] [        ] Artifact Instance of 'LinuxFuchsiaSDKArtifacts' is not required, skipping update.
[        ] [        ] Artifact Instance of 'MacOSFuchsiaSDKArtifacts' is not required, skipping update.
[        ] [        ] Artifact Instance of 'FlutterRunnerSDKArtifacts' is not required, skipping update.
[        ] [        ] Artifact Instance of 'FlutterRunnerDebugSymbols' is not required, skipping update.
[        ] [        ] Artifact Instance of 'IosUsbArtifacts' is not required, skipping update.
[        ] [        ] Artifact Instance of 'IosUsbArtifacts' is not required, skipping update.
[        ] [        ] Artifact Instance of 'IosUsbArtifacts' is not required, skipping update.
[        ] [        ] Artifact Instance of 'IosUsbArtifacts' is not required, skipping update.
[        ] [        ] Artifact Instance of 'IosUsbArtifacts' is not required, skipping update.
[        ] [        ] Artifact Instance of 'IosUsbArtifacts' is not required, skipping update.
[        ] [        ] Artifact Instance of 'FontSubsetArtifacts' is not required, skipping update.
[        ] [        ] Artifact Instance of 'PubDependencies' is not required, skipping update.
[        ] [   +7 ms] Initializing file store
[        ] [  +17 ms] build_hooks: Starting due to {}
[        ] [   +1 ms] Skipping target: gen_localizations
[        ] [   +1 ms] gen_dart_plugin_registrant: Starting due to {InvalidatedReasonKind.outputSetAddition: The following outputs were added to the output set: /home/ubuntu/FFM-source-2d123ad-v67/.dart_tool/flutter_build/dart_plugin_registrant.dart, InvalidatedReasonKind.inputChanged: The following inputs have updated contents: /home/ubuntu/FFM-source-2d123ad-v67/.dart_tool/package_config.json}
[        ] [  +77 ms] Running build hooks for android_arm64.
[        ] [  +39 ms] input.json contents:
[        ]            {
[        ]              "assets": {},
[        ]              "config": {
[        ]                "build_asset_types": [
[        ]                  "code_assets/code"
[        ]                ],
[        ]                "extensions": {
[        ]                  "code_assets": {
[        ]                    "android": {
[        ]                      "target_ndk_api": 26
[        ]                    },
[        ]                    "c_compiler": {
[        ]                      "ar": "/home/ubuntu/android-sdk/ndk/28.2.13676358/toolchains/llvm/prebuilt/linux-x86_64/bin/llvm-ar",
[        ]                      "cc": "/home/ubuntu/android-sdk/ndk/28.2.13676358/toolchains/llvm/prebuilt/linux-x86_64/bin/clang",
[        ]                      "ld": "/home/ubuntu/android-sdk/ndk/28.2.13676358/toolchains/llvm/prebuilt/linux-x86_64/bin/ld.lld"
[        ]                    },
[        ]                    "link_mode_preference": "dynamic",
[        ]                    "target_architecture": "arm64",
[        ]                    "target_os": "android"
[        ]                  }
[        ]                },
[        ]                "linking_enabled": false
[        ]              },
[        ]              "out_dir_shared": "/home/ubuntu/FFM-source-2d123ad-v67/.dart_tool/hooks_runner/shared/objective_c/build/",
[        ]              "out_file": "/home/ubuntu/FFM-source-2d123ad-v67/.dart_tool/hooks_runner/objective_c/53036809f7/output.json",
[        ]              "package_name": "objective_c",
[        ]              "package_root": "/home/ubuntu/.pub-cache/hosted/pub.dev/objective_c-9.5.0/",
[        ]              "user_defines": {}
[        ]            }
[        ] [   +4 ms] output.json contents:
[        ]            {
[        ]              "assets_for_linking": {},
[        ]              "status": "success",
[        ]              "timestamp": "2026-08-22 11:48:15.000"
[        ]            }
[        ] [   +2 ms] Skipping build for objective_c in /home/ubuntu/FFM-source-2d123ad-v67/.dart_tool/hooks_runner/objective_c/53036809f7/. Last build on 2026-08-22 11:48:15.000.
[        ] [  +11 ms] input.json contents:
[        ]            {
[        ]              "assets": {},
[        ]              "config": {
[        ]                "build_asset_types": [
[        ]                  "code_assets/code"
[        ]                ],
[        ]                "extensions": {
[        ]                  "code_assets": {
[        ]                    "android": {
[        ]                      "target_ndk_api": 26
[        ]                    },
[        ]                    "c_compiler": {
[        ]                      "ar": "/home/ubuntu/android-sdk/ndk/28.2.13676358/toolchains/llvm/prebuilt/linux-x86_64/bin/llvm-ar",
[        ]                      "cc": "/home/ubuntu/android-sdk/ndk/28.2.13676358/toolchains/llvm/prebuilt/linux-x86_64/bin/clang",
[        ]                      "ld": "/home/ubuntu/android-sdk/ndk/28.2.13676358/toolchains/llvm/prebuilt/linux-x86_64/bin/ld.lld"
[        ]                    },
[        ]                    "link_mode_preference": "dynamic",
[        ]                    "target_architecture": "arm64",
[        ]                    "target_os": "android"
[        ]                  }
[        ]                },
[        ]                "linking_enabled": false
[        ]              },
[        ]              "out_dir_shared": "/home/ubuntu/FFM-source-2d123ad-v67/.dart_tool/hooks_runner/shared/sqlite3/build/",
[        ]              "out_file": "/home/ubuntu/FFM-source-2d123ad-v67/.dart_tool/hooks_runner/sqlite3/53036809f7/output.json",
[        ]              "package_name": "sqlite3",
[        ]              "package_root": "/home/ubuntu/.pub-cache/hosted/pub.dev/sqlite3-3.5.1/",
[        ]              "user_defines": {
[        ]                "workspace_pubspec": {
[        ]                  "base_path": "/home/ubuntu/FFM-source-2d123ad-v67/pubspec.yaml",
[        ]                  "defines": {
[        ]                    "source": "sqlite3mc"
[        ]                  }
[        ]                }
[        ]              }
[        ]            }
[        ] [   +2 ms] output.json contents:
[        ]            {
[        ]              "assets": [
[        ]                {
[        ]                  "encoding": {
[        ]                    "file": "/home/ubuntu/FFM-source-2d123ad-v67/.dart_tool/hooks_runner/shared/sqlite3/build/download-f0c07e18/libsqlite3mc.so",
[        ]                    "id": "package:sqlite3/src/ffi/libsqlite3.g.dart",
[        ]                    "link_mode": {
[        ]                      "type": "dynamic_loading_bundle"
[        ]                    }
[        ]                  },
[        ]                  "type": "code_assets/code"
[        ]                }
[        ]              ],
[        ]              "assets_for_linking": {},
[        ]              "status": "success",
[        ]              "timestamp": "2026-08-22 11:48:15.000"
[        ]            }
[        ] [  +11 ms] Skipping build for sqlite3 in /home/ubuntu/FFM-source-2d123ad-v67/.dart_tool/hooks_runner/sqlite3/53036809f7/. Last build on 2026-08-22 11:48:15.000.
[        ] [   +4 ms] Running build hooks for android_arm64 done.
[        ] [   +1 ms] build_hooks: Complete
[        ] [  +16 ms] Found plugin whisper_cpp_flutter_plus at /home/ubuntu/.pub-cache/hosted/pub.dev/whisper_cpp_flutter_plus-0.4.0/
[        ] [   +2 ms] Found plugin path_provider at /home/ubuntu/.pub-cache/hosted/pub.dev/path_provider-2.1.6/
[        ] [        ] Found plugin path_provider_windows at /home/ubuntu/.pub-cache/hosted/pub.dev/path_provider_windows-2.3.0/
[        ] [   +2 ms] Found plugin path_provider_linux at /home/ubuntu/.pub-cache/hosted/pub.dev/path_provider_linux-2.2.2/
[        ] [   +1 ms] Found plugin path_provider_foundation at /home/ubuntu/.pub-cache/hosted/pub.dev/path_provider_foundation-2.6.0/
[        ] [   +1 ms] Found plugin path_provider_android at /home/ubuntu/.pub-cache/hosted/pub.dev/path_provider_android-2.3.1/
[        ] [        ] Found plugin jni_flutter at /home/ubuntu/.pub-cache/hosted/pub.dev/jni_flutter-1.0.2/
[        ] [        ] Found plugin jni at /home/ubuntu/.pub-cache/hosted/pub.dev/jni-1.0.3/
[        ] [   +2 ms] Found plugin speech_to_text at /home/ubuntu/.pub-cache/hosted/pub.dev/speech_to_text-7.4.0/
[        ] [        ] Found plugin speech_to_text_windows at /home/ubuntu/.pub-cache/hosted/pub.dev/speech_to_text_windows-1.0.1/
[        ] [   +1 ms] Found plugin shared_preferences at /home/ubuntu/.pub-cache/hosted/pub.dev/shared_preferences-2.5.5/
[        ] [        ] Found plugin shared_preferences_windows at /home/ubuntu/.pub-cache/hosted/pub.dev/shared_preferences_windows-2.4.1/
[        ] [        ] Found plugin shared_preferences_web at /home/ubuntu/.pub-cache/hosted/pub.dev/shared_preferences_web-2.4.3/
[        ] [        ] Found plugin shared_preferences_linux at /home/ubuntu/.pub-cache/hosted/pub.dev/shared_preferences_linux-2.4.1/
[        ] [        ] Found plugin shared_preferences_foundation at /home/ubuntu/.pub-cache/hosted/pub.dev/shared_preferences_foundation-2.5.6/
[        ] [        ] Found plugin shared_preferences_android at /home/ubuntu/.pub-cache/hosted/pub.dev/shared_preferences_android-2.4.27/
[        ] [        ] Found plugin share_plus at /home/ubuntu/.pub-cache/hosted/pub.dev/share_plus-13.3.0/
[        ] [   +1 ms] Found plugin url_launcher_windows at /home/ubuntu/.pub-cache/hosted/pub.dev/url_launcher_windows-3.1.5/
[        ] [        ] Found plugin url_launcher_web at /home/ubuntu/.pub-cache/hosted/pub.dev/url_launcher_web-2.4.3/
[        ] [        ] Found plugin url_launcher_linux at /home/ubuntu/.pub-cache/hosted/pub.dev/url_launcher_linux-3.2.2/
[        ] [   +1 ms] Found plugin printing at /home/ubuntu/.pub-cache/hosted/pub.dev/printing-5.14.3/
[        ] [   +3 ms] Found plugin local_auth at /home/ubuntu/.pub-cache/hosted/pub.dev/local_auth-3.0.2/
[        ] [        ] Found plugin local_auth_windows at /home/ubuntu/.pub-cache/hosted/pub.dev/local_auth_windows-2.0.1/
[        ] [        ] Found plugin local_auth_darwin at /home/ubuntu/.pub-cache/hosted/pub.dev/local_auth_darwin-2.0.3/
[        ] [        ] Found plugin local_auth_android at /home/ubuntu/.pub-cache/hosted/pub.dev/local_auth_android-2.0.9/
[        ] [        ] Found plugin flutter_plugin_android_lifecycle at /home/ubuntu/.pub-cache/hosted/pub.dev/flutter_plugin_android_lifecycle-2.0.35/
[        ] [   +1 ms] Found plugin flutter_secure_storage at /home/ubuntu/.pub-cache/hosted/pub.dev/flutter_secure_storage-11.0.0/
[        ] [        ] Found plugin flutter_secure_storage_windows at /home/ubuntu/.pub-cache/hosted/pub.dev/flutter_secure_storage_windows-4.2.2/
[        ] [        ] Found plugin flutter_secure_storage_web at /home/ubuntu/.pub-cache/hosted/pub.dev/flutter_secure_storage_web-2.1.1/
[        ] [        ] Found plugin flutter_secure_storage_linux at /home/ubuntu/.pub-cache/hosted/pub.dev/flutter_secure_storage_linux-3.0.2/
[        ] [        ] Found plugin flutter_secure_storage_darwin at /home/ubuntu/.pub-cache/hosted/pub.dev/flutter_secure_storage_darwin-0.4.0/
[        ] [        ] Found plugin flutter_local_notifications at /home/ubuntu/.pub-cache/hosted/pub.dev/flutter_local_notifications-22.3.0/
[        ] [        ] Found plugin flutter_local_notifications_windows at /home/ubuntu/.pub-cache/hosted/pub.dev/flutter_local_notifications_windows-3.1.1/
[        ] [        ] Found plugin flutter_local_notifications_web at /home/ubuntu/.pub-cache/hosted/pub.dev/flutter_local_notifications_web-1.0.0/
[        ] [        ] Found plugin flutter_local_notifications_linux at /home/ubuntu/.pub-cache/hosted/pub.dev/flutter_local_notifications_linux-8.0.1/
[        ] [   +2 ms] Found plugin file_picker at /home/ubuntu/.pub-cache/hosted/pub.dev/file_picker-12.0.0/
[        ] [        ] Found plugin windows_file_picker at /home/ubuntu/.pub-cache/hosted/pub.dev/windows_file_picker-1.0.1/
[        ] [        ] Found plugin file_picker_web at /home/ubuntu/.pub-cache/hosted/pub.dev/file_picker_web-3.0.1/
[        ] [        ] Found plugin file_picker_linux at /home/ubuntu/.pub-cache/hosted/pub.dev/file_picker_linux-1.0.1/
[        ] [        ] Found plugin file_picker_darwin at /home/ubuntu/.pub-cache/hosted/pub.dev/file_picker_darwin-1.0.1/
[        ] [        ] Found plugin android_file_picker at /home/ubuntu/.pub-cache/hosted/pub.dev/android_file_picker-1.0.1/
[        ] [  +10 ms] Skipping generating dart_plugin_registrant.dart because it is up-to-date.
[        ] [        ] gen_dart_plugin_registrant: Complete
[        ] [        ] kernel_snapshot_program: Starting due to {}
[        ] [   +6 ms] /home/ubuntu/flutter/bin/cache/dart-sdk/bin/dartaotruntime /home/ubuntu/flutter/bin/cache/dart-sdk/bin/snapshots/frontend_server_aot.dart.snapshot --sdk-root /home/ubuntu/flutter/bin/cache/artifacts/engine/common/flutter_patched_sdk/ --target=flutter --no-print-incremental-dependencies -DFLUTTER_BUILD_NAME=0.1.67 -DFLUTTER_BUILD_NUMBER=67 -DFLUTTER_VERSION=3.47.1 -DFLUTTER_CHANNEL=stable -DFLUTTER_GIT_URL=https://github.com/flutter/flutter.git -DFLUTTER_FRAMEWORK_REVISION=6655482ec0 -DFLUTTER_ENGINE_REVISION=5d53178869 -DFLUTTER_DART_VERSION=3.13.1 -DFLUTTER_APP_FLAVOR= -Ddart.vm.profile=false -Ddart.vm.product=false --enable-asserts --track-widget-creation --no-link-platform --packages /home/ubuntu/FFM-source-2d123ad-v67/.dart_tool/package_config.json --output-dill /home/ubuntu/FFM-source-2d123ad-v67/.dart_tool/flutter_build/c9175be906b1561efa48f4500f84b0f8/app.dill --depfile /home/ubuntu/FFM-source-2d123ad-v67/.dart_tool/flutter_build/c9175be906b1561efa48f4500f84b0f8/kernel_snapshot_program.d --incremental --initialize-from-dill /home/ubuntu/FFM-source-2d123ad-v67/.dart_tool/flutter_build/c9175be906b1561efa48f4500f84b0f8/app.dill --source file:///home/ubuntu/FFM-source-2d123ad-v67/.dart_tool/flutter_build/dart_plugin_registrant.dart --source package:flutter/src/dart_plugin_registrant.dart -Dflutter.dart_plugin_registrant=file:///home/ubuntu/FFM-source-2d123ad-v67/.dart_tool/flutter_build/dart_plugin_registrant.dart --verbosity=error package:ffm_manager/main.dart
[+11294 ms] [+12556 ms] kernel_snapshot_program: Complete
[ +999 ms] [ +940 ms] link_hooks: Starting due to {}
[        ] [   +8 ms] link_hooks: Complete
[        ] [        ] install_code_assets: Starting due to {}
[        ] [   +6 ms] Copying native assets to /home/ubuntu/FFM-source-2d123ad-v67/build/app/intermediates/flutter/debug/native_assets/.
[        ] [   +2 ms] Copying native assets done.
[        ] [        ] Writing native assets json to file:///home/ubuntu/FFM-source-2d123ad-v67/.dart_tool/flutter_build/c9175be906b1561efa48f4500f84b0f8/native_assets.json.
[        ] [   +1 ms] Writing /home/ubuntu/FFM-source-2d123ad-v67/.dart_tool/flutter_build/c9175be906b1561efa48f4500f84b0f8/native_assets.json done.
[        ] [        ] install_code_assets: Complete
[        ] [  +14 ms] debug_android_application: Starting due to {}
[ +199 ms] [ +172 ms] impellerc command: [/home/ubuntu/flutter/bin/cache/artifacts/engine/linux-x64/impellerc, --sksl, --runtime-stage-gles, --runtime-stage-gles3, --runtime-stage-vulkan, --iplr, --sl=/home/ubuntu/FFM-source-2d123ad-v67/build/app/intermediates/flutter/debug/flutter_assets/shaders/ink_sparkle.frag, --spirv=/home/ubuntu/FFM-source-2d123ad-v67/build/app/intermediates/flutter/debug/flutter_assets/shaders/ink_sparkle.frag.spirv, --input=/home/ubuntu/flutter/packages/flutter/lib/src/material/shaders/ink_sparkle.frag, --input-type=frag, --include=/home/ubuntu/flutter/packages/flutter/lib/src/material/shaders, --include=/home/ubuntu/flutter/bin/cache/artifacts/engine/linux-x64/shader_lib]
[        ] [   +2 ms] impellerc command: [/home/ubuntu/flutter/bin/cache/artifacts/engine/linux-x64/impellerc, --sksl, --runtime-stage-gles, --runtime-stage-gles3, --runtime-stage-vulkan, --iplr, --sl=/home/ubuntu/FFM-source-2d123ad-v67/build/app/intermediates/flutter/debug/flutter_assets/shaders/stretch_effect.frag, --spirv=/home/ubuntu/FFM-source-2d123ad-v67/build/app/intermediates/flutter/debug/flutter_assets/shaders/stretch_effect.frag.spirv, --input=/home/ubuntu/flutter/packages/flutter/lib/src/widgets/shaders/stretch_effect.frag, --input-type=frag, --include=/home/ubuntu/flutter/packages/flutter/lib/src/widgets/shaders, --include=/home/ubuntu/flutter/bin/cache/artifacts/engine/linux-x64/shader_lib]
[ +399 ms] [ +353 ms] debug_android_application: Complete
[ +699 ms] [ +754 ms] Persisting file store
[        ] [   +8 ms] Done persisting file store
[        ] [  +21 ms] build succeeded.
[        ] [   +5 ms] "flutter assemble" took 15,136ms.
[        ] [   +1 ms] Running 1 shutdown hook
[        ] [        ] Shutdown hooks complete
[        ] [        ] exiting with code 0
[ +199 ms] Resolve mutations for :app:generateDebugAssets (Thread[#55,included builds,5,main]) started.
[        ] :app:generateDebugAssets (Thread[#55,included builds,5,main]) started.
[        ] > Task :app:generateDebugAssets UP-TO-DATE
[        ] Skipping task ':app:generateDebugAssets' as it has no actions.
[        ] Resolve mutations for :flutter_local_notifications:generateDebugAssets (Thread[#55,included builds,5,main]) started.
[        ] :flutter_local_notifications:generateDebugAssets (Thread[#55,included builds,5,main]) started.
[        ] > Task :flutter_local_notifications:generateDebugAssets UP-TO-DATE
[        ] Skipping task ':flutter_local_notifications:generateDebugAssets' as it has no actions.
[        ] Resolve mutations for :flutter_local_notifications:preBuild (Thread[#55,included builds,5,main]) started.
[        ] :flutter_local_notifications:preBuild (Thread[#55,included builds,5,main]) started.
[        ] > Task :flutter_local_notifications:preBuild UP-TO-DATE
[        ] Skipping task ':flutter_local_notifications:preBuild' as it has no actions.
[        ] Resolve mutations for :flutter_local_notifications:preDebugBuild (Thread[#55,included builds,5,main]) started.
[        ] :flutter_local_notifications:preDebugBuild (Thread[#55,included builds,5,main]) started.
[        ] > Task :flutter_local_notifications:preDebugBuild UP-TO-DATE
[        ] Skipping task ':flutter_local_notifications:preDebugBuild' as it has no actions.
[        ] Resolve mutations for :flutter_local_notifications:mergeDebugAssets (Thread[#55,included builds,5,main]) started.
[        ] :flutter_local_notifications:mergeDebugAssets (Thread[#55,included builds,5,main]) started.
[        ] > Task :flutter_local_notifications:mergeDebugAssets UP-TO-DATE
[        ] Caching disabled for task ':flutter_local_notifications:mergeDebugAssets' because:
[        ]   Build cache is disabled
[        ]   Simple merging task
[        ] Skipping task ':flutter_local_notifications:mergeDebugAssets' as it is up-to-date.
[        ] work action resolve mergeDebugAssets (project :flutter_local_notifications) (Thread[#55,included builds,5,main]) started.
[        ] Resolve mutations for :flutter_plugin_android_lifecycle:generateDebugAssets (Thread[#55,included builds,5,main]) started.
[        ] :flutter_plugin_android_lifecycle:generateDebugAssets (Thread[#55,included builds,5,main]) started.
[        ] > Task :flutter_plugin_android_lifecycle:generateDebugAssets UP-TO-DATE
[        ] Skipping task ':flutter_plugin_android_lifecycle:generateDebugAssets' as it has no actions.
[        ] Resolve mutations for :flutter_plugin_android_lifecycle:preBuild (Thread[#55,included builds,5,main]) started.
[        ] :flutter_plugin_android_lifecycle:preBuild (Thread[#55,included builds,5,main]) started.
[        ] > Task :flutter_plugin_android_lifecycle:preBuild UP-TO-DATE
[        ] Skipping task ':flutter_plugin_android_lifecycle:preBuild' as it has no actions.
[        ] Resolve mutations for :flutter_plugin_android_lifecycle:preDebugBuild (Thread[#55,included builds,5,main]) started.
[        ] :flutter_plugin_android_lifecycle:preDebugBuild (Thread[#55,included builds,5,main]) started.
[        ] > Task :flutter_plugin_android_lifecycle:preDebugBuild UP-TO-DATE
[        ] Skipping task ':flutter_plugin_android_lifecycle:preDebugBuild' as it has no actions.
[        ] Resolve mutations for :flutter_plugin_android_lifecycle:mergeDebugAssets (Thread[#55,included builds,5,main]) started.
[        ] :flutter_plugin_android_lifecycle:mergeDebugAssets (Thread[#55,included builds,5,main]) started.
[        ] > Task :flutter_plugin_android_lifecycle:mergeDebugAssets UP-TO-DATE
[        ] Caching disabled for task ':flutter_plugin_android_lifecycle:mergeDebugAssets' because:
[        ]   Build cache is disabled
[        ]   Simple merging task
[        ] Skipping task ':flutter_plugin_android_lifecycle:mergeDebugAssets' as it is up-to-date.
[        ] work action resolve mergeDebugAssets (project :flutter_plugin_android_lifecycle) (Thread[#55,included builds,5,main]) started.
[        ] Resolve mutations for :flutter_secure_storage:generateDebugAssets (Thread[#55,included builds,5,main]) started.
[        ] :flutter_secure_storage:generateDebugAssets (Thread[#55,included builds,5,main]) started.
[        ] > Task :flutter_secure_storage:generateDebugAssets UP-TO-DATE
[        ] Skipping task ':flutter_secure_storage:generateDebugAssets' as it has no actions.
[        ] Resolve mutations for :flutter_secure_storage:preBuild (Thread[#55,included builds,5,main]) started.
[        ] :flutter_secure_storage:preBuild (Thread[#55,included builds,5,main]) started.
[        ] > Task :flutter_secure_storage:preBuild UP-TO-DATE
[        ] Skipping task ':flutter_secure_storage:preBuild' as it has no actions.
[        ] Resolve mutations for :flutter_secure_storage:preDebugBuild (Thread[#55,included builds,5,main]) started.
[        ] :flutter_secure_storage:preDebugBuild (Thread[#55,included builds,5,main]) started.
[        ] > Task :flutter_secure_storage:preDebugBuild UP-TO-DATE
[        ] Skipping task ':flutter_secure_storage:preDebugBuild' as it has no actions.
[        ] Resolve mutations for :flutter_secure_storage:mergeDebugAssets (Thread[#55,included builds,5,main]) started.
[        ] :flutter_secure_storage:mergeDebugAssets (Thread[#55,included builds,5,main]) started.
[        ] > Task :flutter_secure_storage:mergeDebugAssets UP-TO-DATE
[        ] Caching disabled for task ':flutter_secure_storage:mergeDebugAssets' because:
[        ]   Build cache is disabled
[        ]   Simple merging task
[        ] Skipping task ':flutter_secure_storage:mergeDebugAssets' as it is up-to-date.
[        ] work action resolve mergeDebugAssets (project :flutter_secure_storage) (Thread[#55,included builds,5,main]) started.
[        ] Resolve mutations for :jni:generateDebugAssets (Thread[#55,included builds,5,main]) started.
[        ] :jni:generateDebugAssets (Thread[#55,included builds,5,main]) started.
[  +98 ms] > Task :jni:generateDebugAssets UP-TO-DATE
[        ] Skipping task ':jni:generateDebugAssets' as it has no actions.
[        ] Resolve mutations for :jni:preBuild (Thread[#55,included builds,5,main]) started.
[        ] :jni:preBuild (Thread[#55,included builds,5,main]) started.
[        ] > Task :jni:preBuild UP-TO-DATE
[        ] Skipping task ':jni:preBuild' as it has no actions.
[        ] Resolve mutations for :jni:preDebugBuild (Thread[#55,included builds,5,main]) started.
[        ] :jni:preDebugBuild (Thread[#55,included builds,5,main]) started.
[        ] > Task :jni:preDebugBuild UP-TO-DATE
[        ] Skipping task ':jni:preDebugBuild' as it has no actions.
[        ] Resolve mutations for :jni:mergeDebugAssets (Thread[#55,included builds,5,main]) started.
[        ] :jni:mergeDebugAssets (Thread[#55,included builds,5,main]) started.
[        ] > Task :jni:mergeDebugAssets UP-TO-DATE
[        ] Caching disabled for task ':jni:mergeDebugAssets' because:
[        ]   Build cache is disabled
[        ]   Simple merging task
[        ] Skipping task ':jni:mergeDebugAssets' as it is up-to-date.
[        ] work action resolve mergeDebugAssets (project :jni) (Thread[#55,included builds,5,main]) started.
[        ] Resolve mutations for :jni_flutter:generateDebugAssets (Thread[#55,included builds,5,main]) started.
[        ] :jni_flutter:generateDebugAssets (Thread[#55,included builds,5,main]) started.
[        ] > Task :jni_flutter:generateDebugAssets UP-TO-DATE
[        ] Skipping task ':jni_flutter:generateDebugAssets' as it has no actions.
[        ] Resolve mutations for :jni_flutter:preBuild (Thread[#55,included builds,5,main]) started.
[        ] :jni_flutter:preBuild (Thread[#55,included builds,5,main]) started.
[        ] > Task :jni_flutter:preBuild UP-TO-DATE
[        ] Skipping task ':jni_flutter:preBuild' as it has no actions.
[        ] Resolve mutations for :jni_flutter:preDebugBuild (Thread[#55,included builds,5,main]) started.
[        ] :jni_flutter:preDebugBuild (Thread[#55,included builds,5,main]) started.
[        ] > Task :jni_flutter:preDebugBuild UP-TO-DATE
[        ] Skipping task ':jni_flutter:preDebugBuild' as it has no actions.
[        ] Resolve mutations for :jni_flutter:mergeDebugAssets (Thread[#55,included builds,5,main]) started.
[        ] :jni_flutter:mergeDebugAssets (Thread[#55,included builds,5,main]) started.
[        ] > Task :jni_flutter:mergeDebugAssets UP-TO-DATE
[        ] Caching disabled for task ':jni_flutter:mergeDebugAssets' because:
[        ]   Build cache is disabled
[        ]   Simple merging task
[        ] Skipping task ':jni_flutter:mergeDebugAssets' as it is up-to-date.
[        ] work action resolve mergeDebugAssets (project :jni_flutter) (Thread[#55,included builds,5,main]) started.
[        ] Resolve mutations for :local_auth_android:generateDebugAssets (Thread[#55,included builds,5,main]) started.
[        ] :local_auth_android:generateDebugAssets (Thread[#55,included builds,5,main]) started.
[        ] > Task :local_auth_android:generateDebugAssets UP-TO-DATE
[        ] Skipping task ':local_auth_android:generateDebugAssets' as it has no actions.
[        ] Resolve mutations for :local_auth_android:preBuild (Thread[#55,included builds,5,main]) started.
[        ] :local_auth_android:preBuild (Thread[#55,included builds,5,main]) started.
[        ] > Task :local_auth_android:preBuild UP-TO-DATE
[        ] Skipping task ':local_auth_android:preBuild' as it has no actions.
[        ] Resolve mutations for :local_auth_android:preDebugBuild (Thread[#55,included builds,5,main]) started.
[        ] :local_auth_android:preDebugBuild (Thread[#55,included builds,5,main]) started.
[        ] > Task :local_auth_android:preDebugBuild UP-TO-DATE
[        ] Skipping task ':local_auth_android:preDebugBuild' as it has no actions.
[        ] Resolve mutations for :local_auth_android:mergeDebugAssets (Thread[#55,included builds,5,main]) started.
[        ] :local_auth_android:mergeDebugAssets (Thread[#55,included builds,5,main]) started.
[        ] > Task :local_auth_android:mergeDebugAssets UP-TO-DATE
[        ] Caching disabled for task ':local_auth_android:mergeDebugAssets' because:
[        ]   Build cache is disabled
[        ]   Simple merging task
[        ] Skipping task ':local_auth_android:mergeDebugAssets' as it is up-to-date.
[        ] work action resolve mergeDebugAssets (project :local_auth_android) (Thread[#55,included builds,5,main]) started.
[        ] Resolve mutations for :printing:generateDebugAssets (Thread[#55,included builds,5,main]) started.
[        ] :printing:generateDebugAssets (Thread[#55,included builds,5,main]) started.
[        ] > Task :printing:generateDebugAssets UP-TO-DATE
[        ] Skipping task ':printing:generateDebugAssets' as it has no actions.
[        ] Resolve mutations for :printing:preBuild (Thread[#55,included builds,5,main]) started.
[        ] :printing:preBuild (Thread[#55,included builds,5,main]) started.
[        ] > Task :printing:preBuild UP-TO-DATE
[        ] Skipping task ':printing:preBuild' as it has no actions.
[        ] Resolve mutations for :printing:preDebugBuild (Thread[#55,included builds,5,main]) started.
[        ] :printing:preDebugBuild (Thread[#55,included builds,5,main]) started.
[        ] > Task :printing:preDebugBuild UP-TO-DATE
[        ] Skipping task ':printing:preDebugBuild' as it has no actions.
[        ] Resolve mutations for :printing:mergeDebugAssets (Thread[#55,included builds,5,main]) started.
[        ] :printing:mergeDebugAssets (Thread[#55,included builds,5,main]) started.
[        ] > Task :printing:mergeDebugAssets UP-TO-DATE
[        ] Caching disabled for task ':printing:mergeDebugAssets' because:
[        ]   Build cache is disabled
[        ]   Simple merging task
[        ] Skipping task ':printing:mergeDebugAssets' as it is up-to-date.
[        ] work action resolve mergeDebugAssets (project :printing) (Thread[#55,included builds,5,main]) started.
[        ] Resolve mutations for :share_plus:generateDebugAssets (Thread[#55,included builds,5,main]) started.
[        ] :share_plus:generateDebugAssets (Thread[#55,included builds,5,main]) started.
[        ] > Task :share_plus:generateDebugAssets UP-TO-DATE
[        ] Skipping task ':share_plus:generateDebugAssets' as it has no actions.
[        ] Resolve mutations for :share_plus:preBuild (Thread[#55,included builds,5,main]) started.
[        ] :share_plus:preBuild (Thread[#55,included builds,5,main]) started.
[        ] > Task :share_plus:preBuild UP-TO-DATE
[        ] Skipping task ':share_plus:preBuild' as it has no actions.
[        ] Resolve mutations for :share_plus:preDebugBuild (Thread[#55,included builds,5,main]) started.
[        ] :share_plus:preDebugBuild (Thread[#55,included builds,5,main]) started.
[        ] > Task :share_plus:preDebugBuild UP-TO-DATE
[        ] Skipping task ':share_plus:preDebugBuild' as it has no actions.
[        ] Resolve mutations for :share_plus:mergeDebugAssets (Thread[#55,included builds,5,main]) started.
[        ] :share_plus:mergeDebugAssets (Thread[#55,included builds,5,main]) started.
[        ] > Task :share_plus:mergeDebugAssets UP-TO-DATE
[        ] Caching disabled for task ':share_plus:mergeDebugAssets' because:
[        ]   Build cache is disabled
[        ]   Simple merging task
[        ] Skipping task ':share_plus:mergeDebugAssets' as it is up-to-date.
[        ] work action resolve mergeDebugAssets (project :share_plus) (Thread[#55,included builds,5,main]) started.
[        ] Resolve mutations for :shared_preferences_android:generateDebugAssets (Thread[#55,included builds,5,main]) started.
[        ] :shared_preferences_android:generateDebugAssets (Thread[#55,included builds,5,main]) started.
[        ] > Task :shared_preferences_android:generateDebugAssets UP-TO-DATE
[        ] Skipping task ':shared_preferences_android:generateDebugAssets' as it has no actions.
[        ] Resolve mutations for :shared_preferences_android:preBuild (Thread[#55,included builds,5,main]) started.
[        ] :shared_preferences_android:preBuild (Thread[#55,included builds,5,main]) started.
[        ] > Task :shared_preferences_android:preBuild UP-TO-DATE
[        ] Skipping task ':shared_preferences_android:preBuild' as it has no actions.
[        ] Resolve mutations for :shared_preferences_android:preDebugBuild (Thread[#55,included builds,5,main]) started.
[        ] :shared_preferences_android:preDebugBuild (Thread[#55,included builds,5,main]) started.
[        ] > Task :shared_preferences_android:preDebugBuild UP-TO-DATE
[        ] Skipping task ':shared_preferences_android:preDebugBuild' as it has no actions.
[        ] Resolve mutations for :shared_preferences_android:mergeDebugAssets (Thread[#55,included builds,5,main]) started.
[        ] :shared_preferences_android:mergeDebugAssets (Thread[#55,included builds,5,main]) started.
[        ] > Task :shared_preferences_android:mergeDebugAssets UP-TO-DATE
[        ] Caching disabled for task ':shared_preferences_android:mergeDebugAssets' because:
[        ]   Build cache is disabled
[        ]   Simple merging task
[        ] Skipping task ':shared_preferences_android:mergeDebugAssets' as it is up-to-date.
[        ] work action resolve mergeDebugAssets (project :shared_preferences_android) (Thread[#55,included builds,5,main]) started.
[        ] Resolve mutations for :speech_to_text:generateDebugAssets (Thread[#55,included builds,5,main]) started.
[        ] :speech_to_text:generateDebugAssets (Thread[#55,included builds,5,main]) started.
[        ] > Task :speech_to_text:generateDebugAssets UP-TO-DATE
[        ] Skipping task ':speech_to_text:generateDebugAssets' as it has no actions.
[        ] Resolve mutations for :speech_to_text:preBuild (Thread[#55,included builds,5,main]) started.
[        ] :speech_to_text:preBuild (Thread[#55,included builds,5,main]) started.
[        ] > Task :speech_to_text:preBuild UP-TO-DATE
[        ] Skipping task ':speech_to_text:preBuild' as it has no actions.
[        ] Resolve mutations for :speech_to_text:preDebugBuild (Thread[#55,included builds,5,main]) started.
[        ] :speech_to_text:preDebugBuild (Thread[#55,included builds,5,main]) started.
[        ] > Task :speech_to_text:preDebugBuild UP-TO-DATE
[        ] Skipping task ':speech_to_text:preDebugBuild' as it has no actions.
[        ] Resolve mutations for :speech_to_text:mergeDebugAssets (Thread[#55,included builds,5,main]) started.
[        ] :speech_to_text:mergeDebugAssets (Thread[#55,included builds,5,main]) started.
[        ] > Task :speech_to_text:mergeDebugAssets UP-TO-DATE
[        ] Caching disabled for task ':speech_to_text:mergeDebugAssets' because:
[        ]   Build cache is disabled
[        ]   Simple merging task
[        ] Skipping task ':speech_to_text:mergeDebugAssets' as it is up-to-date.
[        ] work action resolve mergeDebugAssets (project :speech_to_text) (Thread[#55,included builds,5,main]) started.
[        ] Resolve mutations for :whisper_cpp_flutter_plus:generateDebugAssets (Thread[#55,included builds,5,main]) started.
[        ] :whisper_cpp_flutter_plus:generateDebugAssets (Thread[#55,included builds,5,main]) started.
[        ] > Task :whisper_cpp_flutter_plus:generateDebugAssets UP-TO-DATE
[        ] Skipping task ':whisper_cpp_flutter_plus:generateDebugAssets' as it has no actions.
[        ] Resolve mutations for :whisper_cpp_flutter_plus:preBuild (Thread[#55,included builds,5,main]) started.
[        ] :whisper_cpp_flutter_plus:preBuild (Thread[#55,included builds,5,main]) started.
[        ] > Task :whisper_cpp_flutter_plus:preBuild UP-TO-DATE
[        ] Skipping task ':whisper_cpp_flutter_plus:preBuild' as it has no actions.
[        ] Resolve mutations for :whisper_cpp_flutter_plus:preDebugBuild (Thread[#55,included builds,5,main]) started.
[        ] :whisper_cpp_flutter_plus:preDebugBuild (Thread[#55,included builds,5,main]) started.
[        ] > Task :whisper_cpp_flutter_plus:preDebugBuild UP-TO-DATE
[        ] Skipping task ':whisper_cpp_flutter_plus:preDebugBuild' as it has no actions.
[        ] Resolve mutations for :whisper_cpp_flutter_plus:mergeDebugAssets (Thread[#55,included builds,5,main]) started.
[        ] :whisper_cpp_flutter_plus:mergeDebugAssets (Thread[#55,included builds,5,main]) started.
[        ] > Task :whisper_cpp_flutter_plus:mergeDebugAssets UP-TO-DATE
[        ] Caching disabled for task ':whisper_cpp_flutter_plus:mergeDebugAssets' because:
[        ]   Build cache is disabled
[        ]   Simple merging task
[        ] Skipping task ':whisper_cpp_flutter_plus:mergeDebugAssets' as it is up-to-date.
[        ] work action resolve mergeDebugAssets (project :whisper_cpp_flutter_plus) (Thread[#55,included builds,5,main]) started.
[        ] Resolve mutations for :app:mergeDebugAssets (Thread[#55,included builds,5,main]) started.
[        ] :app:mergeDebugAssets (Thread[#55,included builds,5,main]) started.
[ +396 ms] > Task :app:mergeDebugAssets
[        ] Caching disabled for task ':app:mergeDebugAssets' because:
[        ]   Build cache is disabled
[        ]   Simple merging task
[        ] Task ':app:mergeDebugAssets' is not up-to-date because:
[        ]   Output property 'outputDir' file /home/ubuntu/FFM-source-2d123ad-v67/build/app/intermediates/assets/debug/mergeDebugAssets has been removed.
[        ] The input changes require a full rebuild for incremental task ':app:mergeDebugAssets'.
[        ] Resolve mutations for :app:copyFlutterAssetsDebug (Thread[#55,included builds,5,main]) started.
[        ] :app:copyFlutterAssetsDebug (Thread[#55,included builds,5,main]) started.
[ +199 ms] > Task :app:copyFlutterAssetsDebug
[        ] Caching disabled for task ':app:copyFlutterAssetsDebug' because:
[        ]   Build cache is disabled
[        ]   Not worth caching
[        ] Task ':app:copyFlutterAssetsDebug' is not up-to-date because:
[        ]   Output property 'destinationDir' file /home/ubuntu/FFM-source-2d123ad-v67/build/app/intermediates/assets/debug/mergeDebugAssets/flutter_assets has been removed.
[        ]   Output property 'destinationDir' file /home/ubuntu/FFM-source-2d123ad-v67/build/app/intermediates/assets/debug/mergeDebugAssets/flutter_assets/AssetManifest.bin has been removed.
[        ]   Output property 'destinationDir' file /home/ubuntu/FFM-source-2d123ad-v67/build/app/intermediates/assets/debug/mergeDebugAssets/flutter_assets/FontManifest.json has been removed.
[        ]   and more...
[        ] Resolve mutations for :app:generateDebugResources (Thread[#55,included builds,5,main]) started.
[        ] :app:generateDebugResources (Thread[#55,included builds,5,main]) started.
[        ] > Task :app:generateDebugResources UP-TO-DATE
[        ] Caching disabled for task ':app:generateDebugResources' because:
[        ]   Build cache is disabled
[        ] Skipping task ':app:generateDebugResources' as it is up-to-date.
[        ] Resolve mutations for :app:packageDebugResources (Thread[#55,included builds,5,main]) started.
[        ] :app:packageDebugResources (Thread[#55,included builds,5,main]) started.
[        ] > Task :app:packageDebugResources UP-TO-DATE
[        ] Caching disabled for task ':app:packageDebugResources' because:
[        ]   Build cache is disabled
[        ] Skipping task ':app:packageDebugResources' as it is up-to-date.
[        ] Resolve mutations for :flutter_local_notifications:processDebugNavigationResources (Thread[#55,included builds,5,main]) started.
[        ] :flutter_local_notifications:processDebugNavigationResources (Thread[#55,included builds,5,main]) started.
[        ] > Task :flutter_local_notifications:processDebugNavigationResources UP-TO-DATE
[        ] Caching disabled for task ':flutter_local_notifications:processDebugNavigationResources' because:
[        ]   Build cache is disabled
[        ] Skipping task ':flutter_local_notifications:processDebugNavigationResources' as it is up-to-date.
[        ] work action resolve debug (project :flutter_local_notifications) (Thread[#55,included builds,5,main]) started.
[        ] Resolve mutations for :flutter_plugin_android_lifecycle:processDebugNavigationResources (Thread[#55,included builds,5,main]) started.
[        ] :flutter_plugin_android_lifecycle:processDebugNavigationResources (Thread[#55,included builds,5,main]) started.
[        ] > Task :flutter_plugin_android_lifecycle:processDebugNavigationResources UP-TO-DATE
[        ] Caching disabled for task ':flutter_plugin_android_lifecycle:processDebugNavigationResources' because:
[        ]   Build cache is disabled
[        ] Skipping task ':flutter_plugin_android_lifecycle:processDebugNavigationResources' as it is up-to-date.
[        ] work action resolve debug (project :flutter_plugin_android_lifecycle) (Thread[#55,included builds,5,main]) started.
[        ] Resolve mutations for :flutter_secure_storage:processDebugNavigationResources (Thread[#55,included builds,5,main]) started.
[        ] :flutter_secure_storage:processDebugNavigationResources (Thread[#55,included builds,5,main]) started.
[        ] > Task :flutter_secure_storage:processDebugNavigationResources UP-TO-DATE
[        ] Caching disabled for task ':flutter_secure_storage:processDebugNavigationResources' because:
[        ]   Build cache is disabled
[        ] Skipping task ':flutter_secure_storage:processDebugNavigationResources' as it is up-to-date.
[        ] work action resolve debug (project :flutter_secure_storage) (Thread[#55,included builds,5,main]) started.
[        ] Resolve mutations for :jni:processDebugNavigationResources (Thread[#55,included builds,5,main]) started.
[        ] :jni:processDebugNavigationResources (Thread[#55,included builds,5,main]) started.
[        ] > Task :jni:processDebugNavigationResources UP-TO-DATE
[        ] Caching disabled for task ':jni:processDebugNavigationResources' because:
[        ]   Build cache is disabled
[        ] Skipping task ':jni:processDebugNavigationResources' as it is up-to-date.
[        ] work action resolve debug (project :jni) (Thread[#55,included builds,5,main]) started.
[        ] Resolve mutations for :jni_flutter:processDebugNavigationResources (Thread[#55,included builds,5,main]) started.
[        ] :jni_flutter:processDebugNavigationResources (Thread[#55,included builds,5,main]) started.
[        ] > Task :jni_flutter:processDebugNavigationResources UP-TO-DATE
[        ] Caching disabled for task ':jni_flutter:processDebugNavigationResources' because:
[        ]   Build cache is disabled
[        ] Skipping task ':jni_flutter:processDebugNavigationResources' as it is up-to-date.
[        ] work action resolve debug (project :jni_flutter) (Thread[#55,included builds,5,main]) started.
[        ] Resolve mutations for :local_auth_android:processDebugNavigationResources (Thread[#55,included builds,5,main]) started.
[        ] :local_auth_android:processDebugNavigationResources (Thread[#55,included builds,5,main]) started.
[        ] > Task :local_auth_android:processDebugNavigationResources UP-TO-DATE
[        ] Caching disabled for task ':local_auth_android:processDebugNavigationResources' because:
[        ]   Build cache is disabled
[        ] Skipping task ':local_auth_android:processDebugNavigationResources' as it is up-to-date.
[        ] work action resolve debug (project :local_auth_android) (Thread[#55,included builds,5,main]) started.
[        ] Resolve mutations for :printing:processDebugNavigationResources (Thread[#55,included builds,5,main]) started.
[        ] :printing:processDebugNavigationResources (Thread[#55,included builds,5,main]) started.
[        ] > Task :printing:processDebugNavigationResources UP-TO-DATE
[        ] Caching disabled for task ':printing:processDebugNavigationResources' because:
[        ]   Build cache is disabled
[        ] Skipping task ':printing:processDebugNavigationResources' as it is up-to-date.
[        ] work action resolve debug (project :printing) (Thread[#55,included builds,5,main]) started.
[        ] Resolve mutations for :share_plus:processDebugNavigationResources (Thread[#55,included builds,5,main]) started.
[        ] :share_plus:processDebugNavigationResources (Thread[#55,included builds,5,main]) started.
[        ] > Task :share_plus:processDebugNavigationResources UP-TO-DATE
[        ] Caching disabled for task ':share_plus:processDebugNavigationResources' because:
[        ]   Build cache is disabled
[        ] Skipping task ':share_plus:processDebugNavigationResources' as it is up-to-date.
[        ] work action resolve debug (project :share_plus) (Thread[#55,included builds,5,main]) started.
[        ] Resolve mutations for :shared_preferences_android:processDebugNavigationResources (Thread[#55,included builds,5,main]) started.
[        ] :shared_preferences_android:processDebugNavigationResources (Thread[#55,included builds,5,main]) started.
[        ] > Task :shared_preferences_android:processDebugNavigationResources UP-TO-DATE
[        ] Caching disabled for task ':shared_preferences_android:processDebugNavigationResources' because:
[        ]   Build cache is disabled
[        ] Skipping task ':shared_preferences_android:processDebugNavigationResources' as it is up-to-date.
[        ] work action resolve debug (project :shared_preferences_android) (Thread[#55,included builds,5,main]) started.
[        ] Resolve mutations for :speech_to_text:processDebugNavigationResources (Thread[#55,included builds,5,main]) started.
[        ] :speech_to_text:processDebugNavigationResources (Thread[#55,included builds,5,main]) started.
[        ] > Task :speech_to_text:processDebugNavigationResources UP-TO-DATE
[        ] Caching disabled for task ':speech_to_text:processDebugNavigationResources' because:
[        ]   Build cache is disabled
[        ] Skipping task ':speech_to_text:processDebugNavigationResources' as it is up-to-date.
[        ] work action resolve debug (project :speech_to_text) (Thread[#55,included builds,5,main]) started.
[        ] Resolve mutations for :whisper_cpp_flutter_plus:processDebugNavigationResources (Thread[#55,included builds,5,main]) started.
[        ] :whisper_cpp_flutter_plus:processDebugNavigationResources (Thread[#55,included builds,5,main]) started.
[        ] > Task :whisper_cpp_flutter_plus:processDebugNavigationResources UP-TO-DATE
[        ] Caching disabled for task ':whisper_cpp_flutter_plus:processDebugNavigationResources' because:
[        ]   Build cache is disabled
[        ] Skipping task ':whisper_cpp_flutter_plus:processDebugNavigationResources' as it is up-to-date.
[        ] work action resolve debug (project :whisper_cpp_flutter_plus) (Thread[#55,included builds,5,main]) started.
[        ] Resolve mutations for :app:processDebugNavigationResources (Thread[#55,included builds,5,main]) started.
[        ] :app:processDebugNavigationResources (Thread[#55,included builds,5,main]) started.
[        ] > Task :app:processDebugNavigationResources UP-TO-DATE
[        ] Caching disabled for task ':app:processDebugNavigationResources' because:
[        ]   Build cache is disabled
[        ] Skipping task ':app:processDebugNavigationResources' as it is up-to-date.
[        ] Resolve mutations for :app:parseDebugLocalResources (Thread[#55,included builds,5,main]) started.
[        ] :app:parseDebugLocalResources (Thread[#55,included builds,5,main]) started.
[        ] > Task :app:parseDebugLocalResources UP-TO-DATE
[        ] Caching disabled for task ':app:parseDebugLocalResources' because:
[        ]   Build cache is disabled
[        ] Skipping task ':app:parseDebugLocalResources' as it is up-to-date.
[        ] Resolve mutations for :app:generateDebugRFile (Thread[#55,included builds,5,main]) started.
[        ] :app:generateDebugRFile (Thread[#55,included builds,5,main]) started.
[        ] > Task :app:generateDebugRFile UP-TO-DATE
[        ] Caching disabled for task ':app:generateDebugRFile' because:
[        ]   Build cache is disabled
[        ] Skipping task ':app:generateDebugRFile' as it is up-to-date.
[        ] Resolve mutations for :flutter_local_notifications:checkKotlinGradlePluginConfigurationErrors (Thread[#55,included builds,5,main]) started.
[        ] :flutter_local_notifications:checkKotlinGradlePluginConfigurationErrors (Thread[#55,included builds,5,main]) started.
[        ] > Task :flutter_local_notifications:checkKotlinGradlePluginConfigurationErrors SKIPPED
[        ] Skipping task ':flutter_local_notifications:checkKotlinGradlePluginConfigurationErrors' as task onlyIf 'errorDiagnostics are present' is false.
[        ] Resolve mutations for :flutter_local_notifications:generateDebugResources (Thread[#55,included builds,5,main]) started.
[        ] :flutter_local_notifications:generateDebugResources (Thread[#55,included builds,5,main]) started.
[        ] > Task :flutter_local_notifications:generateDebugResources UP-TO-DATE
[        ] Caching disabled for task ':flutter_local_notifications:generateDebugResources' because:
[        ]   Build cache is disabled
[        ] Skipping task ':flutter_local_notifications:generateDebugResources' as it is up-to-date.
[        ] Resolve mutations for :flutter_local_notifications:packageDebugResources (Thread[#55,included builds,5,main]) started.
[  +96 ms] :flutter_local_notifications:packageDebugResources (Thread[#55,included builds,5,main]) started.
[        ] > Task :flutter_local_notifications:packageDebugResources UP-TO-DATE
[        ] Caching disabled for task ':flutter_local_notifications:packageDebugResources' because:
[        ]   Build cache is disabled
[        ] Skipping task ':flutter_local_notifications:packageDebugResources' as it is up-to-date.
[        ] work action resolve packageDebugResources (project :flutter_local_notifications) (Thread[#55,included builds,5,main]) started.
[        ] Resolve mutations for :flutter_local_notifications:parseDebugLocalResources (Thread[#55,included builds,5,main]) started.
[        ] :flutter_local_notifications:parseDebugLocalResources (Thread[#55,included builds,5,main]) started.
[        ] > Task :flutter_local_notifications:parseDebugLocalResources UP-TO-DATE
[        ] Caching disabled for task ':flutter_local_notifications:parseDebugLocalResources' because:
[        ]   Build cache is disabled
[        ] Skipping task ':flutter_local_notifications:parseDebugLocalResources' as it is up-to-date.
[        ] Resolve mutations for :flutter_local_notifications:generateDebugRFile (Thread[#55,included builds,5,main]) started.
[        ] :flutter_local_notifications:generateDebugRFile (Thread[#55,included builds,5,main]) started.
[        ] > Task :flutter_local_notifications:generateDebugRFile UP-TO-DATE
[        ] Caching disabled for task ':flutter_local_notifications:generateDebugRFile' because:
[        ]   Build cache is disabled
[        ] Skipping task ':flutter_local_notifications:generateDebugRFile' as it is up-to-date.
[        ] work action resolve package-aware-r.txt (project :flutter_local_notifications) (Thread[#55,included builds,5,main]) started.
[        ] Resolve mutations for :flutter_local_notifications:compileDebugKotlin (Thread[#55,included builds,5,main]) started.
[        ] :flutter_local_notifications:compileDebugKotlin (Thread[#55,included builds,5,main]) started.
[        ] > Task :flutter_local_notifications:compileDebugKotlin NO-SOURCE
[        ] Skipping task ':flutter_local_notifications:compileDebugKotlin' as it has no source files and no previous output files.
[        ] Resolve mutations for :flutter_local_notifications:javaPreCompileDebug (Thread[#55,included builds,5,main]) started.
[        ] :flutter_local_notifications:javaPreCompileDebug (Thread[#55,included builds,5,main]) started.
[        ] > Task :flutter_local_notifications:javaPreCompileDebug UP-TO-DATE
[        ] Caching disabled for task ':flutter_local_notifications:javaPreCompileDebug' because:
[        ]   Build cache is disabled
[        ] Skipping task ':flutter_local_notifications:javaPreCompileDebug' as it is up-to-date.
[        ] Resolve mutations for :flutter_local_notifications:compileDebugJavaWithJavac (Thread[#55,included builds,5,main]) started.
[        ] :flutter_local_notifications:compileDebugJavaWithJavac (Thread[#55,included builds,5,main]) started.
[        ] > Task :flutter_local_notifications:compileDebugJavaWithJavac UP-TO-DATE
[        ] Custom actions are attached to task ':flutter_local_notifications:compileDebugJavaWithJavac'.
[        ] Caching disabled for task ':flutter_local_notifications:compileDebugJavaWithJavac' because:
[        ]   Build cache is disabled
[        ] Skipping task ':flutter_local_notifications:compileDebugJavaWithJavac' as it is up-to-date.
[        ] No compile result for :flutter_local_notifications:compileDebugJavaWithJavac
[        ] No compile result for :flutter_local_notifications:compileDebugJavaWithJavac
[        ] No compile result for :flutter_local_notifications:compileDebugJavaWithJavac
[        ] Resolve mutations for :flutter_local_notifications:bundleLibCompileToJarDebug (Thread[#55,included builds,5,main]) started.
[        ] :flutter_local_notifications:bundleLibCompileToJarDebug (Thread[#55,included builds,5,main]) started.
[        ] > Task :flutter_local_notifications:bundleLibCompileToJarDebug UP-TO-DATE
[        ] Caching disabled for task ':flutter_local_notifications:bundleLibCompileToJarDebug' because:
[        ]   Build cache is disabled
[        ]   Simple merging task
[        ] Skipping task ':flutter_local_notifications:bundleLibCompileToJarDebug' as it is up-to-date.
[        ] work action resolve classes.jar (project :flutter_local_notifications) (Thread[#55,included builds,5,main]) started.
[        ] Resolve mutations for :flutter_plugin_android_lifecycle:checkKotlinGradlePluginConfigurationErrors (Thread[#55,included builds,5,main]) started.
[        ] :flutter_plugin_android_lifecycle:checkKotlinGradlePluginConfigurationErrors (Thread[#55,included builds,5,main]) started.
[        ] > Task :flutter_plugin_android_lifecycle:checkKotlinGradlePluginConfigurationErrors SKIPPED
[        ] Skipping task ':flutter_plugin_android_lifecycle:checkKotlinGradlePluginConfigurationErrors' as task onlyIf 'errorDiagnostics are present' is false.
[        ] Resolve mutations for :flutter_plugin_android_lifecycle:generateDebugResources (Thread[#55,included builds,5,main]) started.
[        ] :flutter_plugin_android_lifecycle:generateDebugResources (Thread[#55,included builds,5,main]) started.
[        ] > Task :flutter_plugin_android_lifecycle:generateDebugResources UP-TO-DATE
[        ] Caching disabled for task ':flutter_plugin_android_lifecycle:generateDebugResources' because:
[        ]   Build cache is disabled
[        ] Skipping task ':flutter_plugin_android_lifecycle:generateDebugResources' as it is up-to-date.
[        ] Resolve mutations for :flutter_plugin_android_lifecycle:packageDebugResources (Thread[#55,included builds,5,main]) started.
[        ] :flutter_plugin_android_lifecycle:packageDebugResources (Thread[#55,included builds,5,main]) started.
[        ] > Task :flutter_plugin_android_lifecycle:packageDebugResources UP-TO-DATE
[        ] Caching disabled for task ':flutter_plugin_android_lifecycle:packageDebugResources' because:
[        ]   Build cache is disabled
[        ] Skipping task ':flutter_plugin_android_lifecycle:packageDebugResources' as it is up-to-date.
[        ] work action resolve packageDebugResources (project :flutter_plugin_android_lifecycle) (Thread[#55,included builds,5,main]) started.
[        ] Resolve mutations for :flutter_plugin_android_lifecycle:parseDebugLocalResources (Thread[#55,included builds,5,main]) started.
[        ] :flutter_plugin_android_lifecycle:parseDebugLocalResources (Thread[#55,included builds,5,main]) started.
[        ] > Task :flutter_plugin_android_lifecycle:parseDebugLocalResources UP-TO-DATE
[        ] Caching disabled for task ':flutter_plugin_android_lifecycle:parseDebugLocalResources' because:
[        ]   Build cache is disabled
[        ] Skipping task ':flutter_plugin_android_lifecycle:parseDebugLocalResources' as it is up-to-date.
[        ] Resolve mutations for :flutter_plugin_android_lifecycle:generateDebugRFile (Thread[#55,included builds,5,main]) started.
[        ] :flutter_plugin_android_lifecycle:generateDebugRFile (Thread[#55,included builds,5,main]) started.
[        ] > Task :flutter_plugin_android_lifecycle:generateDebugRFile UP-TO-DATE
[        ] Caching disabled for task ':flutter_plugin_android_lifecycle:generateDebugRFile' because:
[        ]   Build cache is disabled
[        ] Skipping task ':flutter_plugin_android_lifecycle:generateDebugRFile' as it is up-to-date.
[        ] work action resolve package-aware-r.txt (project :flutter_plugin_android_lifecycle) (Thread[#55,included builds,5,main]) started.
[        ] Resolve mutations for :flutter_plugin_android_lifecycle:compileDebugKotlin (Thread[#55,included builds,5,main]) started.
[        ] :flutter_plugin_android_lifecycle:compileDebugKotlin (Thread[#55,included builds,5,main]) started.
[  +97 ms] > Task :flutter_plugin_android_lifecycle:compileDebugKotlin NO-SOURCE
[        ] Skipping task ':flutter_plugin_android_lifecycle:compileDebugKotlin' as it has no source files and no previous output files.
[        ] Resolve mutations for :flutter_plugin_android_lifecycle:javaPreCompileDebug (Thread[#55,included builds,5,main]) started.
[        ] :flutter_plugin_android_lifecycle:javaPreCompileDebug (Thread[#55,included builds,5,main]) started.
[        ] > Task :flutter_plugin_android_lifecycle:javaPreCompileDebug UP-TO-DATE
[        ] Caching disabled for task ':flutter_plugin_android_lifecycle:javaPreCompileDebug' because:
[        ]   Build cache is disabled
[        ] Skipping task ':flutter_plugin_android_lifecycle:javaPreCompileDebug' as it is up-to-date.
[        ] Resolve mutations for :flutter_plugin_android_lifecycle:compileDebugJavaWithJavac (Thread[#55,included builds,5,main]) started.
[        ] :flutter_plugin_android_lifecycle:compileDebugJavaWithJavac (Thread[#55,included builds,5,main]) started.
[        ] > Task :flutter_plugin_android_lifecycle:compileDebugJavaWithJavac UP-TO-DATE
[        ] Custom actions are attached to task ':flutter_plugin_android_lifecycle:compileDebugJavaWithJavac'.
[        ] Caching disabled for task ':flutter_plugin_android_lifecycle:compileDebugJavaWithJavac' because:
[        ]   Build cache is disabled
[        ] Skipping task ':flutter_plugin_android_lifecycle:compileDebugJavaWithJavac' as it is up-to-date.
[        ] No compile result for :flutter_plugin_android_lifecycle:compileDebugJavaWithJavac
[        ] No compile result for :flutter_plugin_android_lifecycle:compileDebugJavaWithJavac
[        ] No compile result for :flutter_plugin_android_lifecycle:compileDebugJavaWithJavac
[        ] Resolve mutations for :flutter_plugin_android_lifecycle:bundleLibCompileToJarDebug (Thread[#55,included builds,5,main]) started.
[        ] :flutter_plugin_android_lifecycle:bundleLibCompileToJarDebug (Thread[#55,included builds,5,main]) started.
[        ] > Task :flutter_plugin_android_lifecycle:bundleLibCompileToJarDebug UP-TO-DATE
[        ] Caching disabled for task ':flutter_plugin_android_lifecycle:bundleLibCompileToJarDebug' because:
[        ]   Build cache is disabled
[        ]   Simple merging task
[        ] Skipping task ':flutter_plugin_android_lifecycle:bundleLibCompileToJarDebug' as it is up-to-date.
[        ] work action resolve classes.jar (project :flutter_plugin_android_lifecycle) (Thread[#55,included builds,5,main]) started.
[        ] Resolve mutations for :flutter_secure_storage:checkKotlinGradlePluginConfigurationErrors (Thread[#55,included builds,5,main]) started.
[        ] :flutter_secure_storage:checkKotlinGradlePluginConfigurationErrors (Thread[#55,included builds,5,main]) started.
[        ] > Task :flutter_secure_storage:checkKotlinGradlePluginConfigurationErrors SKIPPED
[        ] Skipping task ':flutter_secure_storage:checkKotlinGradlePluginConfigurationErrors' as task onlyIf 'errorDiagnostics are present' is false.
[        ] Resolve mutations for :flutter_secure_storage:generateDebugBuildConfig (Thread[#55,included builds,5,main]) started.
[        ] :flutter_secure_storage:generateDebugBuildConfig (Thread[#55,included builds,5,main]) started.
[        ] > Task :flutter_secure_storage:generateDebugBuildConfig UP-TO-DATE
[        ] Caching disabled for task ':flutter_secure_storage:generateDebugBuildConfig' because:
[        ]   Build cache is disabled
[        ] Skipping task ':flutter_secure_storage:generateDebugBuildConfig' as it is up-to-date.
[        ] Resolve mutations for :flutter_secure_storage:generateDebugResources (Thread[#55,included builds,5,main]) started.
[        ] :flutter_secure_storage:generateDebugResources (Thread[#55,included builds,5,main]) started.
[        ] > Task :flutter_secure_storage:generateDebugResources UP-TO-DATE
[        ] Caching disabled for task ':flutter_secure_storage:generateDebugResources' because:
[        ]   Build cache is disabled
[        ] Skipping task ':flutter_secure_storage:generateDebugResources' as it is up-to-date.
[        ] Resolve mutations for :flutter_secure_storage:packageDebugResources (Thread[#55,included builds,5,main]) started.
[        ] :flutter_secure_storage:packageDebugResources (Thread[#55,included builds,5,main]) started.
[        ] > Task :flutter_secure_storage:packageDebugResources UP-TO-DATE
[        ] Caching disabled for task ':flutter_secure_storage:packageDebugResources' because:
[        ]   Build cache is disabled
[        ] Skipping task ':flutter_secure_storage:packageDebugResources' as it is up-to-date.
[        ] work action resolve packageDebugResources (project :flutter_secure_storage) (Thread[#55,included builds,5,main]) started.
[        ] Resolve mutations for :flutter_secure_storage:parseDebugLocalResources (Thread[#55,included builds,5,main]) started.
[        ] :flutter_secure_storage:parseDebugLocalResources (Thread[#55,included builds,5,main]) started.
[        ] > Task :flutter_secure_storage:parseDebugLocalResources UP-TO-DATE
[        ] Caching disabled for task ':flutter_secure_storage:parseDebugLocalResources' because:
[        ]   Build cache is disabled
[        ] Skipping task ':flutter_secure_storage:parseDebugLocalResources' as it is up-to-date.
[        ] Resolve mutations for :flutter_secure_storage:generateDebugRFile (Thread[#55,included builds,5,main]) started.
[        ] :flutter_secure_storage:generateDebugRFile (Thread[#55,included builds,5,main]) started.
[        ] > Task :flutter_secure_storage:generateDebugRFile UP-TO-DATE
[        ] Caching disabled for task ':flutter_secure_storage:generateDebugRFile' because:
[        ]   Build cache is disabled
[        ] Skipping task ':flutter_secure_storage:generateDebugRFile' as it is up-to-date.
[        ] work action resolve package-aware-r.txt (project :flutter_secure_storage) (Thread[#55,included builds,5,main]) started.
[        ] Resolve mutations for :flutter_secure_storage:compileDebugKotlin (Thread[#55,included builds,5,main]) started.
[        ] :flutter_secure_storage:compileDebugKotlin (Thread[#55,included builds,5,main]) started.
[        ] > Task :flutter_secure_storage:compileDebugKotlin NO-SOURCE
[        ] Skipping task ':flutter_secure_storage:compileDebugKotlin' as it has no source files and no previous output files.
[        ] Resolve mutations for :flutter_secure_storage:javaPreCompileDebug (Thread[#55,included builds,5,main]) started.
[        ] :flutter_secure_storage:javaPreCompileDebug (Thread[#55,included builds,5,main]) started.
[        ] > Task :flutter_secure_storage:javaPreCompileDebug UP-TO-DATE
[        ] Caching disabled for task ':flutter_secure_storage:javaPreCompileDebug' because:
[        ]   Build cache is disabled
[        ] Skipping task ':flutter_secure_storage:javaPreCompileDebug' as it is up-to-date.
[        ] Resolve mutations for :flutter_secure_storage:compileDebugJavaWithJavac (Thread[#55,included builds,5,main]) started.
[        ] :flutter_secure_storage:compileDebugJavaWithJavac (Thread[#55,included builds,5,main]) started.
[        ] > Task :flutter_secure_storage:compileDebugJavaWithJavac UP-TO-DATE
[        ] Custom actions are attached to task ':flutter_secure_storage:compileDebugJavaWithJavac'.
[        ] Caching disabled for task ':flutter_secure_storage:compileDebugJavaWithJavac' because:
[        ]   Build cache is disabled
[        ] Skipping task ':flutter_secure_storage:compileDebugJavaWithJavac' as it is up-to-date.
[        ] No compile result for :flutter_secure_storage:compileDebugJavaWithJavac
[        ] No compile result for :flutter_secure_storage:compileDebugJavaWithJavac
[        ] No compile result for :flutter_secure_storage:compileDebugJavaWithJavac
[        ] Resolve mutations for :flutter_secure_storage:bundleLibCompileToJarDebug (Thread[#55,included builds,5,main]) started.
[        ] :flutter_secure_storage:bundleLibCompileToJarDebug (Thread[#55,included builds,5,main]) started.
[        ] > Task :flutter_secure_storage:bundleLibCompileToJarDebug UP-TO-DATE
[        ] Caching disabled for task ':flutter_secure_storage:bundleLibCompileToJarDebug' because:
[        ]   Build cache is disabled
[        ]   Simple merging task
[        ] Skipping task ':flutter_secure_storage:bundleLibCompileToJarDebug' as it is up-to-date.
[        ] work action resolve classes.jar (project :flutter_secure_storage) (Thread[#55,included builds,5,main]) started.
[        ] Resolve mutations for :jni:checkKotlinGradlePluginConfigurationErrors (Thread[#55,included builds,5,main]) started.
[        ] :jni:checkKotlinGradlePluginConfigurationErrors (Thread[#55,included builds,5,main]) started.
[        ] > Task :jni:checkKotlinGradlePluginConfigurationErrors SKIPPED
[        ] Skipping task ':jni:checkKotlinGradlePluginConfigurationErrors' as task onlyIf 'errorDiagnostics are present' is false.
[        ] Resolve mutations for :jni:generateDebugResources (Thread[#55,included builds,5,main]) started.
[        ] :jni:generateDebugResources (Thread[#55,included builds,5,main]) started.
[        ] > Task :jni:generateDebugResources UP-TO-DATE
[        ] Caching disabled for task ':jni:generateDebugResources' because:
[        ]   Build cache is disabled
[        ] Skipping task ':jni:generateDebugResources' as it is up-to-date.
[        ] Resolve mutations for :jni:packageDebugResources (Thread[#55,included builds,5,main]) started.
[        ] :jni:packageDebugResources (Thread[#55,included builds,5,main]) started.
[        ] > Task :jni:packageDebugResources UP-TO-DATE
[        ] Caching disabled for task ':jni:packageDebugResources' because:
[        ]   Build cache is disabled
[        ] Skipping task ':jni:packageDebugResources' as it is up-to-date.
[        ] work action resolve packageDebugResources (project :jni) (Thread[#55,included builds,5,main]) started.
[        ] Resolve mutations for :jni:parseDebugLocalResources (Thread[#55,included builds,5,main]) started.
[        ] :jni:parseDebugLocalResources (Thread[#55,included builds,5,main]) started.
[        ] > Task :jni:parseDebugLocalResources UP-TO-DATE
[        ] Caching disabled for task ':jni:parseDebugLocalResources' because:
[        ]   Build cache is disabled
[        ] Skipping task ':jni:parseDebugLocalResources' as it is up-to-date.
[        ] Resolve mutations for :jni:generateDebugRFile (Thread[#55,included builds,5,main]) started.
[        ] :jni:generateDebugRFile (Thread[#55,included builds,5,main]) started.
[        ] > Task :jni:generateDebugRFile UP-TO-DATE
[        ] Caching disabled for task ':jni:generateDebugRFile' because:
[        ]   Build cache is disabled
[        ] Skipping task ':jni:generateDebugRFile' as it is up-to-date.
[        ] work action resolve package-aware-r.txt (project :jni) (Thread[#55,included builds,5,main]) started.
[        ] Resolve mutations for :jni:compileDebugKotlin (Thread[#55,included builds,5,main]) started.
[        ] :jni:compileDebugKotlin (Thread[#55,included builds,5,main]) started.
[        ] > Task :jni:compileDebugKotlin NO-SOURCE
[        ] Skipping task ':jni:compileDebugKotlin' as it has no source files and no previous output files.
[        ] Resolve mutations for :jni:javaPreCompileDebug (Thread[#55,included builds,5,main]) started.
[        ] :jni:javaPreCompileDebug (Thread[#55,included builds,5,main]) started.
[        ] > Task :jni:javaPreCompileDebug UP-TO-DATE
[        ] Caching disabled for task ':jni:javaPreCompileDebug' because:
[        ]   Build cache is disabled
[        ] Skipping task ':jni:javaPreCompileDebug' as it is up-to-date.
[        ] Resolve mutations for :jni:compileDebugJavaWithJavac (Thread[#55,included builds,5,main]) started.
[        ] :jni:compileDebugJavaWithJavac (Thread[#55,included builds,5,main]) started.
[  +96 ms] > Task :jni:compileDebugJavaWithJavac UP-TO-DATE
[        ] Custom actions are attached to task ':jni:compileDebugJavaWithJavac'.
[        ] Caching disabled for task ':jni:compileDebugJavaWithJavac' because:
[        ]   Build cache is disabled
[        ] Skipping task ':jni:compileDebugJavaWithJavac' as it is up-to-date.
[        ] No compile result for :jni:compileDebugJavaWithJavac
[        ] No compile result for :jni:compileDebugJavaWithJavac
[        ] No compile result for :jni:compileDebugJavaWithJavac
[        ] Resolve mutations for :jni:bundleLibCompileToJarDebug (Thread[#55,included builds,5,main]) started.
[        ] :jni:bundleLibCompileToJarDebug (Thread[#55,included builds,5,main]) started.
[        ] > Task :jni:bundleLibCompileToJarDebug UP-TO-DATE
[        ] Caching disabled for task ':jni:bundleLibCompileToJarDebug' because:
[        ]   Build cache is disabled
[        ]   Simple merging task
[        ] Skipping task ':jni:bundleLibCompileToJarDebug' as it is up-to-date.
[        ] work action resolve classes.jar (project :jni) (Thread[#55,included builds,5,main]) started.
[        ] Resolve mutations for :jni_flutter:checkKotlinGradlePluginConfigurationErrors (Thread[#55,included builds,5,main]) started.
[        ] :jni_flutter:checkKotlinGradlePluginConfigurationErrors (Thread[#55,included builds,5,main]) started.
[        ] > Task :jni_flutter:checkKotlinGradlePluginConfigurationErrors SKIPPED
[        ] Skipping task ':jni_flutter:checkKotlinGradlePluginConfigurationErrors' as task onlyIf 'errorDiagnostics are present' is false.
[        ] Resolve mutations for :jni_flutter:generateDebugResources (Thread[#55,included builds,5,main]) started.
[        ] :jni_flutter:generateDebugResources (Thread[#55,included builds,5,main]) started.
[        ] > Task :jni_flutter:generateDebugResources UP-TO-DATE
[        ] Caching disabled for task ':jni_flutter:generateDebugResources' because:
[        ]   Build cache is disabled
[        ] Skipping task ':jni_flutter:generateDebugResources' as it is up-to-date.
[        ] Resolve mutations for :jni_flutter:packageDebugResources (Thread[#55,included builds,5,main]) started.
[        ] :jni_flutter:packageDebugResources (Thread[#55,included builds,5,main]) started.
[        ] > Task :jni_flutter:packageDebugResources UP-TO-DATE
[        ] Caching disabled for task ':jni_flutter:packageDebugResources' because:
[        ]   Build cache is disabled
[        ] Skipping task ':jni_flutter:packageDebugResources' as it is up-to-date.
[        ] work action resolve packageDebugResources (project :jni_flutter) (Thread[#55,included builds,5,main]) started.
[        ] Resolve mutations for :jni_flutter:parseDebugLocalResources (Thread[#55,included builds,5,main]) started.
[        ] :jni_flutter:parseDebugLocalResources (Thread[#55,included builds,5,main]) started.
[        ] > Task :jni_flutter:parseDebugLocalResources UP-TO-DATE
[        ] Caching disabled for task ':jni_flutter:parseDebugLocalResources' because:
[        ]   Build cache is disabled
[        ] Skipping task ':jni_flutter:parseDebugLocalResources' as it is up-to-date.
[        ] Resolve mutations for :jni_flutter:generateDebugRFile (Thread[#55,included builds,5,main]) started.
[        ] :jni_flutter:generateDebugRFile (Thread[#55,included builds,5,main]) started.
[        ] > Task :jni_flutter:generateDebugRFile UP-TO-DATE
[        ] Caching disabled for task ':jni_flutter:generateDebugRFile' because:
[        ]   Build cache is disabled
[        ] Skipping task ':jni_flutter:generateDebugRFile' as it is up-to-date.
[        ] work action resolve package-aware-r.txt (project :jni_flutter) (Thread[#55,included builds,5,main]) started.
[        ] Resolve mutations for :jni_flutter:compileDebugKotlin (Thread[#55,included builds,5,main]) started.
[        ] :jni_flutter:compileDebugKotlin (Thread[#55,included builds,5,main]) started.
[        ] > Task :jni_flutter:compileDebugKotlin NO-SOURCE
[        ] Skipping task ':jni_flutter:compileDebugKotlin' as it has no source files and no previous output files.
[        ] Resolve mutations for :jni_flutter:javaPreCompileDebug (Thread[#55,included builds,5,main]) started.
[        ] :jni_flutter:javaPreCompileDebug (Thread[#55,included builds,5,main]) started.
[        ] > Task :jni_flutter:javaPreCompileDebug UP-TO-DATE
[        ] Caching disabled for task ':jni_flutter:javaPreCompileDebug' because:
[        ]   Build cache is disabled
[        ] Skipping task ':jni_flutter:javaPreCompileDebug' as it is up-to-date.
[        ] Resolve mutations for :jni_flutter:compileDebugJavaWithJavac (Thread[#55,included builds,5,main]) started.
[        ] :jni_flutter:compileDebugJavaWithJavac (Thread[#55,included builds,5,main]) started.
[        ] > Task :jni_flutter:compileDebugJavaWithJavac UP-TO-DATE
[        ] Custom actions are attached to task ':jni_flutter:compileDebugJavaWithJavac'.
[        ] Caching disabled for task ':jni_flutter:compileDebugJavaWithJavac' because:
[        ]   Build cache is disabled
[        ] Skipping task ':jni_flutter:compileDebugJavaWithJavac' as it is up-to-date.
[        ] No compile result for :jni_flutter:compileDebugJavaWithJavac
[        ] No compile result for :jni_flutter:compileDebugJavaWithJavac
[        ] No compile result for :jni_flutter:compileDebugJavaWithJavac
[        ] Resolve mutations for :jni_flutter:bundleLibCompileToJarDebug (Thread[#55,included builds,5,main]) started.
[        ] :jni_flutter:bundleLibCompileToJarDebug (Thread[#55,included builds,5,main]) started.
[        ] > Task :jni_flutter:bundleLibCompileToJarDebug UP-TO-DATE
[        ] Caching disabled for task ':jni_flutter:bundleLibCompileToJarDebug' because:
[        ]   Build cache is disabled
[        ]   Simple merging task
[        ] Skipping task ':jni_flutter:bundleLibCompileToJarDebug' as it is up-to-date.
[        ] work action resolve classes.jar (project :jni_flutter) (Thread[#55,included builds,5,main]) started.
[        ] Resolve mutations for :local_auth_android:checkKotlinGradlePluginConfigurationErrors (Thread[#55,included builds,5,main]) started.
[        ] :local_auth_android:checkKotlinGradlePluginConfigurationErrors (Thread[#55,included builds,5,main]) started.
[        ] > Task :local_auth_android:checkKotlinGradlePluginConfigurationErrors SKIPPED
[        ] Skipping task ':local_auth_android:checkKotlinGradlePluginConfigurationErrors' as task onlyIf 'errorDiagnostics are present' is false.
[        ] Resolve mutations for :local_auth_android:generateDebugResources (Thread[#55,included builds,5,main]) started.
[        ] :local_auth_android:generateDebugResources (Thread[#55,included builds,5,main]) started.
[        ] > Task :local_auth_android:generateDebugResources UP-TO-DATE
[        ] Caching disabled for task ':local_auth_android:generateDebugResources' because:
[        ]   Build cache is disabled
[        ] Skipping task ':local_auth_android:generateDebugResources' as it is up-to-date.
[        ] Resolve mutations for :local_auth_android:packageDebugResources (Thread[#55,included builds,5,main]) started.
[        ] :local_auth_android:packageDebugResources (Thread[#55,included builds,5,main]) started.
[        ] > Task :local_auth_android:packageDebugResources UP-TO-DATE
[        ] Caching disabled for task ':local_auth_android:packageDebugResources' because:
[        ]   Build cache is disabled
[        ] Skipping task ':local_auth_android:packageDebugResources' as it is up-to-date.
[        ] work action resolve packageDebugResources (project :local_auth_android) (Thread[#55,included builds,5,main]) started.
[        ] Resolve mutations for :local_auth_android:parseDebugLocalResources (Thread[#55,included builds,5,main]) started.
[        ] :local_auth_android:parseDebugLocalResources (Thread[#55,included builds,5,main]) started.
[        ] > Task :local_auth_android:parseDebugLocalResources UP-TO-DATE
[        ] Caching disabled for task ':local_auth_android:parseDebugLocalResources' because:
[        ]   Build cache is disabled
[        ] Skipping task ':local_auth_android:parseDebugLocalResources' as it is up-to-date.
[        ] Resolve mutations for :local_auth_android:generateDebugRFile (Thread[#55,included builds,5,main]) started.
[        ] :local_auth_android:generateDebugRFile (Thread[#55,included builds,5,main]) started.
[        ] > Task :local_auth_android:generateDebugRFile UP-TO-DATE
[        ] Caching disabled for task ':local_auth_android:generateDebugRFile' because:
[        ]   Build cache is disabled
[        ] Skipping task ':local_auth_android:generateDebugRFile' as it is up-to-date.
[        ] work action resolve package-aware-r.txt (project :local_auth_android) (Thread[#55,included builds,5,main]) started.
[        ] Resolve mutations for :local_auth_android:compileDebugKotlin (Thread[#55,included builds,5,main]) started.
[        ] :local_auth_android:compileDebugKotlin (Thread[#55,included builds,5,main]) started.
[  +96 ms] > Task :local_auth_android:compileDebugKotlin UP-TO-DATE
[        ] Adding -Xuse-inline-scopes-numbers Kotlin compiler flag for task :local_auth_android:compileDebugAndroidTestKotlin
[        ] Caching disabled for task ':local_auth_android:compileDebugKotlin' because:
[        ]   Build cache is disabled
[        ] Skipping task ':local_auth_android:compileDebugKotlin' as it is up-to-date.
[        ] Resolve mutations for :local_auth_android:javaPreCompileDebug (Thread[#55,included builds,5,main]) started.
[        ] :local_auth_android:javaPreCompileDebug (Thread[#55,included builds,5,main]) started.
[        ] > Task :local_auth_android:javaPreCompileDebug UP-TO-DATE
[        ] Caching disabled for task ':local_auth_android:javaPreCompileDebug' because:
[        ]   Build cache is disabled
[        ] Skipping task ':local_auth_android:javaPreCompileDebug' as it is up-to-date.
[        ] Resolve mutations for :local_auth_android:compileDebugJavaWithJavac (Thread[#55,included builds,5,main]) started.
[        ] :local_auth_android:compileDebugJavaWithJavac (Thread[#55,included builds,5,main]) started.
[        ] > Task :local_auth_android:compileDebugJavaWithJavac UP-TO-DATE
[        ] Custom actions are attached to task ':local_auth_android:compileDebugJavaWithJavac'.
[        ] Caching disabled for task ':local_auth_android:compileDebugJavaWithJavac' because:
[        ]   Build cache is disabled
[        ] Skipping task ':local_auth_android:compileDebugJavaWithJavac' as it is up-to-date.
[        ] No compile result for :local_auth_android:compileDebugJavaWithJavac
[        ] No compile result for :local_auth_android:compileDebugJavaWithJavac
[        ] No compile result for :local_auth_android:compileDebugJavaWithJavac
[        ] Resolve mutations for :local_auth_android:bundleLibCompileToJarDebug (Thread[#55,included builds,5,main]) started.
[        ] :local_auth_android:bundleLibCompileToJarDebug (Thread[#55,included builds,5,main]) started.
[        ] > Task :local_auth_android:bundleLibCompileToJarDebug UP-TO-DATE
[        ] Caching disabled for task ':local_auth_android:bundleLibCompileToJarDebug' because:
[        ]   Build cache is disabled
[        ]   Simple merging task
[        ] Skipping task ':local_auth_android:bundleLibCompileToJarDebug' as it is up-to-date.
[        ] work action resolve classes.jar (project :local_auth_android) (Thread[#55,included builds,5,main]) started.
[        ] Resolve mutations for :printing:checkKotlinGradlePluginConfigurationErrors (Thread[#55,included builds,5,main]) started.
[        ] :printing:checkKotlinGradlePluginConfigurationErrors (Thread[#55,included builds,5,main]) started.
[        ] > Task :printing:checkKotlinGradlePluginConfigurationErrors SKIPPED
[        ] Skipping task ':printing:checkKotlinGradlePluginConfigurationErrors' as task onlyIf 'errorDiagnostics are present' is false.
[        ] Resolve mutations for :printing:generateDebugResources (Thread[#55,included builds,5,main]) started.
[        ] :printing:generateDebugResources (Thread[#55,included builds,5,main]) started.
[        ] > Task :printing:generateDebugResources UP-TO-DATE
[        ] Caching disabled for task ':printing:generateDebugResources' because:
[        ]   Build cache is disabled
[        ] Skipping task ':printing:generateDebugResources' as it is up-to-date.
[        ] Resolve mutations for :printing:packageDebugResources (Thread[#55,included builds,5,main]) started.
[        ] :printing:packageDebugResources (Thread[#55,included builds,5,main]) started.
[        ] > Task :printing:packageDebugResources UP-TO-DATE
[        ] Caching disabled for task ':printing:packageDebugResources' because:
[        ]   Build cache is disabled
[        ] Skipping task ':printing:packageDebugResources' as it is up-to-date.
[        ] work action resolve packageDebugResources (project :printing) (Thread[#55,included builds,5,main]) started.
[        ] Resolve mutations for :printing:parseDebugLocalResources (Thread[#55,included builds,5,main]) started.
[        ] :printing:parseDebugLocalResources (Thread[#55,included builds,5,main]) started.
[        ] > Task :printing:parseDebugLocalResources UP-TO-DATE
[        ] Caching disabled for task ':printing:parseDebugLocalResources' because:
[        ]   Build cache is disabled
[        ] Skipping task ':printing:parseDebugLocalResources' as it is up-to-date.
[        ] Resolve mutations for :printing:generateDebugRFile (Thread[#55,included builds,5,main]) started.
[        ] :printing:generateDebugRFile (Thread[#55,included builds,5,main]) started.
[        ] > Task :printing:generateDebugRFile UP-TO-DATE
[        ] Caching disabled for task ':printing:generateDebugRFile' because:
[        ]   Build cache is disabled
[        ] Skipping task ':printing:generateDebugRFile' as it is up-to-date.
[        ] work action resolve package-aware-r.txt (project :printing) (Thread[#55,included builds,5,main]) started.
[        ] Resolve mutations for :printing:compileDebugKotlin (Thread[#55,included builds,5,main]) started.
[        ] :printing:compileDebugKotlin (Thread[#55,included builds,5,main]) started.
[        ] > Task :printing:compileDebugKotlin NO-SOURCE
[        ] Skipping task ':printing:compileDebugKotlin' as it has no source files and no previous output files.
[        ] Resolve mutations for :printing:javaPreCompileDebug (Thread[#55,included builds,5,main]) started.
[        ] :printing:javaPreCompileDebug (Thread[#55,included builds,5,main]) started.
[        ] > Task :printing:javaPreCompileDebug UP-TO-DATE
[        ] Caching disabled for task ':printing:javaPreCompileDebug' because:
[        ]   Build cache is disabled
[        ] Skipping task ':printing:javaPreCompileDebug' as it is up-to-date.
[        ] Resolve mutations for :printing:compileDebugJavaWithJavac (Thread[#55,included builds,5,main]) started.
[        ] :printing:compileDebugJavaWithJavac (Thread[#55,included builds,5,main]) started.
[        ] > Task :printing:compileDebugJavaWithJavac UP-TO-DATE
[        ] Custom actions are attached to task ':printing:compileDebugJavaWithJavac'.
[        ] Caching disabled for task ':printing:compileDebugJavaWithJavac' because:
[        ]   Build cache is disabled
[        ] Skipping task ':printing:compileDebugJavaWithJavac' as it is up-to-date.
[        ] No compile result for :printing:compileDebugJavaWithJavac
[        ] No compile result for :printing:compileDebugJavaWithJavac
[        ] No compile result for :printing:compileDebugJavaWithJavac
[        ] Resolve mutations for :printing:bundleLibCompileToJarDebug (Thread[#55,included builds,5,main]) started.
[        ] :printing:bundleLibCompileToJarDebug (Thread[#55,included builds,5,main]) started.
[        ] > Task :printing:bundleLibCompileToJarDebug UP-TO-DATE
[        ] Caching disabled for task ':printing:bundleLibCompileToJarDebug' because:
[        ]   Build cache is disabled
[        ]   Simple merging task
[        ] Skipping task ':printing:bundleLibCompileToJarDebug' as it is up-to-date.
[        ] work action resolve classes.jar (project :printing) (Thread[#55,included builds,5,main]) started.
[        ] Resolve mutations for :share_plus:checkKotlinGradlePluginConfigurationErrors (Thread[#55,included builds,5,main]) started.
[        ] :share_plus:checkKotlinGradlePluginConfigurationErrors (Thread[#55,included builds,5,main]) started.
[        ] > Task :share_plus:checkKotlinGradlePluginConfigurationErrors SKIPPED
[        ] Skipping task ':share_plus:checkKotlinGradlePluginConfigurationErrors' as task onlyIf 'errorDiagnostics are present' is false.
[        ] Resolve mutations for :share_plus:generateDebugResources (Thread[#55,included builds,5,main]) started.
[        ] :share_plus:generateDebugResources (Thread[#55,included builds,5,main]) started.
[        ] > Task :share_plus:generateDebugResources UP-TO-DATE
[        ] Caching disabled for task ':share_plus:generateDebugResources' because:
[        ]   Build cache is disabled
[        ] Skipping task ':share_plus:generateDebugResources' as it is up-to-date.
[        ] Resolve mutations for :share_plus:packageDebugResources (Thread[#55,included builds,5,main]) started.
[        ] :share_plus:packageDebugResources (Thread[#55,included builds,5,main]) started.
[        ] > Task :share_plus:packageDebugResources UP-TO-DATE
[        ] Caching disabled for task ':share_plus:packageDebugResources' because:
[        ]   Build cache is disabled
[        ] Skipping task ':share_plus:packageDebugResources' as it is up-to-date.
[        ] work action resolve packageDebugResources (project :share_plus) (Thread[#55,included builds,5,main]) started.
[        ] Resolve mutations for :share_plus:parseDebugLocalResources (Thread[#55,included builds,5,main]) started.
[        ] :share_plus:parseDebugLocalResources (Thread[#55,included builds,5,main]) started.
[        ] > Task :share_plus:parseDebugLocalResources UP-TO-DATE
[        ] Caching disabled for task ':share_plus:parseDebugLocalResources' because:
[        ]   Build cache is disabled
[        ] Skipping task ':share_plus:parseDebugLocalResources' as it is up-to-date.
[        ] Resolve mutations for :share_plus:generateDebugRFile (Thread[#55,included builds,5,main]) started.
[        ] :share_plus:generateDebugRFile (Thread[#55,included builds,5,main]) started.
[        ] > Task :share_plus:generateDebugRFile UP-TO-DATE
[        ] Caching disabled for task ':share_plus:generateDebugRFile' because:
[        ]   Build cache is disabled
[        ] Skipping task ':share_plus:generateDebugRFile' as it is up-to-date.
[        ] work action resolve package-aware-r.txt (project :share_plus) (Thread[#55,included builds,5,main]) started.
[        ] Resolve mutations for :share_plus:compileDebugKotlin (Thread[#55,included builds,5,main]) started.
[        ] :share_plus:compileDebugKotlin (Thread[#55,included builds,5,main]) started.
[  +96 ms] > Task :share_plus:compileDebugKotlin UP-TO-DATE
[        ] Adding -Xuse-inline-scopes-numbers Kotlin compiler flag for task :share_plus:compileDebugAndroidTestKotlin
[        ] Caching disabled for task ':share_plus:compileDebugKotlin' because:
[        ]   Build cache is disabled
[        ] Skipping task ':share_plus:compileDebugKotlin' as it is up-to-date.
[        ] Resolve mutations for :share_plus:javaPreCompileDebug (Thread[#55,included builds,5,main]) started.
[        ] :share_plus:javaPreCompileDebug (Thread[#55,included builds,5,main]) started.
[        ] > Task :share_plus:javaPreCompileDebug UP-TO-DATE
[        ] Caching disabled for task ':share_plus:javaPreCompileDebug' because:
[        ]   Build cache is disabled
[        ] Skipping task ':share_plus:javaPreCompileDebug' as it is up-to-date.
[        ] Resolve mutations for :share_plus:compileDebugJavaWithJavac (Thread[#55,included builds,5,main]) started.
[        ] :share_plus:compileDebugJavaWithJavac (Thread[#55,included builds,5,main]) started.
[        ] > Task :share_plus:compileDebugJavaWithJavac NO-SOURCE
[        ] Skipping task ':share_plus:compileDebugJavaWithJavac' as it has no source files and no previous output files.
[        ] Resolve mutations for :share_plus:bundleLibCompileToJarDebug (Thread[#55,included builds,5,main]) started.
[        ] :share_plus:bundleLibCompileToJarDebug (Thread[#55,included builds,5,main]) started.
[        ] > Task :share_plus:bundleLibCompileToJarDebug UP-TO-DATE
[        ] Caching disabled for task ':share_plus:bundleLibCompileToJarDebug' because:
[        ]   Build cache is disabled
[        ]   Simple merging task
[        ] Skipping task ':share_plus:bundleLibCompileToJarDebug' as it is up-to-date.
[        ] work action resolve classes.jar (project :share_plus) (Thread[#55,included builds,5,main]) started.
[        ] Resolve mutations for :shared_preferences_android:checkKotlinGradlePluginConfigurationErrors (Thread[#55,included builds,5,main]) started.
[        ] :shared_preferences_android:checkKotlinGradlePluginConfigurationErrors (Thread[#55,included builds,5,main]) started.
[        ] > Task :shared_preferences_android:checkKotlinGradlePluginConfigurationErrors SKIPPED
[        ] Skipping task ':shared_preferences_android:checkKotlinGradlePluginConfigurationErrors' as task onlyIf 'errorDiagnostics are present' is false.
[        ] Resolve mutations for :shared_preferences_android:generateDebugResources (Thread[#55,included builds,5,main]) started.
[        ] :shared_preferences_android:generateDebugResources (Thread[#55,included builds,5,main]) started.
[        ] > Task :shared_preferences_android:generateDebugResources UP-TO-DATE
[        ] Caching disabled for task ':shared_preferences_android:generateDebugResources' because:
[        ]   Build cache is disabled
[        ] Skipping task ':shared_preferences_android:generateDebugResources' as it is up-to-date.
[        ] Resolve mutations for :shared_preferences_android:packageDebugResources (Thread[#55,included builds,5,main]) started.
[        ] :shared_preferences_android:packageDebugResources (Thread[#55,included builds,5,main]) started.
[        ] > Task :shared_preferences_android:packageDebugResources UP-TO-DATE
[        ] Caching disabled for task ':shared_preferences_android:packageDebugResources' because:
[        ]   Build cache is disabled
[        ] Skipping task ':shared_preferences_android:packageDebugResources' as it is up-to-date.
[        ] work action resolve packageDebugResources (project :shared_preferences_android) (Thread[#55,included builds,5,main]) started.
[        ] Resolve mutations for :shared_preferences_android:parseDebugLocalResources (Thread[#55,included builds,5,main]) started.
[        ] :shared_preferences_android:parseDebugLocalResources (Thread[#55,included builds,5,main]) started.
[        ] > Task :shared_preferences_android:parseDebugLocalResources UP-TO-DATE
[        ] Caching disabled for task ':shared_preferences_android:parseDebugLocalResources' because:
[        ]   Build cache is disabled
[        ] Skipping task ':shared_preferences_android:parseDebugLocalResources' as it is up-to-date.
[        ] Resolve mutations for :shared_preferences_android:generateDebugRFile (Thread[#55,included builds,5,main]) started.
[        ] :shared_preferences_android:generateDebugRFile (Thread[#55,included builds,5,main]) started.
[        ] > Task :shared_preferences_android:generateDebugRFile UP-TO-DATE
[        ] Caching disabled for task ':shared_preferences_android:generateDebugRFile' because:
[        ]   Build cache is disabled
[        ] Skipping task ':shared_preferences_android:generateDebugRFile' as it is up-to-date.
[        ] work action resolve package-aware-r.txt (project :shared_preferences_android) (Thread[#55,included builds,5,main]) started.
[        ] Resolve mutations for :shared_preferences_android:compileDebugKotlin (Thread[#55,included builds,5,main]) started.
[        ] :shared_preferences_android:compileDebugKotlin (Thread[#55,included builds,5,main]) started.
[        ] > Task :shared_preferences_android:compileDebugKotlin UP-TO-DATE
[        ] Adding -Xuse-inline-scopes-numbers Kotlin compiler flag for task :shared_preferences_android:compileDebugAndroidTestKotlin
[        ] Caching disabled for task ':shared_preferences_android:compileDebugKotlin' because:
[        ]   Build cache is disabled
[        ] Skipping task ':shared_preferences_android:compileDebugKotlin' as it is up-to-date.
[  +98 ms] Resolve mutations for :shared_preferences_android:javaPreCompileDebug (Thread[#55,included builds,5,main]) started.
[        ] :shared_preferences_android:javaPreCompileDebug (Thread[#55,included builds,5,main]) started.
[        ] > Task :shared_preferences_android:javaPreCompileDebug UP-TO-DATE
[        ] Caching disabled for task ':shared_preferences_android:javaPreCompileDebug' because:
[        ]   Build cache is disabled
[        ] Skipping task ':shared_preferences_android:javaPreCompileDebug' as it is up-to-date.
[        ] Resolve mutations for :shared_preferences_android:compileDebugJavaWithJavac (Thread[#55,included builds,5,main]) started.
[        ] :shared_preferences_android:compileDebugJavaWithJavac (Thread[#55,included builds,5,main]) started.
[        ] > Task :shared_preferences_android:compileDebugJavaWithJavac NO-SOURCE
[        ] Skipping task ':shared_preferences_android:compileDebugJavaWithJavac' as it has no source files and no previous output files.
[        ] Resolve mutations for :shared_preferences_android:bundleLibCompileToJarDebug (Thread[#55,included builds,5,main]) started.
[        ] :shared_preferences_android:bundleLibCompileToJarDebug (Thread[#55,included builds,5,main]) started.
[        ] > Task :shared_preferences_android:bundleLibCompileToJarDebug UP-TO-DATE
[        ] Caching disabled for task ':shared_preferences_android:bundleLibCompileToJarDebug' because:
[        ]   Build cache is disabled
[        ]   Simple merging task
[        ] Skipping task ':shared_preferences_android:bundleLibCompileToJarDebug' as it is up-to-date.
[        ] work action resolve classes.jar (project :shared_preferences_android) (Thread[#55,included builds,5,main]) started.
[        ] Resolve mutations for :speech_to_text:checkKotlinGradlePluginConfigurationErrors (Thread[#55,included builds,5,main]) started.
[        ] :speech_to_text:checkKotlinGradlePluginConfigurationErrors (Thread[#55,included builds,5,main]) started.
[        ] > Task :speech_to_text:checkKotlinGradlePluginConfigurationErrors SKIPPED
[        ] Skipping task ':speech_to_text:checkKotlinGradlePluginConfigurationErrors' as task onlyIf 'errorDiagnostics are present' is false.
[        ] Resolve mutations for :speech_to_text:generateDebugResources (Thread[#55,included builds,5,main]) started.
[        ] :speech_to_text:generateDebugResources (Thread[#55,included builds,5,main]) started.
[        ] > Task :speech_to_text:generateDebugResources UP-TO-DATE
[        ] Caching disabled for task ':speech_to_text:generateDebugResources' because:
[        ]   Build cache is disabled
[        ] Skipping task ':speech_to_text:generateDebugResources' as it is up-to-date.
[        ] Resolve mutations for :speech_to_text:packageDebugResources (Thread[#55,included builds,5,main]) started.
[        ] :speech_to_text:packageDebugResources (Thread[#55,included builds,5,main]) started.
[        ] > Task :speech_to_text:packageDebugResources UP-TO-DATE
[        ] Caching disabled for task ':speech_to_text:packageDebugResources' because:
[        ]   Build cache is disabled
[        ] Skipping task ':speech_to_text:packageDebugResources' as it is up-to-date.
[        ] work action resolve packageDebugResources (project :speech_to_text) (Thread[#55,included builds,5,main]) started.
[        ] Resolve mutations for :speech_to_text:parseDebugLocalResources (Thread[#55,included builds,5,main]) started.
[        ] :speech_to_text:parseDebugLocalResources (Thread[#55,included builds,5,main]) started.
[        ] > Task :speech_to_text:parseDebugLocalResources UP-TO-DATE
[        ] Caching disabled for task ':speech_to_text:parseDebugLocalResources' because:
[        ]   Build cache is disabled
[        ] Skipping task ':speech_to_text:parseDebugLocalResources' as it is up-to-date.
[        ] Resolve mutations for :speech_to_text:generateDebugRFile (Thread[#55,included builds,5,main]) started.
[        ] :speech_to_text:generateDebugRFile (Thread[#55,included builds,5,main]) started.
[        ] > Task :speech_to_text:generateDebugRFile UP-TO-DATE
[        ] Caching disabled for task ':speech_to_text:generateDebugRFile' because:
[        ]   Build cache is disabled
[        ] Skipping task ':speech_to_text:generateDebugRFile' as it is up-to-date.
[        ] work action resolve package-aware-r.txt (project :speech_to_text) (Thread[#55,included builds,5,main]) started.
[        ] Resolve mutations for :speech_to_text:compileDebugKotlin (Thread[#55,included builds,5,main]) started.
[        ] :speech_to_text:compileDebugKotlin (Thread[#55,included builds,5,main]) started.
[        ] > Task :speech_to_text:compileDebugKotlin UP-TO-DATE
[        ] Adding -Xuse-inline-scopes-numbers Kotlin compiler flag for task :speech_to_text:compileDebugAndroidTestKotlin
[        ] Caching disabled for task ':speech_to_text:compileDebugKotlin' because:
[        ]   Build cache is disabled
[        ] Skipping task ':speech_to_text:compileDebugKotlin' as it is up-to-date.
[        ] Resolve mutations for :speech_to_text:javaPreCompileDebug (Thread[#55,included builds,5,main]) started.
[        ] :speech_to_text:javaPreCompileDebug (Thread[#55,included builds,5,main]) started.
[        ] > Task :speech_to_text:javaPreCompileDebug UP-TO-DATE
[        ] Caching disabled for task ':speech_to_text:javaPreCompileDebug' because:
[        ]   Build cache is disabled
[        ] Skipping task ':speech_to_text:javaPreCompileDebug' as it is up-to-date.
[        ] Resolve mutations for :speech_to_text:compileDebugJavaWithJavac (Thread[#55,included builds,5,main]) started.
[        ] :speech_to_text:compileDebugJavaWithJavac (Thread[#55,included builds,5,main]) started.
[        ] > Task :speech_to_text:compileDebugJavaWithJavac NO-SOURCE
[        ] Skipping task ':speech_to_text:compileDebugJavaWithJavac' as it has no source files and no previous output files.
[        ] Resolve mutations for :speech_to_text:bundleLibCompileToJarDebug (Thread[#55,included builds,5,main]) started.
[        ] :speech_to_text:bundleLibCompileToJarDebug (Thread[#55,included builds,5,main]) started.
[        ] > Task :speech_to_text:bundleLibCompileToJarDebug UP-TO-DATE
[        ] Caching disabled for task ':speech_to_text:bundleLibCompileToJarDebug' because:
[        ]   Build cache is disabled
[        ]   Simple merging task
[        ] Skipping task ':speech_to_text:bundleLibCompileToJarDebug' as it is up-to-date.
[        ] work action resolve classes.jar (project :speech_to_text) (Thread[#55,included builds,5,main]) started.
[        ] Resolve mutations for :whisper_cpp_flutter_plus:checkKotlinGradlePluginConfigurationErrors (Thread[#55,included builds,5,main]) started.
[        ] :whisper_cpp_flutter_plus:checkKotlinGradlePluginConfigurationErrors (Thread[#55,included builds,5,main]) started.
[        ] > Task :whisper_cpp_flutter_plus:checkKotlinGradlePluginConfigurationErrors SKIPPED
[        ] Skipping task ':whisper_cpp_flutter_plus:checkKotlinGradlePluginConfigurationErrors' as task onlyIf 'errorDiagnostics are present' is false.
[        ] Resolve mutations for :whisper_cpp_flutter_plus:generateDebugResources (Thread[#55,included builds,5,main]) started.
[        ] :whisper_cpp_flutter_plus:generateDebugResources (Thread[#55,included builds,5,main]) started.
[        ] > Task :whisper_cpp_flutter_plus:generateDebugResources UP-TO-DATE
[        ] Caching disabled for task ':whisper_cpp_flutter_plus:generateDebugResources' because:
[        ]   Build cache is disabled
[        ] Skipping task ':whisper_cpp_flutter_plus:generateDebugResources' as it is up-to-date.
[        ] Resolve mutations for :whisper_cpp_flutter_plus:packageDebugResources (Thread[#55,included builds,5,main]) started.
[        ] :whisper_cpp_flutter_plus:packageDebugResources (Thread[#55,included builds,5,main]) started.
[        ] > Task :whisper_cpp_flutter_plus:packageDebugResources UP-TO-DATE
[        ] Caching disabled for task ':whisper_cpp_flutter_plus:packageDebugResources' because:
[        ]   Build cache is disabled
[        ] Skipping task ':whisper_cpp_flutter_plus:packageDebugResources' as it is up-to-date.
[        ] work action resolve packageDebugResources (project :whisper_cpp_flutter_plus) (Thread[#55,included builds,5,main]) started.
[        ] Resolve mutations for :whisper_cpp_flutter_plus:parseDebugLocalResources (Thread[#55,included builds,5,main]) started.
[        ] :whisper_cpp_flutter_plus:parseDebugLocalResources (Thread[#55,included builds,5,main]) started.
[        ] > Task :whisper_cpp_flutter_plus:parseDebugLocalResources UP-TO-DATE
[        ] Caching disabled for task ':whisper_cpp_flutter_plus:parseDebugLocalResources' because:
[        ]   Build cache is disabled
[        ] Skipping task ':whisper_cpp_flutter_plus:parseDebugLocalResources' as it is up-to-date.
[        ] Resolve mutations for :whisper_cpp_flutter_plus:generateDebugRFile (Thread[#55,included builds,5,main]) started.
[        ] :whisper_cpp_flutter_plus:generateDebugRFile (Thread[#55,included builds,5,main]) started.
[        ] > Task :whisper_cpp_flutter_plus:generateDebugRFile UP-TO-DATE
[        ] Caching disabled for task ':whisper_cpp_flutter_plus:generateDebugRFile' because:
[        ]   Build cache is disabled
[        ] Skipping task ':whisper_cpp_flutter_plus:generateDebugRFile' as it is up-to-date.
[        ] work action resolve package-aware-r.txt (project :whisper_cpp_flutter_plus) (Thread[#55,included builds,5,main]) started.
[        ] Resolve mutations for :whisper_cpp_flutter_plus:compileDebugKotlin (Thread[#55,included builds,5,main]) started.
[        ] :whisper_cpp_flutter_plus:compileDebugKotlin (Thread[#55,included builds,5,main]) started.
[        ] > Task :whisper_cpp_flutter_plus:compileDebugKotlin UP-TO-DATE
[        ] Adding -Xuse-inline-scopes-numbers Kotlin compiler flag for task :whisper_cpp_flutter_plus:compileDebugAndroidTestKotlin
[        ] Caching disabled for task ':whisper_cpp_flutter_plus:compileDebugKotlin' because:
[        ]   Build cache is disabled
[        ] Skipping task ':whisper_cpp_flutter_plus:compileDebugKotlin' as it is up-to-date.
[        ] Resolve mutations for :whisper_cpp_flutter_plus:javaPreCompileDebug (Thread[#55,included builds,5,main]) started.
[        ] :whisper_cpp_flutter_plus:javaPreCompileDebug (Thread[#55,included builds,5,main]) started.
[        ] > Task :whisper_cpp_flutter_plus:javaPreCompileDebug UP-TO-DATE
[        ] Caching disabled for task ':whisper_cpp_flutter_plus:javaPreCompileDebug' because:
[        ]   Build cache is disabled
[        ] Skipping task ':whisper_cpp_flutter_plus:javaPreCompileDebug' as it is up-to-date.
[        ] Resolve mutations for :whisper_cpp_flutter_plus:compileDebugJavaWithJavac (Thread[#55,included builds,5,main]) started.
[        ] :whisper_cpp_flutter_plus:compileDebugJavaWithJavac (Thread[#55,included builds,5,main]) started.
[        ] > Task :whisper_cpp_flutter_plus:compileDebugJavaWithJavac NO-SOURCE
[        ] Skipping task ':whisper_cpp_flutter_plus:compileDebugJavaWithJavac' as it has no source files and no previous output files.
[        ] Resolve mutations for :whisper_cpp_flutter_plus:bundleLibCompileToJarDebug (Thread[#55,included builds,5,main]) started.
[        ] :whisper_cpp_flutter_plus:bundleLibCompileToJarDebug (Thread[#55,included builds,5,main]) started.
[        ] > Task :whisper_cpp_flutter_plus:bundleLibCompileToJarDebug UP-TO-DATE
[        ] Caching disabled for task ':whisper_cpp_flutter_plus:bundleLibCompileToJarDebug' because:
[        ]   Build cache is disabled
[        ]   Simple merging task
[        ] Skipping task ':whisper_cpp_flutter_plus:bundleLibCompileToJarDebug' as it is up-to-date.
[        ] work action resolve classes.jar (project :whisper_cpp_flutter_plus) (Thread[#55,included builds,5,main]) started.
[        ] Resolve mutations for :app:compileDebugKotlin (Thread[#55,included builds,5,main]) started.
[        ] :app:compileDebugKotlin (Thread[#55,included builds,5,main]) started.
[+1197 ms] > Task :app:compileDebugKotlin
[        ] Caching disabled for task ':app:compileDebugKotlin' because:
[        ]   Build cache is disabled
[        ] Task ':app:compileDebugKotlin' is not up-to-date because:
[        ]   Input property 'classpathSnapshotProperties.classpathSnapshot' file /home/ubuntu/.gradle/caches/9.3.1/transforms/b7efaedb006cf309fff11736207980f1/transformed/arm64_v8a_debug-1_0_0-5d531788691ec3404cac0cee66ead4007b177363_jar-snapshot.bin has been removed.
[        ]   Input property 'classpathSnapshotProperties.classpathSnapshot' file /home/ubuntu/.gradle/caches/9.3.1/transforms/b1c7aba3ba75d48df66faaa57890d972/transformed/annotations-23_0_0_jar-snapshot.bin has been added.
[        ]   Input property 'classpathSnapshotProperties.classpathSnapshot' file /home/ubuntu/.gradle/caches/9.3.1/transforms/77b70ffa3298fedc58338d171b9ab974/transformed/x86_64_debug-1_0_0-5d531788691ec3404cac0cee66ead4007b177363_jar-snapshot.bin has been removed.
[        ]   and more...
[        ] file or directory '/home/ubuntu/FFM-source-2d123ad-v67/android/app/src/debug/kotlin', not found
[        ] file or directory '/home/ubuntu/FFM-source-2d123ad-v67/android/app/src/debug/java', not found
[        ] file or directory '/home/ubuntu/FFM-source-2d123ad-v67/android/app/src/debug/kotlin', not found
[        ] file or directory '/home/ubuntu/FFM-source-2d123ad-v67/android/app/src/debug/java', not found
[        ] file or directory '/home/ubuntu/FFM-source-2d123ad-v67/android/app/src/debug/kotlin', not found
[        ] file or directory '/home/ubuntu/FFM-source-2d123ad-v67/android/app/src/debug/java', not found
[        ] file or directory '/home/ubuntu/FFM-source-2d123ad-v67/android/app/src/debug/java', not found
[        ] file or directory '/home/ubuntu/FFM-source-2d123ad-v67/android/app/src/debug/kotlin', not found
[        ] file or directory '/home/ubuntu/FFM-source-2d123ad-v67/android/app/src/debug/kotlin', not found
[        ] file or directory '/home/ubuntu/FFM-source-2d123ad-v67/android/app/src/debug/java', not found
[        ] file or directory '/home/ubuntu/FFM-source-2d123ad-v67/android/app/src/debug/kotlin', not found
[        ] file or directory '/home/ubuntu/FFM-source-2d123ad-v67/android/app/src/debug/java', not found
[        ] file or directory '/home/ubuntu/FFM-source-2d123ad-v67/android/app/src/debug/kotlin', not found
[        ] file or directory '/home/ubuntu/FFM-source-2d123ad-v67/android/app/src/debug/java', not found
[        ] file or directory '/home/ubuntu/FFM-source-2d123ad-v67/android/app/src/debug/java', not found
[        ] file or directory '/home/ubuntu/FFM-source-2d123ad-v67/android/app/src/debug/kotlin', not found
[        ] file or directory '/home/ubuntu/FFM-source-2d123ad-v67/android/app/src/debug/kotlin', not found
[        ] file or directory '/home/ubuntu/FFM-source-2d123ad-v67/android/app/src/debug/java', not found
[        ] file or directory '/home/ubuntu/FFM-source-2d123ad-v67/android/app/src/debug/kotlin', not found
[        ] file or directory '/home/ubuntu/FFM-source-2d123ad-v67/android/app/src/debug/java', not found
[        ] file or directory '/home/ubuntu/FFM-source-2d123ad-v67/android/app/src/debug/kotlin', not found
[        ] file or directory '/home/ubuntu/FFM-source-2d123ad-v67/android/app/src/debug/java', not found
[        ] file or directory '/home/ubuntu/FFM-source-2d123ad-v67/android/app/src/debug/java', not found
[        ] file or directory '/home/ubuntu/FFM-source-2d123ad-v67/android/app/src/debug/kotlin', not found
[        ] file or directory '/home/ubuntu/FFM-source-2d123ad-v67/android/app/src/debug/kotlin', not found
[        ] file or directory '/home/ubuntu/FFM-source-2d123ad-v67/android/app/src/debug/java', not found
[        ] file or directory '/home/ubuntu/FFM-source-2d123ad-v67/android/app/src/debug/kotlin', not found
[        ] file or directory '/home/ubuntu/FFM-source-2d123ad-v67/android/app/src/debug/java', not found
[        ] file or directory '/home/ubuntu/FFM-source-2d123ad-v67/android/app/src/debug/kotlin', not found
[        ] file or directory '/home/ubuntu/FFM-source-2d123ad-v67/android/app/src/debug/java', not found
[        ] file or directory '/home/ubuntu/FFM-source-2d123ad-v67/android/app/src/debug/java', not found
[        ] file or directory '/home/ubuntu/FFM-source-2d123ad-v67/android/app/src/debug/kotlin', not found
[        ] Kotlin source files: /home/ubuntu/FFM-source-2d123ad-v67/android/app/src/main/kotlin/com/example/ffm_manager/FfmWidgetProvider.kt, /home/ubuntu/FFM-source-2d123ad-v67/android/app/src/main/kotlin/com/example/ffm_manager/MainActivity.kt
[        ] Java source files: /home/ubuntu/FFM-source-2d123ad-v67/android/app/src/main/java/io/flutter/plugins/GeneratedPluginRegistrant.java
[        ] Script source files: 
[        ] Script file extensions: 
[        ] Using Kotlin/JVM incremental compilation
[        ] [KOTLIN] Kotlin compilation 'jdkHome' argument: null
[        ] i: starting the daemon as: /usr/lib/jvm/java-21-openjdk-amd64/bin/java -cp /home/ubuntu/.gradle/caches/modules-2/files-2.1/org.jetbrains.kotlin/kotlin-build-tools-compat/2.4.0/209372718c8759fbcb47402dc130d45f00c3f81/kotlin-build-tools-compat-2.4.0.jar:/home/ubuntu/.gradle/caches/modules-2/files-2.1/org.jetbrains.kotlin/kotlin-build-tools-impl/2.4.0/3dde5b4075cd7963afd0b0b2835627f40abc1149/kotlin-build-tools-impl-2.4.0.jar:/home/ubuntu/.gradle/caches/modules-2/files-2.1/org.jetbrains.kotlin/kotlin-tooling-core/2.4.0/75970f5a2a9cb4d25557965bbec0a7ccd55bfbcf/kotlin-tooling-core-2.4.0.jar:/home/ubuntu/.gradle/caches/modules-2/files-2.1/org.jetbrains.kotlin/kotlin-build-tools-cri-impl/2.4.0/7fdfe4b4de70b7e6d81c054572e862121aa1603a/kotlin-build-tools-cri-impl-2.4.0.jar:/home/ubuntu/.gradle/caches/modules-2/files-2.1/org.jetbrains.kotlin/kotlin-compiler-runner/2.4.0/d2b2336d493d2d3a8047c826cb27606f67029da8/kotlin-compiler-runner-2.4.0.jar:/home/ubuntu/.gradle/caches/modules-2/files-2.1/org.jetbrains.kotlin/kotlin-compiler-embeddable/2.4.0/f1a24af8bd111a83950236b1aec7a6d72a97e92c/kotlin-compiler-embeddable-2.4.0.jar:/home/ubuntu/.gradle/caches/modules-2/files-2.1/org.jetbrains.kotlin/kotlin-build-tools-api/2.4.0/46429d5887df2d02f33fe11a0c8444c5be5fd8da/kotlin-build-tools-api-2.4.0.jar:/home/ubuntu/.gradle/caches/modules-2/files-2.1/org.jetbrains.kotlin/kotlin-daemon-client/2.4.0/e9080614f98d07554367b7e5810529963e9f43e2/kotlin-daemon-client-2.4.0.jar:/home/ubuntu/.gradle/caches/modules-2/files-2.1/org.jetbrains.kotlin/kotlin-stdlib/2.4.0/4e9f4b531dce5c7dee58ed2de9a8b9a763c8dc6c/kotlin-stdlib-2.4.0.jar:/home/ubuntu/.gradle/caches/modules-2/files-2.1/org.jetbrains/annotations/13.0/919f0dfe192fb4e063e7dacadee7f8bb9a2672a9/annotations-13.0.jar:/home/ubuntu/.gradle/caches/modules-2/files-2.1/org.jetbrains.kotlin/kotlin-script-runtime/2.4.0/1de03f0ef3e208ab5f97ee6a587e9b8480447df6/kotlin-script-runtime-2.4.0.jar:/home/ubuntu/.gradle/caches/modules-2/files-2.1/org.jetbrains.kotlin/kotlin-reflect/1.6.10/1cbe9c92c12a94eea200d23c2bbaedaf3daf5132/kotlin-reflect-1.6.10.jar:/home/ubuntu/.gradle/caches/modules-2/files-2.1/org.jetbrains.kotlin/kotlin-daemon-embeddable/2.4.0/1ecabef3a8ba6a8e25654573d54edb7e4136e903/kotlin-daemon-embeddable-2.4.0.jar:/home/ubuntu/.gradle/caches/modules-2/files-2.1/org.jetbrains.kotlinx/kotlinx-coroutines-core-jvm/1.8.0/ac1dc37a30a93150b704022f8d895ee1bd3a36b3/kotlinx-coroutines-core-jvm-1.8.0.jar -Djava.awt.headless=true -Djava.rmi.server.hostname=127.0.0.1 -Xmx512m -XX:MaxMetaspaceSize=512m -XX:ReservedCodeCacheSize=128m -Dkotlin.environment.keepalive -ea -Dkotlin.daemon.custom.run.files.path.for.tests=/home/ubuntu/.local/share/kotlin/daemon -XX:+UseCodeCacheFlushing -XX:+UseParallelGC -Dkotlin.daemon.initiator.marker.file=/tmp/kotlin-compiler-client-14990368731264745315-is-running --add-exports java.base/sun.nio.ch=ALL-UNNAMED org.jetbrains.kotlin.daemon.KotlinCompileDaemon --daemon-logsPath /tmp --daemon-logsFileSizeLimit=1048576 --daemon-logsFileCountLimit=3 --daemon-runFilesPath /home/ubuntu/.local/share/kotlin/daemon --daemon-autoshutdownIdleSeconds=7200 --daemon-compilerClasspath /home/ubuntu/.gradle/caches/modules-2/files-2.1/org.jetbrains.kotlin/kotlin-build-tools-compat/2.4.0/209372718c8759fbcb47402dc130d45f00c3f81/kotlin-build-tools-compat-2.4.0.jar:/home/ubuntu/.gradle/caches/modules-2/files-2.1/org.jetbrains.kotlin/kotlin-build-tools-impl/2.4.0/3dde5b4075cd7963afd0b0b2835627f40abc1149/kotlin-build-tools-impl-2.4.0.jar:/home/ubuntu/.gradle/caches/modules-2/files-2.1/org.jetbrains.kotlin/kotlin-tooling-core/2.4.0/75970f5a2a9cb4d25557965bbec0a7ccd55bfbcf/kotlin-tooling-core-2.4.0.jar:/home/ubuntu/.gradle/caches/modules-2/files-2.1/org.jetbrains.kotlin/kotlin-build-tools-cri-impl/2.4.0/7fdfe4b4de70b7e6d81c054572e862121aa1603a/kotlin-build-tools-cri-impl-2.4.0.jar:/home/ubuntu/.gradle/caches/modules-2/files-2.1/org.jetbrains.kotlin/kotlin-compiler-runner/2.4.0/d2b2336d493d2d3a8047c826cb27606f67029da8/kotlin-compiler-runner-2.4.0.jar:/home/ubuntu/.gradle/caches/modules-2/files-2.1/org.jetbrains.kotlin/kotlin-compiler-embeddable/2.4.0/f1a24af8bd111a83950236b1aec7a6d72a97e92c/kotlin-compiler-embeddable-2.4.0.jar:/home/ubuntu/.gradle/caches/modules-2/files-2.1/org.jetbrains.kotlin/kotlin-build-tools-api/2.4.0/46429d5887df2d02f33fe11a0c8444c5be5fd8da/kotlin-build-tools-api-2.4.0.jar:/home/ubuntu/.gradle/caches/modules-2/files-2.1/org.jetbrains.kotlin/kotlin-daemon-client/2.4.0/e9080614f98d07554367b7e5810529963e9f43e2/kotlin-daemon-client-2.4.0.jar:/home/ubuntu/.gradle/caches/modules-2/files-2.1/org.jetbrains.kotlin/kotlin-stdlib/2.4.0/4e9f4b531dce5c7dee58ed2de9a8b9a763c8dc6c/kotlin-stdlib-2.4.0.jar:/home/ubuntu/.gradle/caches/modules-2/files-2.1/org.jetbrains/annotations/13.0/919f0dfe192fb4e063e7dacadee7f8bb9a2672a9/annotations-13.0.jar:/home/ubuntu/.gradle/caches/modules-2/files-2.1/org.jetbrains.kotlin/kotlin-script-runtime/2.4.0/1de03f0ef3e208ab5f97ee6a587e9b8480447df6/kotlin-script-runtime-2.4.0.jar:/home/ubuntu/.gradle/caches/modules-2/files-2.1/org.jetbrains.kotlin/kotlin-reflect/1.6.10/1cbe9c92c12a94eea200d23c2bbaedaf3daf5132/kotlin-reflect-1.6.10.jar:/home/ubuntu/.gradle/caches/modules-2/files-2.1/org.jetbrains.kotlin/kotlin-daemon-embeddable/2.4.0/1ecabef3a8ba6a8e25654573d54edb7e4136e903/kotlin-daemon-embeddable-2.4.0.jar:/home/ubuntu/.gradle/caches/modules-2/files-2.1/org.jetbrains.kotlinx/kotlinx-coroutines-core-jvm/1.8.0/ac1dc37a30a93150b704022f8d895ee1bd3a36b3/kotlinx-coroutines-core-jvm-1.8.0.jar
[        ] i: #1 retrying connecting to the daemon 
[        ] i: Options for KOTLIN DAEMON: IncrementalCompilationOptions(super=CompilationOptions(compilerMode=INCREMENTAL_COMPILER, targetPlatform=JVM, reportCategories=[0], reportSeverity=2, requestedCompilationResults=[0], kotlinScriptExtensions=[], generateCompilerRefIndex=false), sourceChanges=org.jetbrains.kotlin.buildtools.api.SourcesChanges$Known@2f77b0c0, classpathChanges=ToBeComputedByIncrementalCompiler, workingDir=/home/ubuntu/FFM-source-2d123ad-v67/build/app/kotlin/compileDebugKotlin/cacheable, multiModuleICSettings=null, icFeatures=IncrementalCompilationFeatures(usePreciseJavaTracking=true, withAbiSnapshot=false, preciseCompilationResultsBackup=true, keepIncrementalCompilationCachesInMemory=true, enableUnsafeIncrementalCompilationForMultiplatform=false, enableMonotonousIncrementalCompileSetExpansion=true), outputFiles=[/home/ubuntu/FFM-source-2d123ad-v67/build/app/tmp/kotlin-classes/debug, /home/ubuntu/FFM-source-2d123ad-v67/build/app/kotlin/compileDebugKotlin/cacheable, /home/ubuntu/FFM-source-2d123ad-v67/build/app/kotlin/compileDebugKotlin/local-state])
[        ] i: Finished executing kotlin compiler using DAEMON strategy
[        ] Resolve mutations for :app:javaPreCompileDebug (Thread[#55,included builds,5,main]) started.
[        ] :app:javaPreCompileDebug (Thread[#55,included builds,5,main]) started.
[        ] > Task :app:javaPreCompileDebug UP-TO-DATE
[        ] Caching disabled for task ':app:javaPreCompileDebug' because:
[        ]   Build cache is disabled
[        ] Skipping task ':app:javaPreCompileDebug' as it is up-to-date.
[        ] Resolve mutations for :app:compileDebugJavaWithJavac (Thread[#55,included builds,5,main]) started.
[        ] :app:compileDebugJavaWithJavac (Thread[#55,included builds,5,main]) started.
[  +97 ms] > Task :app:compileDebugJavaWithJavac UP-TO-DATE
[        ] Custom actions are attached to task ':app:compileDebugJavaWithJavac'.
[        ] Caching disabled for task ':app:compileDebugJavaWithJavac' because:
[        ]   Build cache is disabled
[        ] Task ':app:compileDebugJavaWithJavac' is not up-to-date because:
[        ]   Input property 'classpath' file /home/ubuntu/.gradle/caches/modules-2/files-2.1/io.flutter/arm64_v8a_debug/1.0.0-5d531788691ec3404cac0cee66ead4007b177363/ab58f10700297303092707f7a7cf614c3fbf9190/arm64_v8a_debug-1.0.0-5d531788691ec3404cac0cee66ead4007b177363.jar has been removed.
[        ]   Input property 'classpath' file /home/ubuntu/.gradle/caches/modules-2/files-2.1/org.jetbrains/annotations/23.0.0/8cc20c07506ec18e0834947b84a864bfc094484e/annotations-23.0.0.jar has been added.
[        ]   Input property 'classpath' file /home/ubuntu/.gradle/caches/modules-2/files-2.1/io.flutter/x86_64_debug/1.0.0-5d531788691ec3404cac0cee66ead4007b177363/51e54dd540bdddbee768e26f1c66051c8d8bb9b3/x86_64_debug-1.0.0-5d531788691ec3404cac0cee66ead4007b177363.jar has been removed.
[        ]   and more...
[        ] Compilation mode: in-process compilation
[        ] Created classpath snapshot for incremental compilation in 0.051 secs.
[        ] None of the classes needs to be compiled! Analysis took 0.068 secs. 
[        ] Resolve mutations for :app:compressDebugAssets (Thread[#55,included builds,5,main]) started.
[        ] :app:compressDebugAssets (Thread[#55,included builds,5,main]) started.
[        ] > Task :app:compressDebugAssets
[        ] Caching disabled for task ':app:compressDebugAssets' because:
[        ]   Build cache is disabled
[        ] Task ':app:compressDebugAssets' is not up-to-date because:
[        ]   Input property 'inputDirs' file /home/ubuntu/FFM-source-2d123ad-v67/build/app/intermediates/assets/debug/mergeDebugAssets/flutter_assets/NativeAssetsManifest.json has changed.
[        ] Resolve mutations for :app:l8DexDesugarLibDebug (Thread[#55,included builds,5,main]) started.
[        ] :app:l8DexDesugarLibDebug (Thread[#55,included builds,5,main]) started.
[        ] > Task :app:l8DexDesugarLibDebug UP-TO-DATE
[        ] Caching disabled for task ':app:l8DexDesugarLibDebug' because:
[        ]   Build cache is disabled
[        ] Skipping task ':app:l8DexDesugarLibDebug' as it is up-to-date.
[        ] Resolve mutations for :android_file_picker:bundleLibRuntimeToJarDebug (Thread[#55,included builds,5,main]) started.
[        ] :android_file_picker:bundleLibRuntimeToJarDebug (Thread[#55,included builds,5,main]) started.
[        ] > Task :android_file_picker:bundleLibRuntimeToJarDebug UP-TO-DATE
[        ] Caching disabled for task ':android_file_picker:bundleLibRuntimeToJarDebug' because:
[        ]   Build cache is disabled
[        ]   Simple merging task
[        ] Skipping task ':android_file_picker:bundleLibRuntimeToJarDebug' as it is up-to-date.
[        ] work action resolve classes.jar (project :android_file_picker) (Thread[#55,included builds,5,main]) started.
[        ] IdentityTransform (Thread[#55,included builds,5,main]) started.
[        ] DexingNoClasspathTransform (Thread[#55,included builds,5,main]) started.
[        ] > Transform classes.jar (project :android_file_picker) with DexingNoClasspathTransform
[        ] Caching disabled for DexingNoClasspathTransform: /home/ubuntu/FFM-source-2d123ad-v67/build/android_file_picker/intermediates/runtime_library_classes_jar/debug/bundleLibRuntimeToJarDebug/classes.jar because:
[        ]   Build cache is disabled
[        ] Skipping DexingNoClasspathTransform: /home/ubuntu/FFM-source-2d123ad-v67/build/android_file_picker/intermediates/runtime_library_classes_jar/debug/bundleLibRuntimeToJarDebug/classes.jar as it is up-to-date.
[        ] DexingOutputSplitTransform (Thread[#55,included builds,5,main]) started.
[        ] Resolve mutations for :flutter_local_notifications:bundleLibRuntimeToJarDebug (Thread[#55,included builds,5,main]) started.
[        ] :flutter_local_notifications:bundleLibRuntimeToJarDebug (Thread[#55,included builds,5,main]) started.
[        ] > Task :flutter_local_notifications:bundleLibRuntimeToJarDebug UP-TO-DATE
[        ] Caching disabled for task ':flutter_local_notifications:bundleLibRuntimeToJarDebug' because:
[        ]   Build cache is disabled
[        ]   Simple merging task
[        ] Skipping task ':flutter_local_notifications:bundleLibRuntimeToJarDebug' as it is up-to-date.
[        ] work action resolve classes.jar (project :flutter_local_notifications) (Thread[#55,included builds,5,main]) started.
[        ] IdentityTransform (Thread[#55,included builds,5,main]) started.
[        ] DexingNoClasspathTransform (Thread[#55,included builds,5,main]) started.
[        ] > Transform classes.jar (project :flutter_local_notifications) with DexingNoClasspathTransform
[        ] Caching disabled for DexingNoClasspathTransform: /home/ubuntu/FFM-source-2d123ad-v67/build/flutter_local_notifications/intermediates/runtime_library_classes_jar/debug/bundleLibRuntimeToJarDebug/classes.jar because:
[        ]   Build cache is disabled
[        ] Skipping DexingNoClasspathTransform: /home/ubuntu/FFM-source-2d123ad-v67/build/flutter_local_notifications/intermediates/runtime_library_classes_jar/debug/bundleLibRuntimeToJarDebug/classes.jar as it is up-to-date.
[        ] DexingOutputSplitTransform (Thread[#55,included builds,5,main]) started.
[        ] Resolve mutations for :local_auth_android:bundleLibRuntimeToJarDebug (Thread[#55,included builds,5,main]) started.
[        ] :local_auth_android:bundleLibRuntimeToJarDebug (Thread[#55,included builds,5,main]) started.
[        ] > Task :local_auth_android:bundleLibRuntimeToJarDebug UP-TO-DATE
[        ] Caching disabled for task ':local_auth_android:bundleLibRuntimeToJarDebug' because:
[        ]   Build cache is disabled
[        ]   Simple merging task
[        ] Skipping task ':local_auth_android:bundleLibRuntimeToJarDebug' as it is up-to-date.
[        ] work action resolve classes.jar (project :local_auth_android) (Thread[#55,included builds,5,main]) started.
[        ] IdentityTransform (Thread[#55,included builds,5,main]) started.
[        ] DexingNoClasspathTransform (Thread[#55,included builds,5,main]) started.
[        ] > Transform classes.jar (project :local_auth_android) with DexingNoClasspathTransform
[        ] Caching disabled for DexingNoClasspathTransform: /home/ubuntu/FFM-source-2d123ad-v67/build/local_auth_android/intermediates/runtime_library_classes_jar/debug/bundleLibRuntimeToJarDebug/classes.jar because:
[        ]   Build cache is disabled
[        ] Skipping DexingNoClasspathTransform: /home/ubuntu/FFM-source-2d123ad-v67/build/local_auth_android/intermediates/runtime_library_classes_jar/debug/bundleLibRuntimeToJarDebug/classes.jar as it is up-to-date.
[        ] DexingOutputSplitTransform (Thread[#55,included builds,5,main]) started.
[        ] Resolve mutations for :flutter_plugin_android_lifecycle:bundleLibRuntimeToJarDebug (Thread[#55,included builds,5,main]) started.
[        ] :flutter_plugin_android_lifecycle:bundleLibRuntimeToJarDebug (Thread[#55,included builds,5,main]) started.
[        ] > Task :flutter_plugin_android_lifecycle:bundleLibRuntimeToJarDebug UP-TO-DATE
[        ] Caching disabled for task ':flutter_plugin_android_lifecycle:bundleLibRuntimeToJarDebug' because:
[        ]   Build cache is disabled
[        ]   Simple merging task
[        ] Skipping task ':flutter_plugin_android_lifecycle:bundleLibRuntimeToJarDebug' as it is up-to-date.
[        ] work action resolve classes.jar (project :flutter_plugin_android_lifecycle) (Thread[#55,included builds,5,main]) started.
[        ] IdentityTransform (Thread[#55,included builds,5,main]) started.
[        ] DexingNoClasspathTransform (Thread[#55,included builds,5,main]) started.
[        ] > Transform classes.jar (project :flutter_plugin_android_lifecycle) with DexingNoClasspathTransform
[        ] Caching disabled for DexingNoClasspathTransform: /home/ubuntu/FFM-source-2d123ad-v67/build/flutter_plugin_android_lifecycle/intermediates/runtime_library_classes_jar/debug/bundleLibRuntimeToJarDebug/classes.jar because:
[        ]   Build cache is disabled
[        ] Skipping DexingNoClasspathTransform: /home/ubuntu/FFM-source-2d123ad-v67/build/flutter_plugin_android_lifecycle/intermediates/runtime_library_classes_jar/debug/bundleLibRuntimeToJarDebug/classes.jar as it is up-to-date.
[        ] DexingOutputSplitTransform (Thread[#55,included builds,5,main]) started.
[        ] Resolve mutations for :flutter_secure_storage:bundleLibRuntimeToJarDebug (Thread[#55,included builds,5,main]) started.
[        ] :flutter_secure_storage:bundleLibRuntimeToJarDebug (Thread[#55,included builds,5,main]) started.
[        ] > Task :flutter_secure_storage:bundleLibRuntimeToJarDebug UP-TO-DATE
[        ] Caching disabled for task ':flutter_secure_storage:bundleLibRuntimeToJarDebug' because:
[        ]   Build cache is disabled
[        ]   Simple merging task
[        ] Skipping task ':flutter_secure_storage:bundleLibRuntimeToJarDebug' as it is up-to-date.
[        ] work action resolve classes.jar (project :flutter_secure_storage) (Thread[#55,included builds,5,main]) started.
[        ] IdentityTransform (Thread[#55,included builds,5,main]) started.
[        ] DexingNoClasspathTransform (Thread[#55,included builds,5,main]) started.
[        ] > Transform classes.jar (project :flutter_secure_storage) with DexingNoClasspathTransform
[        ] Caching disabled for DexingNoClasspathTransform: /home/ubuntu/FFM-source-2d123ad-v67/build/flutter_secure_storage/intermediates/runtime_library_classes_jar/debug/bundleLibRuntimeToJarDebug/classes.jar because:
[        ]   Build cache is disabled
[        ] Skipping DexingNoClasspathTransform: /home/ubuntu/FFM-source-2d123ad-v67/build/flutter_secure_storage/intermediates/runtime_library_classes_jar/debug/bundleLibRuntimeToJarDebug/classes.jar as it is up-to-date.
[        ] DexingOutputSplitTransform (Thread[#55,included builds,5,main]) started.
[        ] Resolve mutations for :jni_flutter:bundleLibRuntimeToJarDebug (Thread[#55,included builds,5,main]) started.
[        ] :jni_flutter:bundleLibRuntimeToJarDebug (Thread[#55,included builds,5,main]) started.
[        ] > Task :jni_flutter:bundleLibRuntimeToJarDebug UP-TO-DATE
[        ] Caching disabled for task ':jni_flutter:bundleLibRuntimeToJarDebug' because:
[        ]   Build cache is disabled
[        ]   Simple merging task
[        ] Skipping task ':jni_flutter:bundleLibRuntimeToJarDebug' as it is up-to-date.
[        ] work action resolve classes.jar (project :jni_flutter) (Thread[#55,included builds,5,main]) started.
[        ] IdentityTransform (Thread[#55,included builds,5,main]) started.
[        ] DexingNoClasspathTransform (Thread[#55,included builds,5,main]) started.
[        ] > Transform classes.jar (project :jni_flutter) with DexingNoClasspathTransform
[        ] Caching disabled for DexingNoClasspathTransform: /home/ubuntu/FFM-source-2d123ad-v67/build/jni_flutter/intermediates/runtime_library_classes_jar/debug/bundleLibRuntimeToJarDebug/classes.jar because:
[        ]   Build cache is disabled
[        ] Skipping DexingNoClasspathTransform: /home/ubuntu/FFM-source-2d123ad-v67/build/jni_flutter/intermediates/runtime_library_classes_jar/debug/bundleLibRuntimeToJarDebug/classes.jar as it is up-to-date.
[        ] DexingOutputSplitTransform (Thread[#55,included builds,5,main]) started.
[        ] Resolve mutations for :jni:bundleLibRuntimeToJarDebug (Thread[#55,included builds,5,main]) started.
[        ] :jni:bundleLibRuntimeToJarDebug (Thread[#55,included builds,5,main]) started.
[        ] > Task :jni:bundleLibRuntimeToJarDebug UP-TO-DATE
[        ] Caching disabled for task ':jni:bundleLibRuntimeToJarDebug' because:
[        ]   Build cache is disabled
[        ]   Simple merging task
[        ] Skipping task ':jni:bundleLibRuntimeToJarDebug' as it is up-to-date.
[        ] work action resolve classes.jar (project :jni) (Thread[#55,included builds,5,main]) started.
[        ] IdentityTransform (Thread[#55,included builds,5,main]) started.
[        ] DexingNoClasspathTransform (Thread[#55,included builds,5,main]) started.
[        ] > Transform classes.jar (project :jni) with DexingNoClasspathTransform
[        ] Caching disabled for DexingNoClasspathTransform: /home/ubuntu/FFM-source-2d123ad-v67/build/jni/intermediates/runtime_library_classes_jar/debug/bundleLibRuntimeToJarDebug/classes.jar because:
[        ]   Build cache is disabled
[        ] Skipping DexingNoClasspathTransform: /home/ubuntu/FFM-source-2d123ad-v67/build/jni/intermediates/runtime_library_classes_jar/debug/bundleLibRuntimeToJarDebug/classes.jar as it is up-to-date.
[        ] DexingOutputSplitTransform (Thread[#55,included builds,5,main]) started.
[        ] Resolve mutations for :printing:bundleLibRuntimeToJarDebug (Thread[#55,included builds,5,main]) started.
[        ] :printing:bundleLibRuntimeToJarDebug (Thread[#55,included builds,5,main]) started.
[        ] > Task :printing:bundleLibRuntimeToJarDebug UP-TO-DATE
[        ] Caching disabled for task ':printing:bundleLibRuntimeToJarDebug' because:
[        ]   Build cache is disabled
[        ]   Simple merging task
[        ] Skipping task ':printing:bundleLibRuntimeToJarDebug' as it is up-to-date.
[        ] work action resolve classes.jar (project :printing) (Thread[#55,included builds,5,main]) started.
[        ] IdentityTransform (Thread[#55,included builds,5,main]) started.
[        ] DexingNoClasspathTransform (Thread[#55,included builds,5,main]) started.
[        ] > Transform classes.jar (project :printing) with DexingNoClasspathTransform
[        ] Caching disabled for DexingNoClasspathTransform: /home/ubuntu/FFM-source-2d123ad-v67/build/printing/intermediates/runtime_library_classes_jar/debug/bundleLibRuntimeToJarDebug/classes.jar because:
[        ]   Build cache is disabled
[        ] Skipping DexingNoClasspathTransform: /home/ubuntu/FFM-source-2d123ad-v67/build/printing/intermediates/runtime_library_classes_jar/debug/bundleLibRuntimeToJarDebug/classes.jar as it is up-to-date.
[        ] DexingOutputSplitTransform (Thread[#55,included builds,5,main]) started.
[        ] Resolve mutations for :share_plus:bundleLibRuntimeToJarDebug (Thread[#55,included builds,5,main]) started.
[        ] :share_plus:bundleLibRuntimeToJarDebug (Thread[#55,included builds,5,main]) started.
[        ] > Task :share_plus:bundleLibRuntimeToJarDebug UP-TO-DATE
[        ] Caching disabled for task ':share_plus:bundleLibRuntimeToJarDebug' because:
[        ]   Build cache is disabled
[        ]   Simple merging task
[        ] Skipping task ':share_plus:bundleLibRuntimeToJarDebug' as it is up-to-date.
[        ] work action resolve classes.jar (project :share_plus) (Thread[#55,included builds,5,main]) started.
[        ] IdentityTransform (Thread[#55,included builds,5,main]) started.
[        ] DexingNoClasspathTransform (Thread[#55,included builds,5,main]) started.
[        ] > Transform classes.jar (project :share_plus) with DexingNoClasspathTransform
[        ] Caching disabled for DexingNoClasspathTransform: /home/ubuntu/FFM-source-2d123ad-v67/build/share_plus/intermediates/runtime_library_classes_jar/debug/bundleLibRuntimeToJarDebug/classes.jar because:
[        ]   Build cache is disabled
[        ] Skipping DexingNoClasspathTransform: /home/ubuntu/FFM-source-2d123ad-v67/build/share_plus/intermediates/runtime_library_classes_jar/debug/bundleLibRuntimeToJarDebug/classes.jar as it is up-to-date.
[        ] DexingOutputSplitTransform (Thread[#55,included builds,5,main]) started.
[        ] Resolve mutations for :shared_preferences_android:bundleLibRuntimeToJarDebug (Thread[#55,included builds,5,main]) started.
[        ] :shared_preferences_android:bundleLibRuntimeToJarDebug (Thread[#55,included builds,5,main]) started.
[        ] > Task :shared_preferences_android:bundleLibRuntimeToJarDebug UP-TO-DATE
[        ] Caching disabled for task ':shared_preferences_android:bundleLibRuntimeToJarDebug' because:
[        ]   Build cache is disabled
[        ]   Simple merging task
[        ] Skipping task ':shared_preferences_android:bundleLibRuntimeToJarDebug' as it is up-to-date.
[        ] work action resolve classes.jar (project :shared_preferences_android) (Thread[#55,included builds,5,main]) started.
[        ] IdentityTransform (Thread[#55,included builds,5,main]) started.
[        ] DexingNoClasspathTransform (Thread[#55,included builds,5,main]) started.
[        ] > Transform classes.jar (project :shared_preferences_android) with DexingNoClasspathTransform
[        ] Caching disabled for DexingNoClasspathTransform: /home/ubuntu/FFM-source-2d123ad-v67/build/shared_preferences_android/intermediates/runtime_library_classes_jar/debug/bundleLibRuntimeToJarDebug/classes.jar because:
[        ]   Build cache is disabled
[        ] Skipping DexingNoClasspathTransform: /home/ubuntu/FFM-source-2d123ad-v67/build/shared_preferences_android/intermediates/runtime_library_classes_jar/debug/bundleLibRuntimeToJarDebug/classes.jar as it is up-to-date.
[        ] DexingOutputSplitTransform (Thread[#55,included builds,5,main]) started.
[        ] Resolve mutations for :speech_to_text:bundleLibRuntimeToJarDebug (Thread[#55,included builds,5,main]) started.
[        ] :speech_to_text:bundleLibRuntimeToJarDebug (Thread[#55,included builds,5,main]) started.
[        ] > Task :speech_to_text:bundleLibRuntimeToJarDebug UP-TO-DATE
[        ] Caching disabled for task ':speech_to_text:bundleLibRuntimeToJarDebug' because:
[        ]   Build cache is disabled
[        ]   Simple merging task
[        ] Skipping task ':speech_to_text:bundleLibRuntimeToJarDebug' as it is up-to-date.
[        ] work action resolve classes.jar (project :speech_to_text) (Thread[#55,included builds,5,main]) started.
[        ] IdentityTransform (Thread[#55,included builds,5,main]) started.
[        ] DexingNoClasspathTransform (Thread[#55,included builds,5,main]) started.
[        ] > Transform classes.jar (project :speech_to_text) with DexingNoClasspathTransform
[        ] Caching disabled for DexingNoClasspathTransform: /home/ubuntu/FFM-source-2d123ad-v67/build/speech_to_text/intermediates/runtime_library_classes_jar/debug/bundleLibRuntimeToJarDebug/classes.jar because:
[        ]   Build cache is disabled
[        ] Skipping DexingNoClasspathTransform: /home/ubuntu/FFM-source-2d123ad-v67/build/speech_to_text/intermediates/runtime_library_classes_jar/debug/bundleLibRuntimeToJarDebug/classes.jar as it is up-to-date.
[        ] DexingOutputSplitTransform (Thread[#55,included builds,5,main]) started.
[        ] Resolve mutations for :whisper_cpp_flutter_plus:bundleLibRuntimeToJarDebug (Thread[#55,included builds,5,main]) started.
[        ] :whisper_cpp_flutter_plus:bundleLibRuntimeToJarDebug (Thread[#55,included builds,5,main]) started.
[  +95 ms] > Task :whisper_cpp_flutter_plus:bundleLibRuntimeToJarDebug UP-TO-DATE
[        ] Caching disabled for task ':whisper_cpp_flutter_plus:bundleLibRuntimeToJarDebug' because:
[        ]   Build cache is disabled
[        ]   Simple merging task
[        ] Skipping task ':whisper_cpp_flutter_plus:bundleLibRuntimeToJarDebug' as it is up-to-date.
[        ] work action resolve classes.jar (project :whisper_cpp_flutter_plus) (Thread[#55,included builds,5,main]) started.
[        ] IdentityTransform (Thread[#55,included builds,5,main]) started.
[        ] DexingNoClasspathTransform (Thread[#55,included builds,5,main]) started.
[        ] > Transform classes.jar (project :whisper_cpp_flutter_plus) with DexingNoClasspathTransform
[        ] Caching disabled for DexingNoClasspathTransform: /home/ubuntu/FFM-source-2d123ad-v67/build/whisper_cpp_flutter_plus/intermediates/runtime_library_classes_jar/debug/bundleLibRuntimeToJarDebug/classes.jar because:
[        ]   Build cache is disabled
[        ] Skipping DexingNoClasspathTransform: /home/ubuntu/FFM-source-2d123ad-v67/build/whisper_cpp_flutter_plus/intermediates/runtime_library_classes_jar/debug/bundleLibRuntimeToJarDebug/classes.jar as it is up-to-date.
[        ] DexingOutputSplitTransform (Thread[#55,included builds,5,main]) started.
[        ] Resolve mutations for :app:desugarDebugFileDependencies (Thread[#55,included builds,5,main]) started.
[        ] :app:desugarDebugFileDependencies (Thread[#55,included builds,5,main]) started.
[        ] > Task :app:desugarDebugFileDependencies UP-TO-DATE
[        ] Caching disabled for task ':app:desugarDebugFileDependencies' because:
[        ]   Build cache is disabled
[        ] Skipping task ':app:desugarDebugFileDependencies' as it is up-to-date.
[        ] Resolve mutations for :android_file_picker:mapDebugSourceSetPaths (Thread[#55,included builds,5,main]) started.
[        ] :android_file_picker:mapDebugSourceSetPaths (Thread[#55,included builds,5,main]) started.
[        ] > Task :android_file_picker:mapDebugSourceSetPaths UP-TO-DATE
[        ] Caching disabled for task ':android_file_picker:mapDebugSourceSetPaths' because:
[        ]   Build cache is disabled
[        ]   Caching has been disabled for the task
[        ] Skipping task ':android_file_picker:mapDebugSourceSetPaths' as it is up-to-date.
[        ] work action resolve file-map.txt (project :android_file_picker) (Thread[#55,included builds,5,main]) started.
[        ] Resolve mutations for :android_file_picker:compileDebugLibraryResources (Thread[#55,included builds,5,main]) started.
[        ] :android_file_picker:compileDebugLibraryResources (Thread[#55,included builds,5,main]) started.
[        ] > Task :android_file_picker:compileDebugLibraryResources UP-TO-DATE
[        ] Caching disabled for task ':android_file_picker:compileDebugLibraryResources' because:
[        ]   Build cache is disabled
[        ] Skipping task ':android_file_picker:compileDebugLibraryResources' as it is up-to-date.
[        ] work action resolve out (project :android_file_picker) (Thread[#55,included builds,5,main]) started.
[        ] Resolve mutations for :flutter_local_notifications:writeDebugAarMetadata (Thread[#55,included builds,5,main]) started.
[        ] :flutter_local_notifications:writeDebugAarMetadata (Thread[#55,included builds,5,main]) started.
[        ] > Task :flutter_local_notifications:writeDebugAarMetadata UP-TO-DATE
[        ] Caching disabled for task ':flutter_local_notifications:writeDebugAarMetadata' because:
[        ]   Build cache is disabled
[        ]   Caching has been disabled for the task
[        ] Skipping task ':flutter_local_notifications:writeDebugAarMetadata' as it is up-to-date.
[        ] work action resolve aar-metadata.properties (project :flutter_local_notifications) (Thread[#55,included builds,5,main]) started.
[        ] Resolve mutations for :flutter_plugin_android_lifecycle:writeDebugAarMetadata (Thread[#55,included builds,5,main]) started.
[        ] :flutter_plugin_android_lifecycle:writeDebugAarMetadata (Thread[#55,included builds,5,main]) started.
[        ] > Task :flutter_plugin_android_lifecycle:writeDebugAarMetadata UP-TO-DATE
[        ] Caching disabled for task ':flutter_plugin_android_lifecycle:writeDebugAarMetadata' because:
[        ]   Build cache is disabled
[        ]   Caching has been disabled for the task
[        ] Skipping task ':flutter_plugin_android_lifecycle:writeDebugAarMetadata' as it is up-to-date.
[        ] work action resolve aar-metadata.properties (project :flutter_plugin_android_lifecycle) (Thread[#55,included builds,5,main]) started.
[        ] Resolve mutations for :flutter_secure_storage:writeDebugAarMetadata (Thread[#55,included builds,5,main]) started.
[        ] :flutter_secure_storage:writeDebugAarMetadata (Thread[#55,included builds,5,main]) started.
[        ] > Task :flutter_secure_storage:writeDebugAarMetadata UP-TO-DATE
[        ] Caching disabled for task ':flutter_secure_storage:writeDebugAarMetadata' because:
[        ]   Build cache is disabled
[        ]   Caching has been disabled for the task
[        ] Skipping task ':flutter_secure_storage:writeDebugAarMetadata' as it is up-to-date.
[        ] work action resolve aar-metadata.properties (project :flutter_secure_storage) (Thread[#55,included builds,5,main]) started.
[        ] Resolve mutations for :jni:writeDebugAarMetadata (Thread[#55,included builds,5,main]) started.
[        ] :jni:writeDebugAarMetadata (Thread[#55,included builds,5,main]) started.
[        ] > Task :jni:writeDebugAarMetadata UP-TO-DATE
[        ] Caching disabled for task ':jni:writeDebugAarMetadata' because:
[        ]   Build cache is disabled
[        ]   Caching has been disabled for the task
[        ] Skipping task ':jni:writeDebugAarMetadata' as it is up-to-date.
[        ] work action resolve aar-metadata.properties (project :jni) (Thread[#55,included builds,5,main]) started.
[        ] Resolve mutations for :jni_flutter:writeDebugAarMetadata (Thread[#55,included builds,5,main]) started.
[        ] :jni_flutter:writeDebugAarMetadata (Thread[#55,included builds,5,main]) started.
[        ] > Task :jni_flutter:writeDebugAarMetadata UP-TO-DATE
[        ] Caching disabled for task ':jni_flutter:writeDebugAarMetadata' because:
[        ]   Build cache is disabled
[        ]   Caching has been disabled for the task
[        ] Skipping task ':jni_flutter:writeDebugAarMetadata' as it is up-to-date.
[        ] work action resolve aar-metadata.properties (project :jni_flutter) (Thread[#55,included builds,5,main]) started.
[        ] Resolve mutations for :local_auth_android:writeDebugAarMetadata (Thread[#55,included builds,5,main]) started.
[        ] :local_auth_android:writeDebugAarMetadata (Thread[#55,included builds,5,main]) started.
[        ] > Task :local_auth_android:writeDebugAarMetadata UP-TO-DATE
[        ] Caching disabled for task ':local_auth_android:writeDebugAarMetadata' because:
[        ]   Build cache is disabled
[        ]   Caching has been disabled for the task
[        ] Skipping task ':local_auth_android:writeDebugAarMetadata' as it is up-to-date.
[        ] work action resolve aar-metadata.properties (project :local_auth_android) (Thread[#55,included builds,5,main]) started.
[        ] Resolve mutations for :printing:writeDebugAarMetadata (Thread[#55,included builds,5,main]) started.
[        ] :printing:writeDebugAarMetadata (Thread[#55,included builds,5,main]) started.
[        ] > Task :printing:writeDebugAarMetadata UP-TO-DATE
[        ] Caching disabled for task ':printing:writeDebugAarMetadata' because:
[        ]   Build cache is disabled
[        ]   Caching has been disabled for the task
[        ] Skipping task ':printing:writeDebugAarMetadata' as it is up-to-date.
[        ] work action resolve aar-metadata.properties (project :printing) (Thread[#55,included builds,5,main]) started.
[        ] Resolve mutations for :share_plus:writeDebugAarMetadata (Thread[#55,included builds,5,main]) started.
[        ] :share_plus:writeDebugAarMetadata (Thread[#55,included builds,5,main]) started.
[        ] > Task :share_plus:writeDebugAarMetadata UP-TO-DATE
[        ] Caching disabled for task ':share_plus:writeDebugAarMetadata' because:
[        ]   Build cache is disabled
[        ]   Caching has been disabled for the task
[        ] Skipping task ':share_plus:writeDebugAarMetadata' as it is up-to-date.
[        ] work action resolve aar-metadata.properties (project :share_plus) (Thread[#55,included builds,5,main]) started.
[        ] Resolve mutations for :shared_preferences_android:writeDebugAarMetadata (Thread[#55,included builds,5,main]) started.
[        ] :shared_preferences_android:writeDebugAarMetadata (Thread[#55,included builds,5,main]) started.
[        ] > Task :shared_preferences_android:writeDebugAarMetadata UP-TO-DATE
[        ] Caching disabled for task ':shared_preferences_android:writeDebugAarMetadata' because:
[        ]   Build cache is disabled
[        ]   Caching has been disabled for the task
[        ] Skipping task ':shared_preferences_android:writeDebugAarMetadata' as it is up-to-date.
[        ] work action resolve aar-metadata.properties (project :shared_preferences_android) (Thread[#55,included builds,5,main]) started.
[        ] Resolve mutations for :speech_to_text:writeDebugAarMetadata (Thread[#55,included builds,5,main]) started.
[        ] :speech_to_text:writeDebugAarMetadata (Thread[#55,included builds,5,main]) started.
[        ] > Task :speech_to_text:writeDebugAarMetadata UP-TO-DATE
[        ] Caching disabled for task ':speech_to_text:writeDebugAarMetadata' because:
[        ]   Build cache is disabled
[        ]   Caching has been disabled for the task
[        ] Skipping task ':speech_to_text:writeDebugAarMetadata' as it is up-to-date.
[        ] work action resolve aar-metadata.properties (project :speech_to_text) (Thread[#55,included builds,5,main]) started.
[        ] Resolve mutations for :whisper_cpp_flutter_plus:writeDebugAarMetadata (Thread[#55,included builds,5,main]) started.
[        ] :whisper_cpp_flutter_plus:writeDebugAarMetadata (Thread[#55,included builds,5,main]) started.
[        ] > Task :whisper_cpp_flutter_plus:writeDebugAarMetadata UP-TO-DATE
[        ] Caching disabled for task ':whisper_cpp_flutter_plus:writeDebugAarMetadata' because:
[        ]   Build cache is disabled
[        ]   Caching has been disabled for the task
[        ] Skipping task ':whisper_cpp_flutter_plus:writeDebugAarMetadata' as it is up-to-date.
[        ] work action resolve aar-metadata.properties (project :whisper_cpp_flutter_plus) (Thread[#55,included builds,5,main]) started.
[        ] Resolve mutations for :app:checkDebugAarMetadata (Thread[#55,included builds,5,main]) started.
[        ] :app:checkDebugAarMetadata (Thread[#55,included builds,5,main]) started.
[        ] > Task :app:checkDebugAarMetadata UP-TO-DATE
[        ] Caching disabled for task ':app:checkDebugAarMetadata' because:
[        ]   Build cache is disabled
[        ]   Caching has been disabled for the task
[        ] Skipping task ':app:checkDebugAarMetadata' as it is up-to-date.
[        ] Resolve mutations for :app:mapDebugSourceSetPaths (Thread[#55,included builds,5,main]) started.
[        ] :app:mapDebugSourceSetPaths (Thread[#55,included builds,5,main]) started.
[        ] > Task :app:mapDebugSourceSetPaths UP-TO-DATE
[        ] Caching disabled for task ':app:mapDebugSourceSetPaths' because:
[        ]   Build cache is disabled
[        ]   Caching has been disabled for the task
[        ] Skipping task ':app:mapDebugSourceSetPaths' as it is up-to-date.
[        ] Resolve mutations for :app:compileDebugNavigationResources (Thread[#55,included builds,5,main]) started.
[        ] :app:compileDebugNavigationResources (Thread[#55,included builds,5,main]) started.
[        ] > Task :app:compileDebugNavigationResources UP-TO-DATE
[        ] Caching disabled for task ':app:compileDebugNavigationResources' because:
[        ]   Build cache is disabled
[        ] Skipping task ':app:compileDebugNavigationResources' as it is up-to-date.
[        ] Resolve mutations for :app:mergeDebugResources (Thread[#55,included builds,5,main]) started.
[        ] :app:mergeDebugResources (Thread[#55,included builds,5,main]) started.
[        ] > Task :app:mergeDebugResources UP-TO-DATE
[        ] Caching disabled for task ':app:mergeDebugResources' because:
[        ]   Build cache is disabled
[        ] Skipping task ':app:mergeDebugResources' as it is up-to-date.
[        ] Resolve mutations for :app:createDebugCompatibleScreenManifests (Thread[#55,included builds,5,main]) started.
[        ] :app:createDebugCompatibleScreenManifests (Thread[#55,included builds,5,main]) started.
[        ] > Task :app:createDebugCompatibleScreenManifests UP-TO-DATE
[        ] Caching disabled for task ':app:createDebugCompatibleScreenManifests' because:
[        ]   Build cache is disabled
[        ]   Caching has been disabled for the task
[        ] Skipping task ':app:createDebugCompatibleScreenManifests' as it is up-to-date.
[        ] Resolve mutations for :android_file_picker:extractDeepLinksDebug (Thread[#55,included builds,5,main]) started.
[        ] :android_file_picker:extractDeepLinksDebug (Thread[#55,included builds,5,main]) started.
[        ] > Task :android_file_picker:extractDeepLinksDebug UP-TO-DATE
[        ] Caching disabled for task ':android_file_picker:extractDeepLinksDebug' because:
[        ]   Build cache is disabled
[        ] Skipping task ':android_file_picker:extractDeepLinksDebug' as it is up-to-date.
[        ] work action resolve navigation.json (project :android_file_picker) (Thread[#55,included builds,5,main]) started.
[        ] Resolve mutations for :app:extractDeepLinksDebug (Thread[#55,included builds,5,main]) started.
[        ] :app:extractDeepLinksDebug (Thread[#55,included builds,5,main]) started.
[        ] > Task :app:extractDeepLinksDebug UP-TO-DATE
[        ] Caching disabled for task ':app:extractDeepLinksDebug' because:
[        ]   Build cache is disabled
[        ] Skipping task ':app:extractDeepLinksDebug' as it is up-to-date.
[        ] Resolve mutations for :flutter_local_notifications:extractDeepLinksDebug (Thread[#55,included builds,5,main]) started.
[        ] :flutter_local_notifications:extractDeepLinksDebug (Thread[#55,included builds,5,main]) started.
[        ] > Task :flutter_local_notifications:extractDeepLinksDebug UP-TO-DATE
[        ] Caching disabled for task ':flutter_local_notifications:extractDeepLinksDebug' because:
[        ]   Build cache is disabled
[        ] Skipping task ':flutter_local_notifications:extractDeepLinksDebug' as it is up-to-date.
[        ] work action resolve navigation.json (project :flutter_local_notifications) (Thread[#55,included builds,5,main]) started.
[        ] Resolve mutations for :flutter_local_notifications:processDebugManifest (Thread[#55,included builds,5,main]) started.
[        ] :flutter_local_notifications:processDebugManifest (Thread[#55,included builds,5,main]) started.
[        ] > Task :flutter_local_notifications:processDebugManifest UP-TO-DATE
[        ] Caching disabled for task ':flutter_local_notifications:processDebugManifest' because:
[        ]   Build cache is disabled
[        ] Skipping task ':flutter_local_notifications:processDebugManifest' as it is up-to-date.
[        ] work action resolve AndroidManifest.xml (project :flutter_local_notifications) (Thread[#55,included builds,5,main]) started.
[        ] Resolve mutations for :flutter_plugin_android_lifecycle:extractDeepLinksDebug (Thread[#55,included builds,5,main]) started.
[        ] :flutter_plugin_android_lifecycle:extractDeepLinksDebug (Thread[#55,included builds,5,main]) started.
[        ] > Task :flutter_plugin_android_lifecycle:extractDeepLinksDebug UP-TO-DATE
[        ] Caching disabled for task ':flutter_plugin_android_lifecycle:extractDeepLinksDebug' because:
[        ]   Build cache is disabled
[        ] Skipping task ':flutter_plugin_android_lifecycle:extractDeepLinksDebug' as it is up-to-date.
[        ] work action resolve navigation.json (project :flutter_plugin_android_lifecycle) (Thread[#55,included builds,5,main]) started.
[        ] Resolve mutations for :flutter_plugin_android_lifecycle:processDebugManifest (Thread[#55,included builds,5,main]) started.
[        ] :flutter_plugin_android_lifecycle:processDebugManifest (Thread[#55,included builds,5,main]) started.
[        ] > Task :flutter_plugin_android_lifecycle:processDebugManifest UP-TO-DATE
[        ] Caching disabled for task ':flutter_plugin_android_lifecycle:processDebugManifest' because:
[        ]   Build cache is disabled
[        ] Skipping task ':flutter_plugin_android_lifecycle:processDebugManifest' as it is up-to-date.
[        ] work action resolve AndroidManifest.xml (project :flutter_plugin_android_lifecycle) (Thread[#55,included builds,5,main]) started.
[        ] Resolve mutations for :flutter_secure_storage:extractDeepLinksDebug (Thread[#55,included builds,5,main]) started.
[        ] :flutter_secure_storage:extractDeepLinksDebug (Thread[#55,included builds,5,main]) started.
[        ] > Task :flutter_secure_storage:extractDeepLinksDebug UP-TO-DATE
[        ] Caching disabled for task ':flutter_secure_storage:extractDeepLinksDebug' because:
[        ]   Build cache is disabled
[        ] Skipping task ':flutter_secure_storage:extractDeepLinksDebug' as it is up-to-date.
[        ] work action resolve navigation.json (project :flutter_secure_storage) (Thread[#55,included builds,5,main]) started.
[        ] Resolve mutations for :flutter_secure_storage:processDebugManifest (Thread[#55,included builds,5,main]) started.
[        ] :flutter_secure_storage:processDebugManifest (Thread[#55,included builds,5,main]) started.
[  +95 ms] > Task :flutter_secure_storage:processDebugManifest UP-TO-DATE
[        ] Caching disabled for task ':flutter_secure_storage:processDebugManifest' because:
[        ]   Build cache is disabled
[        ] Skipping task ':flutter_secure_storage:processDebugManifest' as it is up-to-date.
[        ] work action resolve AndroidManifest.xml (project :flutter_secure_storage) (Thread[#55,included builds,5,main]) started.
[        ] Resolve mutations for :jni:extractDeepLinksDebug (Thread[#55,included builds,5,main]) started.
[        ] :jni:extractDeepLinksDebug (Thread[#55,included builds,5,main]) started.
[        ] > Task :jni:extractDeepLinksDebug UP-TO-DATE
[        ] Caching disabled for task ':jni:extractDeepLinksDebug' because:
[        ]   Build cache is disabled
[        ] Skipping task ':jni:extractDeepLinksDebug' as it is up-to-date.
[        ] work action resolve navigation.json (project :jni) (Thread[#55,included builds,5,main]) started.
[        ] Resolve mutations for :jni:processDebugManifest (Thread[#55,included builds,5,main]) started.
[        ] :jni:processDebugManifest (Thread[#55,included builds,5,main]) started.
[        ] > Task :jni:processDebugManifest UP-TO-DATE
[        ] Caching disabled for task ':jni:processDebugManifest' because:
[        ]   Build cache is disabled
[        ] Skipping task ':jni:processDebugManifest' as it is up-to-date.
[        ] work action resolve AndroidManifest.xml (project :jni) (Thread[#55,included builds,5,main]) started.
[        ] Resolve mutations for :jni_flutter:extractDeepLinksDebug (Thread[#55,included builds,5,main]) started.
[        ] :jni_flutter:extractDeepLinksDebug (Thread[#55,included builds,5,main]) started.
[        ] > Task :jni_flutter:extractDeepLinksDebug UP-TO-DATE
[        ] Caching disabled for task ':jni_flutter:extractDeepLinksDebug' because:
[        ]   Build cache is disabled
[        ] Skipping task ':jni_flutter:extractDeepLinksDebug' as it is up-to-date.
[        ] work action resolve navigation.json (project :jni_flutter) (Thread[#55,included builds,5,main]) started.
[        ] Resolve mutations for :jni_flutter:processDebugManifest (Thread[#55,included builds,5,main]) started.
[        ] :jni_flutter:processDebugManifest (Thread[#55,included builds,5,main]) started.
[        ] > Task :jni_flutter:processDebugManifest UP-TO-DATE
[        ] Caching disabled for task ':jni_flutter:processDebugManifest' because:
[        ]   Build cache is disabled
[        ] Skipping task ':jni_flutter:processDebugManifest' as it is up-to-date.
[        ] work action resolve AndroidManifest.xml (project :jni_flutter) (Thread[#55,included builds,5,main]) started.
[        ] Resolve mutations for :local_auth_android:extractDeepLinksDebug (Thread[#55,included builds,5,main]) started.
[        ] :local_auth_android:extractDeepLinksDebug (Thread[#55,included builds,5,main]) started.
[        ] > Task :local_auth_android:extractDeepLinksDebug UP-TO-DATE
[        ] Caching disabled for task ':local_auth_android:extractDeepLinksDebug' because:
[        ]   Build cache is disabled
[        ] Skipping task ':local_auth_android:extractDeepLinksDebug' as it is up-to-date.
[        ] work action resolve navigation.json (project :local_auth_android) (Thread[#55,included builds,5,main]) started.
[        ] Resolve mutations for :local_auth_android:processDebugManifest (Thread[#55,included builds,5,main]) started.
[        ] :local_auth_android:processDebugManifest (Thread[#55,included builds,5,main]) started.
[        ] > Task :local_auth_android:processDebugManifest UP-TO-DATE
[        ] Caching disabled for task ':local_auth_android:processDebugManifest' because:
[        ]   Build cache is disabled
[        ] Skipping task ':local_auth_android:processDebugManifest' as it is up-to-date.
[        ] work action resolve AndroidManifest.xml (project :local_auth_android) (Thread[#55,included builds,5,main]) started.
[        ] Resolve mutations for :printing:extractDeepLinksDebug (Thread[#55,included builds,5,main]) started.
[        ] :printing:extractDeepLinksDebug (Thread[#55,included builds,5,main]) started.
[        ] > Task :printing:extractDeepLinksDebug UP-TO-DATE
[        ] Caching disabled for task ':printing:extractDeepLinksDebug' because:
[        ]   Build cache is disabled
[        ] Skipping task ':printing:extractDeepLinksDebug' as it is up-to-date.
[        ] work action resolve navigation.json (project :printing) (Thread[#55,included builds,5,main]) started.
[        ] Resolve mutations for :printing:processDebugManifest (Thread[#55,included builds,5,main]) started.
[        ] :printing:processDebugManifest (Thread[#55,included builds,5,main]) started.
[        ] > Task :printing:processDebugManifest UP-TO-DATE
[        ] Caching disabled for task ':printing:processDebugManifest' because:
[        ]   Build cache is disabled
[        ] Skipping task ':printing:processDebugManifest' as it is up-to-date.
[        ] work action resolve AndroidManifest.xml (project :printing) (Thread[#55,included builds,5,main]) started.
[        ] Resolve mutations for :share_plus:extractDeepLinksDebug (Thread[#55,included builds,5,main]) started.
[        ] :share_plus:extractDeepLinksDebug (Thread[#55,included builds,5,main]) started.
[        ] > Task :share_plus:extractDeepLinksDebug UP-TO-DATE
[        ] Caching disabled for task ':share_plus:extractDeepLinksDebug' because:
[        ]   Build cache is disabled
[        ] Skipping task ':share_plus:extractDeepLinksDebug' as it is up-to-date.
[        ] work action resolve navigation.json (project :share_plus) (Thread[#55,included builds,5,main]) started.
[        ] Resolve mutations for :share_plus:processDebugManifest (Thread[#55,included builds,5,main]) started.
[        ] :share_plus:processDebugManifest (Thread[#55,included builds,5,main]) started.
[        ] > Task :share_plus:processDebugManifest UP-TO-DATE
[        ] Caching disabled for task ':share_plus:processDebugManifest' because:
[        ]   Build cache is disabled
[        ] Skipping task ':share_plus:processDebugManifest' as it is up-to-date.
[        ] work action resolve AndroidManifest.xml (project :share_plus) (Thread[#55,included builds,5,main]) started.
[        ] Resolve mutations for :shared_preferences_android:extractDeepLinksDebug (Thread[#55,included builds,5,main]) started.
[        ] :shared_preferences_android:extractDeepLinksDebug (Thread[#55,included builds,5,main]) started.
[        ] > Task :shared_preferences_android:extractDeepLinksDebug UP-TO-DATE
[        ] Caching disabled for task ':shared_preferences_android:extractDeepLinksDebug' because:
[        ]   Build cache is disabled
[        ] Skipping task ':shared_preferences_android:extractDeepLinksDebug' as it is up-to-date.
[        ] work action resolve navigation.json (project :shared_preferences_android) (Thread[#55,included builds,5,main]) started.
[        ] Resolve mutations for :shared_preferences_android:processDebugManifest (Thread[#55,included builds,5,main]) started.
[        ] :shared_preferences_android:processDebugManifest (Thread[#55,included builds,5,main]) started.
[        ] > Task :shared_preferences_android:processDebugManifest UP-TO-DATE
[        ] Caching disabled for task ':shared_preferences_android:processDebugManifest' because:
[        ]   Build cache is disabled
[        ] Skipping task ':shared_preferences_android:processDebugManifest' as it is up-to-date.
[        ] work action resolve AndroidManifest.xml (project :shared_preferences_android) (Thread[#55,included builds,5,main]) started.
[        ] Resolve mutations for :speech_to_text:extractDeepLinksDebug (Thread[#55,included builds,5,main]) started.
[        ] :speech_to_text:extractDeepLinksDebug (Thread[#55,included builds,5,main]) started.
[        ] > Task :speech_to_text:extractDeepLinksDebug UP-TO-DATE
[        ] Caching disabled for task ':speech_to_text:extractDeepLinksDebug' because:
[        ]   Build cache is disabled
[        ] Skipping task ':speech_to_text:extractDeepLinksDebug' as it is up-to-date.
[        ] work action resolve navigation.json (project :speech_to_text) (Thread[#55,included builds,5,main]) started.
[        ] Resolve mutations for :speech_to_text:processDebugManifest (Thread[#55,included builds,5,main]) started.
[        ] :speech_to_text:processDebugManifest (Thread[#55,included builds,5,main]) started.
[        ] > Task :speech_to_text:processDebugManifest UP-TO-DATE
[        ] Caching disabled for task ':speech_to_text:processDebugManifest' because:
[        ]   Build cache is disabled
[        ] Skipping task ':speech_to_text:processDebugManifest' as it is up-to-date.
[        ] work action resolve AndroidManifest.xml (project :speech_to_text) (Thread[#55,included builds,5,main]) started.
[        ] Resolve mutations for :whisper_cpp_flutter_plus:extractDeepLinksDebug (Thread[#55,included builds,5,main]) started.
[        ] :whisper_cpp_flutter_plus:extractDeepLinksDebug (Thread[#55,included builds,5,main]) started.
[        ] > Task :whisper_cpp_flutter_plus:extractDeepLinksDebug UP-TO-DATE
[        ] Caching disabled for task ':whisper_cpp_flutter_plus:extractDeepLinksDebug' because:
[        ]   Build cache is disabled
[        ] Skipping task ':whisper_cpp_flutter_plus:extractDeepLinksDebug' as it is up-to-date.
[        ] work action resolve navigation.json (project :whisper_cpp_flutter_plus) (Thread[#55,included builds,5,main]) started.
[        ] Resolve mutations for :whisper_cpp_flutter_plus:processDebugManifest (Thread[#55,included builds,5,main]) started.
[        ] :whisper_cpp_flutter_plus:processDebugManifest (Thread[#55,included builds,5,main]) started.
[        ] > Task :whisper_cpp_flutter_plus:processDebugManifest UP-TO-DATE
[        ] Caching disabled for task ':whisper_cpp_flutter_plus:processDebugManifest' because:
[        ]   Build cache is disabled
[        ] Skipping task ':whisper_cpp_flutter_plus:processDebugManifest' as it is up-to-date.
[        ] work action resolve AndroidManifest.xml (project :whisper_cpp_flutter_plus) (Thread[#55,included builds,5,main]) started.
[        ] Resolve mutations for :app:processDebugMainManifest (Thread[#55,included builds,5,main]) started.
[        ] :app:processDebugMainManifest (Thread[#55,included builds,5,main]) started.
[        ] > Task :app:processDebugMainManifest UP-TO-DATE
[        ] Caching disabled for task ':app:processDebugMainManifest' because:
[        ]   Build cache is disabled
[        ] Skipping task ':app:processDebugMainManifest' as it is up-to-date.
[        ] Resolve mutations for :app:outputDebugAppLinkSettings (Thread[#55,included builds,5,main]) started.
[        ] :app:outputDebugAppLinkSettings (Thread[#55,included builds,5,main]) started.
[        ] > Task :app:outputDebugAppLinkSettings UP-TO-DATE
[        ] Caching disabled for task ':app:outputDebugAppLinkSettings' because:
[        ]   Build cache is disabled
[        ] Skipping task ':app:outputDebugAppLinkSettings' as it is up-to-date.
[        ] Resolve mutations for :app:processDebugManifest (Thread[#55,included builds,5,main]) started.
[        ] :app:processDebugManifest (Thread[#55,included builds,5,main]) started.
[        ] > Task :app:processDebugManifest UP-TO-DATE
[        ] Caching disabled for task ':app:processDebugManifest' because:
[        ]   Build cache is disabled
[        ] Skipping task ':app:processDebugManifest' as it is up-to-date.
[        ] Resolve mutations for :app:processDebugManifestForPackage (Thread[#55,included builds,5,main]) started.
[        ] :app:processDebugManifestForPackage (Thread[#55,included builds,5,main]) started.
[        ] > Task :app:processDebugManifestForPackage UP-TO-DATE
[        ] Custom actions are attached to task ':app:processDebugManifestForPackage'.
[        ] Caching disabled for task ':app:processDebugManifestForPackage' because:
[        ]   Build cache is disabled
[        ] Skipping task ':app:processDebugManifestForPackage' as it is up-to-date.
[        ] Resolve mutations for :flutter_local_notifications:mapDebugSourceSetPaths (Thread[#55,included builds,5,main]) started.
[        ] :flutter_local_notifications:mapDebugSourceSetPaths (Thread[#55,included builds,5,main]) started.
[        ] > Task :flutter_local_notifications:mapDebugSourceSetPaths UP-TO-DATE
[        ] Caching disabled for task ':flutter_local_notifications:mapDebugSourceSetPaths' because:
[        ]   Build cache is disabled
[        ]   Caching has been disabled for the task
[        ] Skipping task ':flutter_local_notifications:mapDebugSourceSetPaths' as it is up-to-date.
[        ] work action resolve file-map.txt (project :flutter_local_notifications) (Thread[#55,included builds,5,main]) started.
[        ] Resolve mutations for :flutter_local_notifications:compileDebugLibraryResources (Thread[#55,included builds,5,main]) started.
[        ] :flutter_local_notifications:compileDebugLibraryResources (Thread[#55,included builds,5,main]) started.
[        ] > Task :flutter_local_notifications:compileDebugLibraryResources UP-TO-DATE
[        ] Caching disabled for task ':flutter_local_notifications:compileDebugLibraryResources' because:
[        ]   Build cache is disabled
[        ] Skipping task ':flutter_local_notifications:compileDebugLibraryResources' as it is up-to-date.
[        ] work action resolve out (project :flutter_local_notifications) (Thread[#55,included builds,5,main]) started.
[        ] Resolve mutations for :flutter_plugin_android_lifecycle:mapDebugSourceSetPaths (Thread[#55,included builds,5,main]) started.
[        ] :flutter_plugin_android_lifecycle:mapDebugSourceSetPaths (Thread[#55,included builds,5,main]) started.
[        ] > Task :flutter_plugin_android_lifecycle:mapDebugSourceSetPaths UP-TO-DATE
[        ] Caching disabled for task ':flutter_plugin_android_lifecycle:mapDebugSourceSetPaths' because:
[        ]   Build cache is disabled
[        ]   Caching has been disabled for the task
[        ] Skipping task ':flutter_plugin_android_lifecycle:mapDebugSourceSetPaths' as it is up-to-date.
[        ] work action resolve file-map.txt (project :flutter_plugin_android_lifecycle) (Thread[#55,included builds,5,main]) started.
[        ] Resolve mutations for :flutter_plugin_android_lifecycle:compileDebugLibraryResources (Thread[#55,included builds,5,main]) started.
[        ] :flutter_plugin_android_lifecycle:compileDebugLibraryResources (Thread[#55,included builds,5,main]) started.
[        ] > Task :flutter_plugin_android_lifecycle:compileDebugLibraryResources UP-TO-DATE
[        ] Caching disabled for task ':flutter_plugin_android_lifecycle:compileDebugLibraryResources' because:
[        ]   Build cache is disabled
[        ] Skipping task ':flutter_plugin_android_lifecycle:compileDebugLibraryResources' as it is up-to-date.
[        ] work action resolve out (project :flutter_plugin_android_lifecycle) (Thread[#55,included builds,5,main]) started.
[        ] Resolve mutations for :flutter_secure_storage:mapDebugSourceSetPaths (Thread[#55,included builds,5,main]) started.
[        ] :flutter_secure_storage:mapDebugSourceSetPaths (Thread[#55,included builds,5,main]) started.
[        ] > Task :flutter_secure_storage:mapDebugSourceSetPaths UP-TO-DATE
[        ] Caching disabled for task ':flutter_secure_storage:mapDebugSourceSetPaths' because:
[        ]   Build cache is disabled
[        ]   Caching has been disabled for the task
[        ] Skipping task ':flutter_secure_storage:mapDebugSourceSetPaths' as it is up-to-date.
[        ] work action resolve file-map.txt (project :flutter_secure_storage) (Thread[#55,included builds,5,main]) started.
[        ] Resolve mutations for :flutter_secure_storage:compileDebugLibraryResources (Thread[#55,included builds,5,main]) started.
[        ] :flutter_secure_storage:compileDebugLibraryResources (Thread[#55,included builds,5,main]) started.
[        ] > Task :flutter_secure_storage:compileDebugLibraryResources UP-TO-DATE
[        ] Caching disabled for task ':flutter_secure_storage:compileDebugLibraryResources' because:
[        ]   Build cache is disabled
[        ] Skipping task ':flutter_secure_storage:compileDebugLibraryResources' as it is up-to-date.
[        ] work action resolve out (project :flutter_secure_storage) (Thread[#55,included builds,5,main]) started.
[        ] Resolve mutations for :jni:mapDebugSourceSetPaths (Thread[#55,included builds,5,main]) started.
[        ] :jni:mapDebugSourceSetPaths (Thread[#55,included builds,5,main]) started.
[        ] > Task :jni:mapDebugSourceSetPaths UP-TO-DATE
[        ] Caching disabled for task ':jni:mapDebugSourceSetPaths' because:
[        ]   Build cache is disabled
[        ]   Caching has been disabled for the task
[        ] Skipping task ':jni:mapDebugSourceSetPaths' as it is up-to-date.
[        ] work action resolve file-map.txt (project :jni) (Thread[#55,included builds,5,main]) started.
[        ] Resolve mutations for :jni:compileDebugLibraryResources (Thread[#55,included builds,5,main]) started.
[        ] :jni:compileDebugLibraryResources (Thread[#55,included builds,5,main]) started.
[        ] > Task :jni:compileDebugLibraryResources UP-TO-DATE
[        ] Caching disabled for task ':jni:compileDebugLibraryResources' because:
[        ]   Build cache is disabled
[        ] Skipping task ':jni:compileDebugLibraryResources' as it is up-to-date.
[        ] work action resolve out (project :jni) (Thread[#55,included builds,5,main]) started.
[        ] Resolve mutations for :jni_flutter:mapDebugSourceSetPaths (Thread[#55,included builds,5,main]) started.
[        ] :jni_flutter:mapDebugSourceSetPaths (Thread[#55,included builds,5,main]) started.
[        ] > Task :jni_flutter:mapDebugSourceSetPaths UP-TO-DATE
[        ] Caching disabled for task ':jni_flutter:mapDebugSourceSetPaths' because:
[        ]   Build cache is disabled
[        ]   Caching has been disabled for the task
[        ] Skipping task ':jni_flutter:mapDebugSourceSetPaths' as it is up-to-date.
[        ] work action resolve file-map.txt (project :jni_flutter) (Thread[#55,included builds,5,main]) started.
[        ] Resolve mutations for :jni_flutter:compileDebugLibraryResources (Thread[#55,included builds,5,main]) started.
[        ] :jni_flutter:compileDebugLibraryResources (Thread[#55,included builds,5,main]) started.
[        ] > Task :jni_flutter:compileDebugLibraryResources UP-TO-DATE
[        ] Caching disabled for task ':jni_flutter:compileDebugLibraryResources' because:
[        ]   Build cache is disabled
[        ] Skipping task ':jni_flutter:compileDebugLibraryResources' as it is up-to-date.
[        ] work action resolve out (project :jni_flutter) (Thread[#55,included builds,5,main]) started.
[        ] Resolve mutations for :local_auth_android:mapDebugSourceSetPaths (Thread[#55,included builds,5,main]) started.
[        ] :local_auth_android:mapDebugSourceSetPaths (Thread[#55,included builds,5,main]) started.
[        ] > Task :local_auth_android:mapDebugSourceSetPaths UP-TO-DATE
[        ] Caching disabled for task ':local_auth_android:mapDebugSourceSetPaths' because:
[        ]   Build cache is disabled
[        ]   Caching has been disabled for the task
[        ] Skipping task ':local_auth_android:mapDebugSourceSetPaths' as it is up-to-date.
[        ] work action resolve file-map.txt (project :local_auth_android) (Thread[#55,included builds,5,main]) started.
[        ] Resolve mutations for :local_auth_android:compileDebugLibraryResources (Thread[#55,included builds,5,main]) started.
[        ] :local_auth_android:compileDebugLibraryResources (Thread[#55,included builds,5,main]) started.
[        ] > Task :local_auth_android:compileDebugLibraryResources UP-TO-DATE
[        ] Caching disabled for task ':local_auth_android:compileDebugLibraryResources' because:
[        ]   Build cache is disabled
[        ] Skipping task ':local_auth_android:compileDebugLibraryResources' as it is up-to-date.
[        ] work action resolve out (project :local_auth_android) (Thread[#55,included builds,5,main]) started.
[        ] Resolve mutations for :printing:mapDebugSourceSetPaths (Thread[#55,included builds,5,main]) started.
[        ] :printing:mapDebugSourceSetPaths (Thread[#55,included builds,5,main]) started.
[        ] > Task :printing:mapDebugSourceSetPaths UP-TO-DATE
[        ] Caching disabled for task ':printing:mapDebugSourceSetPaths' because:
[        ]   Build cache is disabled
[        ]   Caching has been disabled for the task
[        ] Skipping task ':printing:mapDebugSourceSetPaths' as it is up-to-date.
[        ] work action resolve file-map.txt (project :printing) (Thread[#55,included builds,5,main]) started.
[        ] Resolve mutations for :printing:compileDebugLibraryResources (Thread[#55,included builds,5,main]) started.
[        ] :printing:compileDebugLibraryResources (Thread[#55,included builds,5,main]) started.
[        ] > Task :printing:compileDebugLibraryResources UP-TO-DATE
[        ] Caching disabled for task ':printing:compileDebugLibraryResources' because:
[        ]   Build cache is disabled
[        ] Skipping task ':printing:compileDebugLibraryResources' as it is up-to-date.
[        ] work action resolve out (project :printing) (Thread[#55,included builds,5,main]) started.
[        ] Resolve mutations for :share_plus:mapDebugSourceSetPaths (Thread[#55,included builds,5,main]) started.
[        ] :share_plus:mapDebugSourceSetPaths (Thread[#55,included builds,5,main]) started.
[        ] > Task :share_plus:mapDebugSourceSetPaths UP-TO-DATE
[        ] Caching disabled for task ':share_plus:mapDebugSourceSetPaths' because:
[        ]   Build cache is disabled
[        ]   Caching has been disabled for the task
[        ] Skipping task ':share_plus:mapDebugSourceSetPaths' as it is up-to-date.
[        ] work action resolve file-map.txt (project :share_plus) (Thread[#55,included builds,5,main]) started.
[        ] Resolve mutations for :share_plus:compileDebugLibraryResources (Thread[#55,included builds,5,main]) started.
[        ] :share_plus:compileDebugLibraryResources (Thread[#55,included builds,5,main]) started.
[        ] > Task :share_plus:compileDebugLibraryResources UP-TO-DATE
[        ] Caching disabled for task ':share_plus:compileDebugLibraryResources' because:
[        ]   Build cache is disabled
[        ] Skipping task ':share_plus:compileDebugLibraryResources' as it is up-to-date.
[        ] work action resolve out (project :share_plus) (Thread[#55,included builds,5,main]) started.
[        ] Resolve mutations for :shared_preferences_android:mapDebugSourceSetPaths (Thread[#55,included builds,5,main]) started.
[        ] :shared_preferences_android:mapDebugSourceSetPaths (Thread[#55,included builds,5,main]) started.
[        ] > Task :shared_preferences_android:mapDebugSourceSetPaths UP-TO-DATE
[        ] Caching disabled for task ':shared_preferences_android:mapDebugSourceSetPaths' because:
[        ]   Build cache is disabled
[        ]   Caching has been disabled for the task
[        ] Skipping task ':shared_preferences_android:mapDebugSourceSetPaths' as it is up-to-date.
[        ] work action resolve file-map.txt (project :shared_preferences_android) (Thread[#55,included builds,5,main]) started.
[        ] Resolve mutations for :shared_preferences_android:compileDebugLibraryResources (Thread[#55,included builds,5,main]) started.
[        ] :shared_preferences_android:compileDebugLibraryResources (Thread[#55,included builds,5,main]) started.
[        ] > Task :shared_preferences_android:compileDebugLibraryResources UP-TO-DATE
[        ] Caching disabled for task ':shared_preferences_android:compileDebugLibraryResources' because:
[        ]   Build cache is disabled
[        ] Skipping task ':shared_preferences_android:compileDebugLibraryResources' as it is up-to-date.
[        ] work action resolve out (project :shared_preferences_android) (Thread[#55,included builds,5,main]) started.
[        ] Resolve mutations for :speech_to_text:mapDebugSourceSetPaths (Thread[#55,included builds,5,main]) started.
[        ] :speech_to_text:mapDebugSourceSetPaths (Thread[#55,included builds,5,main]) started.
[        ] > Task :speech_to_text:mapDebugSourceSetPaths UP-TO-DATE
[        ] Caching disabled for task ':speech_to_text:mapDebugSourceSetPaths' because:
[        ]   Build cache is disabled
[        ]   Caching has been disabled for the task
[        ] Skipping task ':speech_to_text:mapDebugSourceSetPaths' as it is up-to-date.
[        ] work action resolve file-map.txt (project :speech_to_text) (Thread[#55,included builds,5,main]) started.
[        ] Resolve mutations for :speech_to_text:compileDebugLibraryResources (Thread[#55,included builds,5,main]) started.
[        ] :speech_to_text:compileDebugLibraryResources (Thread[#55,included builds,5,main]) started.
[        ] > Task :speech_to_text:compileDebugLibraryResources UP-TO-DATE
[        ] Caching disabled for task ':speech_to_text:compileDebugLibraryResources' because:
[        ]   Build cache is disabled
[        ] Skipping task ':speech_to_text:compileDebugLibraryResources' as it is up-to-date.
[        ] work action resolve out (project :speech_to_text) (Thread[#55,included builds,5,main]) started.
[        ] Resolve mutations for :whisper_cpp_flutter_plus:mapDebugSourceSetPaths (Thread[#55,included builds,5,main]) started.
[        ] :whisper_cpp_flutter_plus:mapDebugSourceSetPaths (Thread[#55,included builds,5,main]) started.
[  +95 ms] > Task :whisper_cpp_flutter_plus:mapDebugSourceSetPaths UP-TO-DATE
[        ] Caching disabled for task ':whisper_cpp_flutter_plus:mapDebugSourceSetPaths' because:
[        ]   Build cache is disabled
[        ]   Caching has been disabled for the task
[        ] Skipping task ':whisper_cpp_flutter_plus:mapDebugSourceSetPaths' as it is up-to-date.
[        ] work action resolve file-map.txt (project :whisper_cpp_flutter_plus) (Thread[#55,included builds,5,main]) started.
[        ] Resolve mutations for :whisper_cpp_flutter_plus:compileDebugLibraryResources (Thread[#55,included builds,5,main]) started.
[        ] :whisper_cpp_flutter_plus:compileDebugLibraryResources (Thread[#55,included builds,5,main]) started.
[        ] > Task :whisper_cpp_flutter_plus:compileDebugLibraryResources UP-TO-DATE
[        ] Caching disabled for task ':whisper_cpp_flutter_plus:compileDebugLibraryResources' because:
[        ]   Build cache is disabled
[        ] Skipping task ':whisper_cpp_flutter_plus:compileDebugLibraryResources' as it is up-to-date.
[        ] work action resolve out (project :whisper_cpp_flutter_plus) (Thread[#55,included builds,5,main]) started.
[        ] Resolve mutations for :app:processDebugResources (Thread[#55,included builds,5,main]) started.
[        ] :app:processDebugResources (Thread[#55,included builds,5,main]) started.
[ +299 ms] > Task :app:processDebugResources UP-TO-DATE
[        ] Caching disabled for task ':app:processDebugResources' because:
[        ]   Build cache is disabled
[        ] Skipping task ':app:processDebugResources' as it is up-to-date.
[        ] Resolve mutations for :app:dexBuilderDebug (Thread[#55,included builds,5,main]) started.
[        ] :app:dexBuilderDebug (Thread[#55,included builds,5,main]) started.
[        ] > Task :app:dexBuilderDebug UP-TO-DATE
[        ] Caching disabled for task ':app:dexBuilderDebug' because:
[        ]   Build cache is disabled
[        ] Skipping task ':app:dexBuilderDebug' as it is up-to-date.
[        ] Resolve mutations for :app:mergeDebugGlobalSynthetics (Thread[#55,included builds,5,main]) started.
[        ] :app:mergeDebugGlobalSynthetics (Thread[#55,included builds,5,main]) started.
[ +399 ms] > Task :app:mergeDebugGlobalSynthetics UP-TO-DATE
[        ] Caching disabled for task ':app:mergeDebugGlobalSynthetics' because:
[        ]   Build cache is disabled
[        ] Skipping task ':app:mergeDebugGlobalSynthetics' as it is up-to-date.
[        ] Resolve mutations for :app:processDebugJavaRes (Thread[#55,included builds,5,main]) started.
[        ] :app:processDebugJavaRes (Thread[#55,included builds,5,main]) started.
[        ] > Task :app:processDebugJavaRes UP-TO-DATE
[        ] file or directory '/home/ubuntu/FFM-source-2d123ad-v67/android/app/src/main/resources', not found
[        ] file or directory '/home/ubuntu/FFM-source-2d123ad-v67/android/app/src/debug/resources', not found
[        ] Caching disabled for task ':app:processDebugJavaRes' because:
[        ]   Build cache is disabled
[        ]   Caching has been disabled for the task
[        ] Skipping task ':app:processDebugJavaRes' as it is up-to-date.
[        ] Resolve mutations for :flutter_local_notifications:processDebugJavaRes (Thread[#55,included builds,5,main]) started.
[        ] :flutter_local_notifications:processDebugJavaRes (Thread[#55,included builds,5,main]) started.
[        ] > Task :flutter_local_notifications:processDebugJavaRes NO-SOURCE
[        ] file or directory '/home/ubuntu/.pub-cache/hosted/pub.dev/flutter_local_notifications-22.3.0/android/src/main/resources', not found
[        ] file or directory '/home/ubuntu/.pub-cache/hosted/pub.dev/flutter_local_notifications-22.3.0/android/src/debug/resources', not found
[        ] Skipping task ':flutter_local_notifications:processDebugJavaRes' as it has no source files and no previous output files.
[        ] work action resolve out (project :flutter_local_notifications) (Thread[#55,included builds,5,main]) started.
[        ] Resolve mutations for :flutter_plugin_android_lifecycle:processDebugJavaRes (Thread[#55,included builds,5,main]) started.
[        ] :flutter_plugin_android_lifecycle:processDebugJavaRes (Thread[#55,included builds,5,main]) started.
[        ] > Task :flutter_plugin_android_lifecycle:processDebugJavaRes NO-SOURCE
[        ] file or directory '/home/ubuntu/.pub-cache/hosted/pub.dev/flutter_plugin_android_lifecycle-2.0.35/android/src/main/resources', not found
[        ] file or directory '/home/ubuntu/.pub-cache/hosted/pub.dev/flutter_plugin_android_lifecycle-2.0.35/android/src/debug/resources', not found
[        ] Skipping task ':flutter_plugin_android_lifecycle:processDebugJavaRes' as it has no source files and no previous output files.
[        ] work action resolve out (project :flutter_plugin_android_lifecycle) (Thread[#55,included builds,5,main]) started.
[        ] Resolve mutations for :flutter_secure_storage:processDebugJavaRes (Thread[#55,included builds,5,main]) started.
[        ] :flutter_secure_storage:processDebugJavaRes (Thread[#55,included builds,5,main]) started.
[        ] > Task :flutter_secure_storage:processDebugJavaRes NO-SOURCE
[        ] file or directory '/home/ubuntu/.pub-cache/hosted/pub.dev/flutter_secure_storage-11.0.0/android/src/main/resources', not found
[        ] file or directory '/home/ubuntu/.pub-cache/hosted/pub.dev/flutter_secure_storage-11.0.0/android/src/debug/resources', not found
[        ] Skipping task ':flutter_secure_storage:processDebugJavaRes' as it has no source files and no previous output files.
[        ] work action resolve out (project :flutter_secure_storage) (Thread[#55,included builds,5,main]) started.
[        ] Resolve mutations for :jni:processDebugJavaRes (Thread[#55,included builds,5,main]) started.
[        ] :jni:processDebugJavaRes (Thread[#55,included builds,5,main]) started.
[        ] > Task :jni:processDebugJavaRes NO-SOURCE
[        ] file or directory '/home/ubuntu/.pub-cache/hosted/pub.dev/jni-1.0.3/android/src/main/resources', not found
[        ] file or directory '/home/ubuntu/.pub-cache/hosted/pub.dev/jni-1.0.3/android/src/debug/resources', not found
[        ] Skipping task ':jni:processDebugJavaRes' as it has no source files and no previous output files.
[        ] work action resolve out (project :jni) (Thread[#55,included builds,5,main]) started.
[        ] Resolve mutations for :jni_flutter:processDebugJavaRes (Thread[#55,included builds,5,main]) started.
[        ] :jni_flutter:processDebugJavaRes (Thread[#55,included builds,5,main]) started.
[        ] > Task :jni_flutter:processDebugJavaRes NO-SOURCE
[        ] file or directory '/home/ubuntu/.pub-cache/hosted/pub.dev/jni_flutter-1.0.2/android/src/main/resources', not found
[        ] file or directory '/home/ubuntu/.pub-cache/hosted/pub.dev/jni_flutter-1.0.2/android/src/debug/resources', not found
[        ] Skipping task ':jni_flutter:processDebugJavaRes' as it has no source files and no previous output files.
[        ] work action resolve out (project :jni_flutter) (Thread[#55,included builds,5,main]) started.
[        ] Resolve mutations for :local_auth_android:processDebugJavaRes (Thread[#55,included builds,5,main]) started.
[        ] :local_auth_android:processDebugJavaRes (Thread[#55,included builds,5,main]) started.
[        ] > Task :local_auth_android:processDebugJavaRes UP-TO-DATE
[        ] file or directory '/home/ubuntu/.pub-cache/hosted/pub.dev/local_auth_android-2.0.9/android/src/main/resources', not found
[        ] file or directory '/home/ubuntu/.pub-cache/hosted/pub.dev/local_auth_android-2.0.9/android/src/debug/resources', not found
[        ] Caching disabled for task ':local_auth_android:processDebugJavaRes' because:
[        ]   Build cache is disabled
[        ]   Caching has been disabled for the task
[        ] Skipping task ':local_auth_android:processDebugJavaRes' as it is up-to-date.
[        ] work action resolve out (project :local_auth_android) (Thread[#55,included builds,5,main]) started.
[        ] Resolve mutations for :printing:processDebugJavaRes (Thread[#55,included builds,5,main]) started.
[        ] :printing:processDebugJavaRes (Thread[#55,included builds,5,main]) started.
[        ] > Task :printing:processDebugJavaRes NO-SOURCE
[        ] file or directory '/home/ubuntu/.pub-cache/hosted/pub.dev/printing-5.14.3/android/src/main/resources', not found
[        ] file or directory '/home/ubuntu/.pub-cache/hosted/pub.dev/printing-5.14.3/android/src/debug/resources', not found
[        ] Skipping task ':printing:processDebugJavaRes' as it has no source files and no previous output files.
[        ] work action resolve out (project :printing) (Thread[#55,included builds,5,main]) started.
[        ] Resolve mutations for :share_plus:processDebugJavaRes (Thread[#55,included builds,5,main]) started.
[        ] :share_plus:processDebugJavaRes (Thread[#55,included builds,5,main]) started.
[        ] > Task :share_plus:processDebugJavaRes UP-TO-DATE
[        ] file or directory '/home/ubuntu/.pub-cache/hosted/pub.dev/share_plus-13.3.0/android/src/main/resources', not found
[        ] file or directory '/home/ubuntu/.pub-cache/hosted/pub.dev/share_plus-13.3.0/android/src/debug/resources', not found
[        ] Caching disabled for task ':share_plus:processDebugJavaRes' because:
[        ]   Build cache is disabled
[        ]   Caching has been disabled for the task
[        ] Skipping task ':share_plus:processDebugJavaRes' as it is up-to-date.
[        ] work action resolve out (project :share_plus) (Thread[#55,included builds,5,main]) started.
[        ] Resolve mutations for :shared_preferences_android:processDebugJavaRes (Thread[#55,included builds,5,main]) started.
[        ] :shared_preferences_android:processDebugJavaRes (Thread[#55,included builds,5,main]) started.
[        ] > Task :shared_preferences_android:processDebugJavaRes UP-TO-DATE
[        ] file or directory '/home/ubuntu/.pub-cache/hosted/pub.dev/shared_preferences_android-2.4.27/android/src/main/resources', not found
[        ] file or directory '/home/ubuntu/.pub-cache/hosted/pub.dev/shared_preferences_android-2.4.27/android/src/debug/resources', not found
[        ] Caching disabled for task ':shared_preferences_android:processDebugJavaRes' because:
[        ]   Build cache is disabled
[        ]   Caching has been disabled for the task
[        ] Skipping task ':shared_preferences_android:processDebugJavaRes' as it is up-to-date.
[        ] work action resolve out (project :shared_preferences_android) (Thread[#55,included builds,5,main]) started.
[        ] Resolve mutations for :speech_to_text:processDebugJavaRes (Thread[#55,included builds,5,main]) started.
[        ] :speech_to_text:processDebugJavaRes (Thread[#55,included builds,5,main]) started.
[        ] > Task :speech_to_text:processDebugJavaRes UP-TO-DATE
[        ] file or directory '/home/ubuntu/.pub-cache/hosted/pub.dev/speech_to_text-7.4.0/android/src/main/resources', not found
[        ] file or directory '/home/ubuntu/.pub-cache/hosted/pub.dev/speech_to_text-7.4.0/android/src/debug/resources', not found
[        ] Caching disabled for task ':speech_to_text:processDebugJavaRes' because:
[        ]   Build cache is disabled
[        ]   Caching has been disabled for the task
[        ] Skipping task ':speech_to_text:processDebugJavaRes' as it is up-to-date.
[        ] work action resolve out (project :speech_to_text) (Thread[#55,included builds,5,main]) started.
[        ] Resolve mutations for :whisper_cpp_flutter_plus:processDebugJavaRes (Thread[#55,included builds,5,main]) started.
[        ] :whisper_cpp_flutter_plus:processDebugJavaRes (Thread[#55,included builds,5,main]) started.
[        ] > Task :whisper_cpp_flutter_plus:processDebugJavaRes UP-TO-DATE
[        ] file or directory '/home/ubuntu/.pub-cache/hosted/pub.dev/whisper_cpp_flutter_plus-0.4.0/android/src/main/resources', not found
[        ] file or directory '/home/ubuntu/.pub-cache/hosted/pub.dev/whisper_cpp_flutter_plus-0.4.0/android/src/debug/resources', not found
[        ] Caching disabled for task ':whisper_cpp_flutter_plus:processDebugJavaRes' because:
[        ]   Build cache is disabled
[        ]   Caching has been disabled for the task
[        ] Skipping task ':whisper_cpp_flutter_plus:processDebugJavaRes' as it is up-to-date.
[        ] work action resolve out (project :whisper_cpp_flutter_plus) (Thread[#55,included builds,5,main]) started.
[        ] Resolve mutations for :app:mergeDebugJavaResource (Thread[#55,included builds,5,main]) started.
[        ] :app:mergeDebugJavaResource (Thread[#55,included builds,5,main]) started.
[ +497 ms] > Task :app:mergeDebugJavaResource
[        ] Caching disabled for task ':app:mergeDebugJavaResource' because:
[        ]   Build cache is disabled
[        ]   Caching has been disabled for the task
[        ] Task ':app:mergeDebugJavaResource' is not up-to-date because:
[        ]   Input property 'externalLibJavaRes.fileCollection' file /home/ubuntu/.gradle/caches/modules-2/files-2.1/io.flutter/armeabi_v7a_debug/1.0.0-5d531788691ec3404cac0cee66ead4007b177363/4c3dc7fe24094aadbbd0b9329792f47f3649d3f0/armeabi_v7a_debug-1.0.0-5d531788691ec3404cac0cee66ead4007b177363.jar has been removed.
[        ]   Input property 'externalLibJavaRes.fileCollection' file /home/ubuntu/.gradle/caches/modules-2/files-2.1/io.flutter/x86_64_debug/1.0.0-5d531788691ec3404cac0cee66ead4007b177363/51e54dd540bdddbee768e26f1c66051c8d8bb9b3/x86_64_debug-1.0.0-5d531788691ec3404cac0cee66ead4007b177363.jar has been removed.
[        ] Resolve mutations for :app:checkDebugDuplicateClasses (Thread[#55,included builds,5,main]) started.
[        ] :app:checkDebugDuplicateClasses (Thread[#55,included builds,5,main]) started.
[  +99 ms] > Task :app:checkDebugDuplicateClasses
[        ] Caching disabled for task ':app:checkDebugDuplicateClasses' because:
[        ]   Build cache is disabled
[        ]   Caching has been disabled for the task
[        ] Task ':app:checkDebugDuplicateClasses' is not up-to-date because:
[        ]   Input property 'enumeratedClasses' file /home/ubuntu/.gradle/caches/9.3.1/transforms/5f36ec4287eb5926954642a016640bc5/transformed/armeabi_v7a_debug-1.0.0-5d531788691ec3404cac0cee66ead4007b177363 has been removed.
[        ]   Input property 'enumeratedClasses' file /home/ubuntu/.gradle/caches/9.3.1/transforms/9e04eb0c4ae10dd984765d2ac543c932/transformed/x86_64_debug-1.0.0-5d531788691ec3404cac0cee66ead4007b177363 has been removed.
[        ] Resolve mutations for :app:mergeExtDexDebug (Thread[#55,included builds,5,main]) started.
[        ] :app:mergeExtDexDebug (Thread[#55,included builds,5,main]) started.
[  +99 ms] > Task :app:mergeExtDexDebug UP-TO-DATE
[        ] Caching disabled for task ':app:mergeExtDexDebug' because:
[        ]   Build cache is disabled
[        ] Skipping task ':app:mergeExtDexDebug' as it is up-to-date.
[        ] Resolve mutations for :android_file_picker:bundleLibRuntimeToDirDebug (Thread[#55,included builds,5,main]) started.
[        ] :android_file_picker:bundleLibRuntimeToDirDebug (Thread[#55,included builds,5,main]) started.
[        ] > Task :android_file_picker:bundleLibRuntimeToDirDebug UP-TO-DATE
[        ] Caching disabled for task ':android_file_picker:bundleLibRuntimeToDirDebug' because:
[        ]   Build cache is disabled
[        ]   Simple merging task
[        ] Skipping task ':android_file_picker:bundleLibRuntimeToDirDebug' as it is up-to-date.
[        ] work action resolve bundleLibRuntimeToDirDebug (project :android_file_picker) (Thread[#55,included builds,5,main]) started.
[        ] ClassesDirToClassesTransform (Thread[#55,included builds,5,main]) started.
[        ] DexingNoClasspathTransform (Thread[#55,included builds,5,main]) started.
[        ] > Transform bundleLibRuntimeToDirDebug (project :android_file_picker) with DexingNoClasspathTransform
[        ] Caching disabled for DexingNoClasspathTransform: /home/ubuntu/FFM-source-2d123ad-v67/build/android_file_picker/intermediates/runtime_library_classes_dir/debug/bundleLibRuntimeToDirDebug because:
[        ]   Build cache is disabled
[        ] Skipping DexingNoClasspathTransform: /home/ubuntu/FFM-source-2d123ad-v67/build/android_file_picker/intermediates/runtime_library_classes_dir/debug/bundleLibRuntimeToDirDebug as it is up-to-date.
[        ] DexingOutputSplitTransform (Thread[#55,included builds,5,main]) started.
[        ] Resolve mutations for :flutter_local_notifications:bundleLibRuntimeToDirDebug (Thread[#55,included builds,5,main]) started.
[        ] :flutter_local_notifications:bundleLibRuntimeToDirDebug (Thread[#55,included builds,5,main]) started.
[        ] > Task :flutter_local_notifications:bundleLibRuntimeToDirDebug UP-TO-DATE
[        ] Caching disabled for task ':flutter_local_notifications:bundleLibRuntimeToDirDebug' because:
[        ]   Build cache is disabled
[        ]   Simple merging task
[        ] Skipping task ':flutter_local_notifications:bundleLibRuntimeToDirDebug' as it is up-to-date.
[        ] work action resolve bundleLibRuntimeToDirDebug (project :flutter_local_notifications) (Thread[#55,included builds,5,main]) started.
[        ] ClassesDirToClassesTransform (Thread[#55,included builds,5,main]) started.
[        ] DexingNoClasspathTransform (Thread[#55,included builds,5,main]) started.
[        ] > Transform bundleLibRuntimeToDirDebug (project :flutter_local_notifications) with DexingNoClasspathTransform
[        ] Caching disabled for DexingNoClasspathTransform: /home/ubuntu/FFM-source-2d123ad-v67/build/flutter_local_notifications/intermediates/runtime_library_classes_dir/debug/bundleLibRuntimeToDirDebug because:
[        ]   Build cache is disabled
[        ] Skipping DexingNoClasspathTransform: /home/ubuntu/FFM-source-2d123ad-v67/build/flutter_local_notifications/intermediates/runtime_library_classes_dir/debug/bundleLibRuntimeToDirDebug as it is up-to-date.
[        ] DexingOutputSplitTransform (Thread[#55,included builds,5,main]) started.
[        ] Resolve mutations for :local_auth_android:bundleLibRuntimeToDirDebug (Thread[#55,included builds,5,main]) started.
[        ] :local_auth_android:bundleLibRuntimeToDirDebug (Thread[#55,included builds,5,main]) started.
[        ] > Task :local_auth_android:bundleLibRuntimeToDirDebug UP-TO-DATE
[        ] Caching disabled for task ':local_auth_android:bundleLibRuntimeToDirDebug' because:
[        ]   Build cache is disabled
[        ]   Simple merging task
[        ] Skipping task ':local_auth_android:bundleLibRuntimeToDirDebug' as it is up-to-date.
[        ] work action resolve bundleLibRuntimeToDirDebug (project :local_auth_android) (Thread[#55,included builds,5,main]) started.
[        ] ClassesDirToClassesTransform (Thread[#55,included builds,5,main]) started.
[        ] DexingNoClasspathTransform (Thread[#55,included builds,5,main]) started.
[        ] > Transform bundleLibRuntimeToDirDebug (project :local_auth_android) with DexingNoClasspathTransform
[        ] Caching disabled for DexingNoClasspathTransform: /home/ubuntu/FFM-source-2d123ad-v67/build/local_auth_android/intermediates/runtime_library_classes_dir/debug/bundleLibRuntimeToDirDebug because:
[        ]   Build cache is disabled
[        ] Skipping DexingNoClasspathTransform: /home/ubuntu/FFM-source-2d123ad-v67/build/local_auth_android/intermediates/runtime_library_classes_dir/debug/bundleLibRuntimeToDirDebug as it is up-to-date.
[        ] DexingOutputSplitTransform (Thread[#55,included builds,5,main]) started.
[        ] Resolve mutations for :flutter_plugin_android_lifecycle:bundleLibRuntimeToDirDebug (Thread[#55,included builds,5,main]) started.
[        ] :flutter_plugin_android_lifecycle:bundleLibRuntimeToDirDebug (Thread[#55,included builds,5,main]) started.
[        ] > Task :flutter_plugin_android_lifecycle:bundleLibRuntimeToDirDebug UP-TO-DATE
[        ] Caching disabled for task ':flutter_plugin_android_lifecycle:bundleLibRuntimeToDirDebug' because:
[        ]   Build cache is disabled
[        ]   Simple merging task
[        ] Skipping task ':flutter_plugin_android_lifecycle:bundleLibRuntimeToDirDebug' as it is up-to-date.
[        ] work action resolve bundleLibRuntimeToDirDebug (project :flutter_plugin_android_lifecycle) (Thread[#55,included builds,5,main]) started.
[        ] ClassesDirToClassesTransform (Thread[#55,included builds,5,main]) started.
[        ] DexingNoClasspathTransform (Thread[#55,included builds,5,main]) started.
[        ] > Transform bundleLibRuntimeToDirDebug (project :flutter_plugin_android_lifecycle) with DexingNoClasspathTransform
[        ] Caching disabled for DexingNoClasspathTransform: /home/ubuntu/FFM-source-2d123ad-v67/build/flutter_plugin_android_lifecycle/intermediates/runtime_library_classes_dir/debug/bundleLibRuntimeToDirDebug because:
[        ]   Build cache is disabled
[        ] Skipping DexingNoClasspathTransform: /home/ubuntu/FFM-source-2d123ad-v67/build/flutter_plugin_android_lifecycle/intermediates/runtime_library_classes_dir/debug/bundleLibRuntimeToDirDebug as it is up-to-date.
[        ] DexingOutputSplitTransform (Thread[#55,included builds,5,main]) started.
[        ] Resolve mutations for :flutter_secure_storage:bundleLibRuntimeToDirDebug (Thread[#55,included builds,5,main]) started.
[        ] :flutter_secure_storage:bundleLibRuntimeToDirDebug (Thread[#55,included builds,5,main]) started.
[        ] > Task :flutter_secure_storage:bundleLibRuntimeToDirDebug UP-TO-DATE
[        ] Caching disabled for task ':flutter_secure_storage:bundleLibRuntimeToDirDebug' because:
[        ]   Build cache is disabled
[        ]   Simple merging task
[        ] Skipping task ':flutter_secure_storage:bundleLibRuntimeToDirDebug' as it is up-to-date.
[        ] work action resolve bundleLibRuntimeToDirDebug (project :flutter_secure_storage) (Thread[#55,included builds,5,main]) started.
[        ] ClassesDirToClassesTransform (Thread[#55,included builds,5,main]) started.
[        ] DexingNoClasspathTransform (Thread[#55,included builds,5,main]) started.
[        ] > Transform bundleLibRuntimeToDirDebug (project :flutter_secure_storage) with DexingNoClasspathTransform
[        ] Caching disabled for DexingNoClasspathTransform: /home/ubuntu/FFM-source-2d123ad-v67/build/flutter_secure_storage/intermediates/runtime_library_classes_dir/debug/bundleLibRuntimeToDirDebug because:
[        ]   Build cache is disabled
[        ] Skipping DexingNoClasspathTransform: /home/ubuntu/FFM-source-2d123ad-v67/build/flutter_secure_storage/intermediates/runtime_library_classes_dir/debug/bundleLibRuntimeToDirDebug as it is up-to-date.
[        ] DexingOutputSplitTransform (Thread[#55,included builds,5,main]) started.
[        ] Resolve mutations for :jni_flutter:bundleLibRuntimeToDirDebug (Thread[#55,included builds,5,main]) started.
[        ] :jni_flutter:bundleLibRuntimeToDirDebug (Thread[#55,included builds,5,main]) started.
[        ] > Task :jni_flutter:bundleLibRuntimeToDirDebug UP-TO-DATE
[        ] Caching disabled for task ':jni_flutter:bundleLibRuntimeToDirDebug' because:
[        ]   Build cache is disabled
[        ]   Simple merging task
[        ] Skipping task ':jni_flutter:bundleLibRuntimeToDirDebug' as it is up-to-date.
[        ] work action resolve bundleLibRuntimeToDirDebug (project :jni_flutter) (Thread[#55,included builds,5,main]) started.
[        ] ClassesDirToClassesTransform (Thread[#55,included builds,5,main]) started.
[        ] DexingNoClasspathTransform (Thread[#55,included builds,5,main]) started.
[        ] > Transform bundleLibRuntimeToDirDebug (project :jni_flutter) with DexingNoClasspathTransform
[        ] Caching disabled for DexingNoClasspathTransform: /home/ubuntu/FFM-source-2d123ad-v67/build/jni_flutter/intermediates/runtime_library_classes_dir/debug/bundleLibRuntimeToDirDebug because:
[        ]   Build cache is disabled
[        ] Skipping DexingNoClasspathTransform: /home/ubuntu/FFM-source-2d123ad-v67/build/jni_flutter/intermediates/runtime_library_classes_dir/debug/bundleLibRuntimeToDirDebug as it is up-to-date.
[        ] DexingOutputSplitTransform (Thread[#55,included builds,5,main]) started.
[        ] Resolve mutations for :jni:bundleLibRuntimeToDirDebug (Thread[#55,included builds,5,main]) started.
[        ] :jni:bundleLibRuntimeToDirDebug (Thread[#55,included builds,5,main]) started.
[        ] > Task :jni:bundleLibRuntimeToDirDebug UP-TO-DATE
[        ] Caching disabled for task ':jni:bundleLibRuntimeToDirDebug' because:
[        ]   Build cache is disabled
[        ]   Simple merging task
[        ] Skipping task ':jni:bundleLibRuntimeToDirDebug' as it is up-to-date.
[        ] work action resolve bundleLibRuntimeToDirDebug (project :jni) (Thread[#55,included builds,5,main]) started.
[        ] ClassesDirToClassesTransform (Thread[#55,included builds,5,main]) started.
[        ] DexingNoClasspathTransform (Thread[#55,included builds,5,main]) started.
[        ] > Transform bundleLibRuntimeToDirDebug (project :jni) with DexingNoClasspathTransform
[        ] Caching disabled for DexingNoClasspathTransform: /home/ubuntu/FFM-source-2d123ad-v67/build/jni/intermediates/runtime_library_classes_dir/debug/bundleLibRuntimeToDirDebug because:
[        ]   Build cache is disabled
[        ] Skipping DexingNoClasspathTransform: /home/ubuntu/FFM-source-2d123ad-v67/build/jni/intermediates/runtime_library_classes_dir/debug/bundleLibRuntimeToDirDebug as it is up-to-date.
[        ] DexingOutputSplitTransform (Thread[#55,included builds,5,main]) started.
[        ] Resolve mutations for :printing:bundleLibRuntimeToDirDebug (Thread[#55,included builds,5,main]) started.
[        ] :printing:bundleLibRuntimeToDirDebug (Thread[#55,included builds,5,main]) started.
[  +95 ms] > Task :printing:bundleLibRuntimeToDirDebug UP-TO-DATE
[        ] Caching disabled for task ':printing:bundleLibRuntimeToDirDebug' because:
[        ]   Build cache is disabled
[        ]   Simple merging task
[        ] Skipping task ':printing:bundleLibRuntimeToDirDebug' as it is up-to-date.
[        ] work action resolve bundleLibRuntimeToDirDebug (project :printing) (Thread[#55,included builds,5,main]) started.
[        ] ClassesDirToClassesTransform (Thread[#55,included builds,5,main]) started.
[        ] DexingNoClasspathTransform (Thread[#55,included builds,5,main]) started.
[        ] > Transform bundleLibRuntimeToDirDebug (project :printing) with DexingNoClasspathTransform
[        ] Caching disabled for DexingNoClasspathTransform: /home/ubuntu/FFM-source-2d123ad-v67/build/printing/intermediates/runtime_library_classes_dir/debug/bundleLibRuntimeToDirDebug because:
[        ]   Build cache is disabled
[        ] Skipping DexingNoClasspathTransform: /home/ubuntu/FFM-source-2d123ad-v67/build/printing/intermediates/runtime_library_classes_dir/debug/bundleLibRuntimeToDirDebug as it is up-to-date.
[        ] DexingOutputSplitTransform (Thread[#55,included builds,5,main]) started.
[        ] Resolve mutations for :share_plus:bundleLibRuntimeToDirDebug (Thread[#55,included builds,5,main]) started.
[        ] :share_plus:bundleLibRuntimeToDirDebug (Thread[#55,included builds,5,main]) started.
[        ] > Task :share_plus:bundleLibRuntimeToDirDebug UP-TO-DATE
[        ] Caching disabled for task ':share_plus:bundleLibRuntimeToDirDebug' because:
[        ]   Build cache is disabled
[        ]   Simple merging task
[        ] Skipping task ':share_plus:bundleLibRuntimeToDirDebug' as it is up-to-date.
[        ] work action resolve bundleLibRuntimeToDirDebug (project :share_plus) (Thread[#55,included builds,5,main]) started.
[        ] ClassesDirToClassesTransform (Thread[#55,included builds,5,main]) started.
[        ] DexingNoClasspathTransform (Thread[#55,included builds,5,main]) started.
[        ] > Transform bundleLibRuntimeToDirDebug (project :share_plus) with DexingNoClasspathTransform
[        ] Caching disabled for DexingNoClasspathTransform: /home/ubuntu/FFM-source-2d123ad-v67/build/share_plus/intermediates/runtime_library_classes_dir/debug/bundleLibRuntimeToDirDebug because:
[        ]   Build cache is disabled
[        ] Skipping DexingNoClasspathTransform: /home/ubuntu/FFM-source-2d123ad-v67/build/share_plus/intermediates/runtime_library_classes_dir/debug/bundleLibRuntimeToDirDebug as it is up-to-date.
[        ] DexingOutputSplitTransform (Thread[#55,included builds,5,main]) started.
[        ] Resolve mutations for :shared_preferences_android:bundleLibRuntimeToDirDebug (Thread[#55,included builds,5,main]) started.
[        ] :shared_preferences_android:bundleLibRuntimeToDirDebug (Thread[#55,included builds,5,main]) started.
[        ] > Task :shared_preferences_android:bundleLibRuntimeToDirDebug UP-TO-DATE
[        ] Caching disabled for task ':shared_preferences_android:bundleLibRuntimeToDirDebug' because:
[        ]   Build cache is disabled
[        ]   Simple merging task
[        ] Skipping task ':shared_preferences_android:bundleLibRuntimeToDirDebug' as it is up-to-date.
[        ] work action resolve bundleLibRuntimeToDirDebug (project :shared_preferences_android) (Thread[#55,included builds,5,main]) started.
[        ] ClassesDirToClassesTransform (Thread[#55,included builds,5,main]) started.
[        ] DexingNoClasspathTransform (Thread[#55,included builds,5,main]) started.
[        ] > Transform bundleLibRuntimeToDirDebug (project :shared_preferences_android) with DexingNoClasspathTransform
[        ] Caching disabled for DexingNoClasspathTransform: /home/ubuntu/FFM-source-2d123ad-v67/build/shared_preferences_android/intermediates/runtime_library_classes_dir/debug/bundleLibRuntimeToDirDebug because:
[        ]   Build cache is disabled
[        ] Skipping DexingNoClasspathTransform: /home/ubuntu/FFM-source-2d123ad-v67/build/shared_preferences_android/intermediates/runtime_library_classes_dir/debug/bundleLibRuntimeToDirDebug as it is up-to-date.
[        ] DexingOutputSplitTransform (Thread[#55,included builds,5,main]) started.
[        ] Resolve mutations for :speech_to_text:bundleLibRuntimeToDirDebug (Thread[#55,included builds,5,main]) started.
[        ] :speech_to_text:bundleLibRuntimeToDirDebug (Thread[#55,included builds,5,main]) started.
[        ] > Task :speech_to_text:bundleLibRuntimeToDirDebug UP-TO-DATE
[        ] Caching disabled for task ':speech_to_text:bundleLibRuntimeToDirDebug' because:
[        ]   Build cache is disabled
[        ]   Simple merging task
[        ] Skipping task ':speech_to_text:bundleLibRuntimeToDirDebug' as it is up-to-date.
[        ] work action resolve bundleLibRuntimeToDirDebug (project :speech_to_text) (Thread[#55,included builds,5,main]) started.
[        ] ClassesDirToClassesTransform (Thread[#55,included builds,5,main]) started.
[        ] DexingNoClasspathTransform (Thread[#55,included builds,5,main]) started.
[        ] > Transform bundleLibRuntimeToDirDebug (project :speech_to_text) with DexingNoClasspathTransform
[        ] Caching disabled for DexingNoClasspathTransform: /home/ubuntu/FFM-source-2d123ad-v67/build/speech_to_text/intermediates/runtime_library_classes_dir/debug/bundleLibRuntimeToDirDebug because:
[        ]   Build cache is disabled
[        ] Skipping DexingNoClasspathTransform: /home/ubuntu/FFM-source-2d123ad-v67/build/speech_to_text/intermediates/runtime_library_classes_dir/debug/bundleLibRuntimeToDirDebug as it is up-to-date.
[        ] DexingOutputSplitTransform (Thread[#55,included builds,5,main]) started.
[        ] Resolve mutations for :whisper_cpp_flutter_plus:bundleLibRuntimeToDirDebug (Thread[#55,included builds,5,main]) started.
[        ] :whisper_cpp_flutter_plus:bundleLibRuntimeToDirDebug (Thread[#55,included builds,5,main]) started.
[        ] > Task :whisper_cpp_flutter_plus:bundleLibRuntimeToDirDebug UP-TO-DATE
[        ] Caching disabled for task ':whisper_cpp_flutter_plus:bundleLibRuntimeToDirDebug' because:
[        ]   Build cache is disabled
[        ]   Simple merging task
[        ] Skipping task ':whisper_cpp_flutter_plus:bundleLibRuntimeToDirDebug' as it is up-to-date.
[        ] work action resolve bundleLibRuntimeToDirDebug (project :whisper_cpp_flutter_plus) (Thread[#55,included builds,5,main]) started.
[        ] ClassesDirToClassesTransform (Thread[#55,included builds,5,main]) started.
[        ] DexingNoClasspathTransform (Thread[#55,included builds,5,main]) started.
[        ] > Transform bundleLibRuntimeToDirDebug (project :whisper_cpp_flutter_plus) with DexingNoClasspathTransform
[        ] Caching disabled for DexingNoClasspathTransform: /home/ubuntu/FFM-source-2d123ad-v67/build/whisper_cpp_flutter_plus/intermediates/runtime_library_classes_dir/debug/bundleLibRuntimeToDirDebug because:
[        ]   Build cache is disabled
[        ] Skipping DexingNoClasspathTransform: /home/ubuntu/FFM-source-2d123ad-v67/build/whisper_cpp_flutter_plus/intermediates/runtime_library_classes_dir/debug/bundleLibRuntimeToDirDebug as it is up-to-date.
[        ] DexingOutputSplitTransform (Thread[#55,included builds,5,main]) started.
[        ] Resolve mutations for :app:mergeLibDexDebug (Thread[#55,included builds,5,main]) started.
[        ] :app:mergeLibDexDebug (Thread[#55,included builds,5,main]) started.
[        ] > Task :app:mergeLibDexDebug UP-TO-DATE
[        ] Caching disabled for task ':app:mergeLibDexDebug' because:
[        ]   Build cache is disabled
[        ] Skipping task ':app:mergeLibDexDebug' as it is up-to-date.
[        ] Resolve mutations for :app:mergeProjectDexDebug (Thread[#55,included builds,5,main]) started.
[        ] :app:mergeProjectDexDebug (Thread[#55,included builds,5,main]) started.
[        ] > Task :app:mergeProjectDexDebug UP-TO-DATE
[        ] Caching disabled for task ':app:mergeProjectDexDebug' because:
[        ]   Build cache is disabled
[        ] Skipping task ':app:mergeProjectDexDebug' as it is up-to-date.
[        ] Resolve mutations for :android_file_picker:copyDebugJniLibsProjectOnly (Thread[#55,included builds,5,main]) started.
[        ] :android_file_picker:copyDebugJniLibsProjectOnly (Thread[#55,included builds,5,main]) started.
[        ] > Task :android_file_picker:copyDebugJniLibsProjectOnly UP-TO-DATE
[        ] Caching disabled for task ':android_file_picker:copyDebugJniLibsProjectOnly' because:
[        ]   Build cache is disabled
[        ]   Caching has been disabled for the task
[        ] Skipping task ':android_file_picker:copyDebugJniLibsProjectOnly' as it is up-to-date.
[        ] work action resolve jni (project :android_file_picker) (Thread[#55,included builds,5,main]) started.
[        ] Resolve mutations for :app:copyJniLibsflutterBuildDebug (Thread[#55,included builds,5,main]) started.
[        ] :app:copyJniLibsflutterBuildDebug (Thread[#55,included builds,5,main]) started.
[        ] > Task :app:copyJniLibsflutterBuildDebug
[        ] Caching disabled for task ':app:copyJniLibsflutterBuildDebug' because:
[        ]   Build cache is disabled
[        ]   Caching has not been enabled for the task
[        ] Task ':app:copyJniLibsflutterBuildDebug' is not up-to-date because:
[        ]   Value of input property 'targetPlatforms' has changed for task ':app:copyJniLibsflutterBuildDebug'
[        ] file or directory '/home/ubuntu/FFM-source-2d123ad-v67/build/app/intermediates/flutter/debug/arm64-v8a', not found
[        ] Resolve mutations for :app:mergeDebugJniLibFolders (Thread[#55,included builds,5,main]) started.
[        ] :app:mergeDebugJniLibFolders (Thread[#55,included builds,5,main]) started.
[        ] > Task :app:mergeDebugJniLibFolders
[        ] Caching disabled for task ':app:mergeDebugJniLibFolders' because:
[        ]   Build cache is disabled
[        ]   Simple merging task
[        ] Task ':app:mergeDebugJniLibFolders' is not up-to-date because:
[        ]   Input property 'sourceFolderInputs' file /home/ubuntu/FFM-source-2d123ad-v67/build/app/generated/jniLibs/copyJniLibsflutterBuildDebug/armeabi-v7a has been removed.
[        ]   Input property 'sourceFolderInputs' file /home/ubuntu/FFM-source-2d123ad-v67/build/app/generated/jniLibs/copyJniLibsflutterBuildDebug/armeabi-v7a/libsqlite3mc.so has been removed.
[        ]   Input property 'sourceFolderInputs' file /home/ubuntu/FFM-source-2d123ad-v67/build/app/generated/jniLibs/copyJniLibsflutterBuildDebug/x86_64 has been removed.
[        ]   and more...
[        ] Resolve mutations for :flutter_local_notifications:mergeDebugJniLibFolders (Thread[#55,included builds,5,main]) started.
[        ] :flutter_local_notifications:mergeDebugJniLibFolders (Thread[#55,included builds,5,main]) started.
[        ] > Task :flutter_local_notifications:mergeDebugJniLibFolders UP-TO-DATE
[        ] Caching disabled for task ':flutter_local_notifications:mergeDebugJniLibFolders' because:
[        ]   Build cache is disabled
[        ]   Simple merging task
[        ] Skipping task ':flutter_local_notifications:mergeDebugJniLibFolders' as it is up-to-date.
[        ] Resolve mutations for :flutter_local_notifications:mergeDebugNativeLibs (Thread[#55,included builds,5,main]) started.
[        ] :flutter_local_notifications:mergeDebugNativeLibs (Thread[#55,included builds,5,main]) started.
[        ] > Task :flutter_local_notifications:mergeDebugNativeLibs NO-SOURCE
[        ] Skipping task ':flutter_local_notifications:mergeDebugNativeLibs' as it has no source files and no previous output files.
[        ] Resolve mutations for :flutter_local_notifications:copyDebugJniLibsProjectOnly (Thread[#55,included builds,5,main]) started.
[        ] :flutter_local_notifications:copyDebugJniLibsProjectOnly (Thread[#55,included builds,5,main]) started.
[        ] > Task :flutter_local_notifications:copyDebugJniLibsProjectOnly UP-TO-DATE
[        ] Caching disabled for task ':flutter_local_notifications:copyDebugJniLibsProjectOnly' because:
[        ]   Build cache is disabled
[        ]   Caching has been disabled for the task
[        ] Skipping task ':flutter_local_notifications:copyDebugJniLibsProjectOnly' as it is up-to-date.
[        ] work action resolve jni (project :flutter_local_notifications) (Thread[#55,included builds,5,main]) started.
[        ] Resolve mutations for :flutter_plugin_android_lifecycle:mergeDebugJniLibFolders (Thread[#55,included builds,5,main]) started.
[        ] :flutter_plugin_android_lifecycle:mergeDebugJniLibFolders (Thread[#55,included builds,5,main]) started.
[        ] > Task :flutter_plugin_android_lifecycle:mergeDebugJniLibFolders UP-TO-DATE
[        ] Caching disabled for task ':flutter_plugin_android_lifecycle:mergeDebugJniLibFolders' because:
[        ]   Build cache is disabled
[        ]   Simple merging task
[        ] Skipping task ':flutter_plugin_android_lifecycle:mergeDebugJniLibFolders' as it is up-to-date.
[        ] Resolve mutations for :flutter_plugin_android_lifecycle:mergeDebugNativeLibs (Thread[#55,included builds,5,main]) started.
[        ] :flutter_plugin_android_lifecycle:mergeDebugNativeLibs (Thread[#55,included builds,5,main]) started.
[        ] > Task :flutter_plugin_android_lifecycle:mergeDebugNativeLibs NO-SOURCE
[        ] Skipping task ':flutter_plugin_android_lifecycle:mergeDebugNativeLibs' as it has no source files and no previous output files.
[        ] Resolve mutations for :flutter_plugin_android_lifecycle:copyDebugJniLibsProjectOnly (Thread[#55,included builds,5,main]) started.
[        ] :flutter_plugin_android_lifecycle:copyDebugJniLibsProjectOnly (Thread[#55,included builds,5,main]) started.
[        ] > Task :flutter_plugin_android_lifecycle:copyDebugJniLibsProjectOnly UP-TO-DATE
[        ] Caching disabled for task ':flutter_plugin_android_lifecycle:copyDebugJniLibsProjectOnly' because:
[        ]   Build cache is disabled
[        ]   Caching has been disabled for the task
[        ] Skipping task ':flutter_plugin_android_lifecycle:copyDebugJniLibsProjectOnly' as it is up-to-date.
[        ] work action resolve jni (project :flutter_plugin_android_lifecycle) (Thread[#55,included builds,5,main]) started.
[        ] Resolve mutations for :flutter_secure_storage:mergeDebugJniLibFolders (Thread[#55,included builds,5,main]) started.
[        ] :flutter_secure_storage:mergeDebugJniLibFolders (Thread[#55,included builds,5,main]) started.
[        ] > Task :flutter_secure_storage:mergeDebugJniLibFolders UP-TO-DATE
[        ] Caching disabled for task ':flutter_secure_storage:mergeDebugJniLibFolders' because:
[        ]   Build cache is disabled
[        ]   Simple merging task
[        ] Skipping task ':flutter_secure_storage:mergeDebugJniLibFolders' as it is up-to-date.
[        ] Resolve mutations for :flutter_secure_storage:mergeDebugNativeLibs (Thread[#55,included builds,5,main]) started.
[        ] :flutter_secure_storage:mergeDebugNativeLibs (Thread[#55,included builds,5,main]) started.
[        ] > Task :flutter_secure_storage:mergeDebugNativeLibs NO-SOURCE
[        ] Skipping task ':flutter_secure_storage:mergeDebugNativeLibs' as it has no source files and no previous output files.
[        ] Resolve mutations for :flutter_secure_storage:copyDebugJniLibsProjectOnly (Thread[#55,included builds,5,main]) started.
[        ] :flutter_secure_storage:copyDebugJniLibsProjectOnly (Thread[#55,included builds,5,main]) started.
[        ] > Task :flutter_secure_storage:copyDebugJniLibsProjectOnly UP-TO-DATE
[        ] Caching disabled for task ':flutter_secure_storage:copyDebugJniLibsProjectOnly' because:
[        ]   Build cache is disabled
[        ]   Caching has been disabled for the task
[        ] Skipping task ':flutter_secure_storage:copyDebugJniLibsProjectOnly' as it is up-to-date.
[        ] work action resolve jni (project :flutter_secure_storage) (Thread[#55,included builds,5,main]) started.
[        ] Resolve mutations for :jni:preProfileBuild (Thread[#55,included builds,5,main]) started.
[        ] :jni:preProfileBuild (Thread[#55,included builds,5,main]) started.
[        ] > Task :jni:preProfileBuild UP-TO-DATE
[        ] Skipping task ':jni:preProfileBuild' as it has no actions.
[        ] Resolve mutations for :jni:configureCMakeDebug[arm64-v8a] (Thread[#55,included builds,5,main]) started.
[        ] :jni:configureCMakeDebug[arm64-v8a] (Thread[#55,included builds,5,main]) started.
[ +197 ms] > Task :jni:configureCMakeDebug[arm64-v8a]
[        ] Caching disabled for task ':jni:configureCMakeDebug[arm64-v8a]' because:
[        ]   Build cache is disabled
[        ]   Caching has been disabled for the task
[        ] Task ':jni:configureCMakeDebug[arm64-v8a]' is not up-to-date because:
[        ]   Task.upToDateWhen is false.
[        ] C/C++: Parsing legacy package: /home/ubuntu/android-sdk/cmdline-tools/latest
[        ] C/C++: SDK Manager found the following installed packages: build-tools;36.0.0 build-tools;37.0.0 cmake;3.22.1 ndk;26.3.11579264 ndk;28.2.13676358 platform-tools platforms;android-34 platforms;android-35 platforms;android-36 platforms;android-37.0
[        ] C/C++: /home/ubuntu/.pub-cache/hosted/pub.dev/jni-1.0.3/src/CMakeLists.txt profile|arm64-v8a : Start JSON generation. Platform version: 21 min SDK version: arm64-v8a
[        ] C/C++: /home/ubuntu/.pub-cache/hosted/pub.dev/jni-1.0.3/src/CMakeLists.txt profile|arm64-v8a : JSON '/home/ubuntu/.pub-cache/hosted/pub.dev/jni-1.0.3/android/.cxx/Debug/x3z2o646/arm64-v8a/android_gradle_build.json' was up-to-date
[        ] C/C++: /home/ubuntu/.pub-cache/hosted/pub.dev/jni-1.0.3/src/CMakeLists.txt profile|arm64-v8a : JSON generation completed without problems
[        ] C/C++: /home/ubuntu/.pub-cache/hosted/pub.dev/jni-1.0.3/src/CMakeLists.txt profile|arm64-v8a : Writing build model to /home/ubuntu/FFM-source-2d123ad-v67/build/jni/intermediates/cxx/Debug/x3z2o646/logs/arm64-v8a/build_model.json
[        ] Resolve mutations for :jni:buildCMakeDebug[arm64-v8a] (Thread[#55,included builds,5,main]) started.
[        ] :jni:buildCMakeDebug[arm64-v8a] (Thread[#55,included builds,5,main]) started.
[        ] > Task :jni:buildCMakeDebug[arm64-v8a]
[        ] Caching disabled for task ':jni:buildCMakeDebug[arm64-v8a]' because:
[        ]   Build cache is disabled
[        ]   Caching has been disabled for the task
[        ] Task ':jni:buildCMakeDebug[arm64-v8a]' is not up-to-date because:
[        ]   Task.upToDateWhen is false.
[        ] C/C++: starting build
[        ] C/C++: reading expected JSONs
[        ] C/C++: done reading expected JSONs
[        ] C/C++: executing build commands for targets that produce .so files or executables
[        ] C/C++: evaluate miniconfig
[        ] C/C++: evaluate library jni (arm64-v8a)
[        ] C/C++: building target library jni because no targets are specified.
[        ] C/C++: about to build targets jni
[        ] C/C++: Build jni
[        ] C/C++: /home/ubuntu/android-sdk/cmake/3.22.1/bin/ninja \
[        ]   -C \
[        ]   /home/ubuntu/.pub-cache/hosted/pub.dev/jni-1.0.3/android/.cxx/Debug/x3z2o646/arm64-v8a \
[        ]   jni
[        ] Starting process 'command '/home/ubuntu/android-sdk/cmake/3.22.1/bin/ninja''. Working directory: /home/ubuntu/.pub-cache/hosted/pub.dev/jni-1.0.3/android Command: /home/ubuntu/android-sdk/cmake/3.22.1/bin/ninja -C /home/ubuntu/.pub-cache/hosted/pub.dev/jni-1.0.3/android/.cxx/Debug/x3z2o646/arm64-v8a jni
[        ] Successfully started process 'command '/home/ubuntu/android-sdk/cmake/3.22.1/bin/ninja''
[        ] C/C++: Received process result: 0
[        ] C/C++: check expected build outputs
[        ] C/C++: build complete
[        ] Resolve mutations for :jni:configureCMakeDebug[armeabi-v7a] (Thread[#55,included builds,5,main]) started.
[        ] :jni:configureCMakeDebug[armeabi-v7a] (Thread[#55,included builds,5,main]) started.
[        ] > Task :jni:configureCMakeDebug[armeabi-v7a]
[        ] Caching disabled for task ':jni:configureCMakeDebug[armeabi-v7a]' because:
[        ]   Build cache is disabled
[        ]   Caching has been disabled for the task
[        ] Task ':jni:configureCMakeDebug[armeabi-v7a]' is not up-to-date because:
[        ]   Task.upToDateWhen is false.
[        ] C/C++: /home/ubuntu/.pub-cache/hosted/pub.dev/jni-1.0.3/src/CMakeLists.txt profile|armeabi-v7a : Start JSON generation. Platform version: 21 min SDK version: armeabi-v7a
[        ] C/C++: /home/ubuntu/.pub-cache/hosted/pub.dev/jni-1.0.3/src/CMakeLists.txt profile|armeabi-v7a : JSON '/home/ubuntu/.pub-cache/hosted/pub.dev/jni-1.0.3/android/.cxx/Debug/x3z2o646/armeabi-v7a/android_gradle_build.json' was up-to-date
[        ] C/C++: /home/ubuntu/.pub-cache/hosted/pub.dev/jni-1.0.3/src/CMakeLists.txt profile|armeabi-v7a : JSON generation completed without problems
[        ] C/C++: /home/ubuntu/.pub-cache/hosted/pub.dev/jni-1.0.3/src/CMakeLists.txt profile|armeabi-v7a : Writing build model to /home/ubuntu/FFM-source-2d123ad-v67/build/jni/intermediates/cxx/Debug/x3z2o646/logs/armeabi-v7a/build_model.json
[        ] Resolve mutations for :jni:buildCMakeDebug[armeabi-v7a] (Thread[#55,included builds,5,main]) started.
[        ] :jni:buildCMakeDebug[armeabi-v7a] (Thread[#55,included builds,5,main]) started.
[        ] > Task :jni:buildCMakeDebug[armeabi-v7a]
[        ] Caching disabled for task ':jni:buildCMakeDebug[armeabi-v7a]' because:
[        ]   Build cache is disabled
[        ]   Caching has been disabled for the task
[        ] Task ':jni:buildCMakeDebug[armeabi-v7a]' is not up-to-date because:
[        ]   Task.upToDateWhen is false.
[        ] C/C++: starting build
[        ] C/C++: reading expected JSONs
[        ] C/C++: done reading expected JSONs
[        ] C/C++: executing build commands for targets that produce .so files or executables
[        ] C/C++: evaluate miniconfig
[        ] C/C++: evaluate library jni (armeabi-v7a)
[        ] C/C++: building target library jni because no targets are specified.
[        ] C/C++: about to build targets jni
[        ] C/C++: Build jni
[        ] C/C++: /home/ubuntu/android-sdk/cmake/3.22.1/bin/ninja \
[        ]   -C \
[        ]   /home/ubuntu/.pub-cache/hosted/pub.dev/jni-1.0.3/android/.cxx/Debug/x3z2o646/armeabi-v7a \
[        ]   jni
[        ] Starting process 'command '/home/ubuntu/android-sdk/cmake/3.22.1/bin/ninja''. Working directory: /home/ubuntu/.pub-cache/hosted/pub.dev/jni-1.0.3/android Command: /home/ubuntu/android-sdk/cmake/3.22.1/bin/ninja -C /home/ubuntu/.pub-cache/hosted/pub.dev/jni-1.0.3/android/.cxx/Debug/x3z2o646/armeabi-v7a jni
[        ] Successfully started process 'command '/home/ubuntu/android-sdk/cmake/3.22.1/bin/ninja''
[        ] C/C++: Received process result: 0
[        ] C/C++: check expected build outputs
[        ] C/C++: build complete
[        ] Resolve mutations for :jni:configureCMakeDebug[x86] (Thread[#55,included builds,5,main]) started.
[        ] :jni:configureCMakeDebug[x86] (Thread[#55,included builds,5,main]) started.
[        ] > Task :jni:configureCMakeDebug[x86]
[        ] Caching disabled for task ':jni:configureCMakeDebug[x86]' because:
[        ]   Build cache is disabled
[        ]   Caching has been disabled for the task
[        ] Task ':jni:configureCMakeDebug[x86]' is not up-to-date because:
[        ]   Task.upToDateWhen is false.
[        ] C/C++: /home/ubuntu/.pub-cache/hosted/pub.dev/jni-1.0.3/src/CMakeLists.txt profile|x86 : Start JSON generation. Platform version: 21 min SDK version: x86
[        ] C/C++: /home/ubuntu/.pub-cache/hosted/pub.dev/jni-1.0.3/src/CMakeLists.txt profile|x86 : JSON '/home/ubuntu/.pub-cache/hosted/pub.dev/jni-1.0.3/android/.cxx/Debug/x3z2o646/x86/android_gradle_build.json' was up-to-date
[        ] C/C++: /home/ubuntu/.pub-cache/hosted/pub.dev/jni-1.0.3/src/CMakeLists.txt profile|x86 : JSON generation completed without problems
[        ] C/C++: /home/ubuntu/.pub-cache/hosted/pub.dev/jni-1.0.3/src/CMakeLists.txt profile|x86 : Writing build model to /home/ubuntu/FFM-source-2d123ad-v67/build/jni/intermediates/cxx/Debug/x3z2o646/logs/x86/build_model.json
[        ] Resolve mutations for :jni:buildCMakeDebug[x86] (Thread[#55,included builds,5,main]) started.
[        ] :jni:buildCMakeDebug[x86] (Thread[#55,included builds,5,main]) started.
[        ] > Task :jni:buildCMakeDebug[x86]
[        ] Caching disabled for task ':jni:buildCMakeDebug[x86]' because:
[        ]   Build cache is disabled
[        ]   Caching has been disabled for the task
[        ] Task ':jni:buildCMakeDebug[x86]' is not up-to-date because:
[        ]   Task.upToDateWhen is false.
[        ] C/C++: starting build
[        ] C/C++: reading expected JSONs
[        ] C/C++: done reading expected JSONs
[        ] C/C++: executing build commands for targets that produce .so files or executables
[        ] C/C++: evaluate miniconfig
[        ] C/C++: evaluate library jni (x86)
[        ] C/C++: building target library jni because no targets are specified.
[        ] C/C++: about to build targets jni
[        ] C/C++: Build jni
[        ] C/C++: /home/ubuntu/android-sdk/cmake/3.22.1/bin/ninja \
[        ]   -C \
[        ]   /home/ubuntu/.pub-cache/hosted/pub.dev/jni-1.0.3/android/.cxx/Debug/x3z2o646/x86 \
[        ]   jni
[        ] Starting process 'command '/home/ubuntu/android-sdk/cmake/3.22.1/bin/ninja''. Working directory: /home/ubuntu/.pub-cache/hosted/pub.dev/jni-1.0.3/android Command: /home/ubuntu/android-sdk/cmake/3.22.1/bin/ninja -C /home/ubuntu/.pub-cache/hosted/pub.dev/jni-1.0.3/android/.cxx/Debug/x3z2o646/x86 jni
[        ] Successfully started process 'command '/home/ubuntu/android-sdk/cmake/3.22.1/bin/ninja''
[        ] C/C++: Received process result: 0
[        ] C/C++: check expected build outputs
[        ] C/C++: build complete
[        ] Resolve mutations for :jni:configureCMakeDebug[x86_64] (Thread[#55,included builds,5,main]) started.
[        ] :jni:configureCMakeDebug[x86_64] (Thread[#55,included builds,5,main]) started.
[        ] > Task :jni:configureCMakeDebug[x86_64]
[        ] Caching disabled for task ':jni:configureCMakeDebug[x86_64]' because:
[        ]   Build cache is disabled
[        ]   Caching has been disabled for the task
[        ] Task ':jni:configureCMakeDebug[x86_64]' is not up-to-date because:
[        ]   Task.upToDateWhen is false.
[        ] C/C++: /home/ubuntu/.pub-cache/hosted/pub.dev/jni-1.0.3/src/CMakeLists.txt profile|x86_64 : Start JSON generation. Platform version: 21 min SDK version: x86_64
[        ] C/C++: /home/ubuntu/.pub-cache/hosted/pub.dev/jni-1.0.3/src/CMakeLists.txt profile|x86_64 : JSON '/home/ubuntu/.pub-cache/hosted/pub.dev/jni-1.0.3/android/.cxx/Debug/x3z2o646/x86_64/android_gradle_build.json' was up-to-date
[        ] C/C++: /home/ubuntu/.pub-cache/hosted/pub.dev/jni-1.0.3/src/CMakeLists.txt profile|x86_64 : JSON generation completed without problems
[        ] C/C++: /home/ubuntu/.pub-cache/hosted/pub.dev/jni-1.0.3/src/CMakeLists.txt profile|x86_64 : Writing build model to /home/ubuntu/FFM-source-2d123ad-v67/build/jni/intermediates/cxx/Debug/x3z2o646/logs/x86_64/build_model.json
[        ] Resolve mutations for :jni:buildCMakeDebug[x86_64] (Thread[#55,included builds,5,main]) started.
[        ] :jni:buildCMakeDebug[x86_64] (Thread[#55,included builds,5,main]) started.
[  +99 ms] > Task :jni:buildCMakeDebug[x86_64]
[        ] Caching disabled for task ':jni:buildCMakeDebug[x86_64]' because:
[        ]   Build cache is disabled
[        ]   Caching has been disabled for the task
[        ] Task ':jni:buildCMakeDebug[x86_64]' is not up-to-date because:
[        ]   Task.upToDateWhen is false.
[        ] C/C++: starting build
[        ] C/C++: reading expected JSONs
[        ] C/C++: done reading expected JSONs
[        ] C/C++: executing build commands for targets that produce .so files or executables
[        ] C/C++: evaluate miniconfig
[        ] C/C++: evaluate library jni (x86_64)
[        ] C/C++: building target library jni because no targets are specified.
[        ] C/C++: about to build targets jni
[        ] C/C++: Build jni
[        ] C/C++: /home/ubuntu/android-sdk/cmake/3.22.1/bin/ninja \
[        ]   -C \
[        ]   /home/ubuntu/.pub-cache/hosted/pub.dev/jni-1.0.3/android/.cxx/Debug/x3z2o646/x86_64 \
[        ]   jni
[        ] Starting process 'command '/home/ubuntu/android-sdk/cmake/3.22.1/bin/ninja''. Working directory: /home/ubuntu/.pub-cache/hosted/pub.dev/jni-1.0.3/android Command: /home/ubuntu/android-sdk/cmake/3.22.1/bin/ninja -C /home/ubuntu/.pub-cache/hosted/pub.dev/jni-1.0.3/android/.cxx/Debug/x3z2o646/x86_64 jni
[        ] Successfully started process 'command '/home/ubuntu/android-sdk/cmake/3.22.1/bin/ninja''
[        ] C/C++: Received process result: 0
[        ] C/C++: check expected build outputs
[        ] C/C++: build complete
[        ] Resolve mutations for :jni:mergeDebugJniLibFolders (Thread[#55,included builds,5,main]) started.
[        ] :jni:mergeDebugJniLibFolders (Thread[#55,included builds,5,main]) started.
[        ] > Task :jni:mergeDebugJniLibFolders UP-TO-DATE
[        ] Caching disabled for task ':jni:mergeDebugJniLibFolders' because:
[        ]   Build cache is disabled
[        ]   Simple merging task
[        ] Skipping task ':jni:mergeDebugJniLibFolders' as it is up-to-date.
[        ] Resolve mutations for :jni:mergeDebugNativeLibs (Thread[#55,included builds,5,main]) started.
[        ] :jni:mergeDebugNativeLibs (Thread[#55,included builds,5,main]) started.
[        ] > Task :jni:mergeDebugNativeLibs UP-TO-DATE
[        ] Caching disabled for task ':jni:mergeDebugNativeLibs' because:
[        ]   Build cache is disabled
[        ]   Caching has been disabled for the task
[        ] Skipping task ':jni:mergeDebugNativeLibs' as it is up-to-date.
[        ] Resolve mutations for :jni:copyDebugJniLibsProjectOnly (Thread[#55,included builds,5,main]) started.
[        ] :jni:copyDebugJniLibsProjectOnly (Thread[#55,included builds,5,main]) started.
[        ] > Task :jni:copyDebugJniLibsProjectOnly UP-TO-DATE
[        ] Caching disabled for task ':jni:copyDebugJniLibsProjectOnly' because:
[        ]   Build cache is disabled
[        ]   Caching has been disabled for the task
[        ] Skipping task ':jni:copyDebugJniLibsProjectOnly' as it is up-to-date.
[        ] work action resolve jni (project :jni) (Thread[#55,included builds,5,main]) started.
[        ] Resolve mutations for :jni_flutter:mergeDebugJniLibFolders (Thread[#55,included builds,5,main]) started.
[        ] :jni_flutter:mergeDebugJniLibFolders (Thread[#55,included builds,5,main]) started.
[        ] > Task :jni_flutter:mergeDebugJniLibFolders UP-TO-DATE
[        ] Caching disabled for task ':jni_flutter:mergeDebugJniLibFolders' because:
[        ]   Build cache is disabled
[        ]   Simple merging task
[        ] Skipping task ':jni_flutter:mergeDebugJniLibFolders' as it is up-to-date.
[        ] Resolve mutations for :jni_flutter:mergeDebugNativeLibs (Thread[#55,included builds,5,main]) started.
[        ] :jni_flutter:mergeDebugNativeLibs (Thread[#55,included builds,5,main]) started.
[        ] > Task :jni_flutter:mergeDebugNativeLibs NO-SOURCE
[        ] Skipping task ':jni_flutter:mergeDebugNativeLibs' as it has no source files and no previous output files.
[        ] Resolve mutations for :jni_flutter:copyDebugJniLibsProjectOnly (Thread[#55,included builds,5,main]) started.
[        ] :jni_flutter:copyDebugJniLibsProjectOnly (Thread[#55,included builds,5,main]) started.
[        ] > Task :jni_flutter:copyDebugJniLibsProjectOnly UP-TO-DATE
[        ] Caching disabled for task ':jni_flutter:copyDebugJniLibsProjectOnly' because:
[        ]   Build cache is disabled
[        ]   Caching has been disabled for the task
[        ] Skipping task ':jni_flutter:copyDebugJniLibsProjectOnly' as it is up-to-date.
[        ] work action resolve jni (project :jni_flutter) (Thread[#55,included builds,5,main]) started.
[        ] Resolve mutations for :local_auth_android:mergeDebugJniLibFolders (Thread[#55,included builds,5,main]) started.
[        ] :local_auth_android:mergeDebugJniLibFolders (Thread[#55,included builds,5,main]) started.
[        ] > Task :local_auth_android:mergeDebugJniLibFolders UP-TO-DATE
[        ] Caching disabled for task ':local_auth_android:mergeDebugJniLibFolders' because:
[        ]   Build cache is disabled
[        ]   Simple merging task
[        ] Skipping task ':local_auth_android:mergeDebugJniLibFolders' as it is up-to-date.
[        ] Resolve mutations for :local_auth_android:mergeDebugNativeLibs (Thread[#55,included builds,5,main]) started.
[        ] :local_auth_android:mergeDebugNativeLibs (Thread[#55,included builds,5,main]) started.
[        ] > Task :local_auth_android:mergeDebugNativeLibs NO-SOURCE
[        ] Skipping task ':local_auth_android:mergeDebugNativeLibs' as it has no source files and no previous output files.
[        ] Resolve mutations for :local_auth_android:copyDebugJniLibsProjectOnly (Thread[#55,included builds,5,main]) started.
[        ] :local_auth_android:copyDebugJniLibsProjectOnly (Thread[#55,included builds,5,main]) started.
[        ] > Task :local_auth_android:copyDebugJniLibsProjectOnly UP-TO-DATE
[        ] Caching disabled for task ':local_auth_android:copyDebugJniLibsProjectOnly' because:
[        ]   Build cache is disabled
[        ]   Caching has been disabled for the task
[        ] Skipping task ':local_auth_android:copyDebugJniLibsProjectOnly' as it is up-to-date.
[        ] work action resolve jni (project :local_auth_android) (Thread[#55,included builds,5,main]) started.
[        ] Resolve mutations for :printing:mergeDebugJniLibFolders (Thread[#55,included builds,5,main]) started.
[        ] :printing:mergeDebugJniLibFolders (Thread[#55,included builds,5,main]) started.
[        ] > Task :printing:mergeDebugJniLibFolders UP-TO-DATE
[        ] Caching disabled for task ':printing:mergeDebugJniLibFolders' because:
[        ]   Build cache is disabled
[        ]   Simple merging task
[        ] Skipping task ':printing:mergeDebugJniLibFolders' as it is up-to-date.
[        ] Resolve mutations for :printing:mergeDebugNativeLibs (Thread[#55,included builds,5,main]) started.
[        ] :printing:mergeDebugNativeLibs (Thread[#55,included builds,5,main]) started.
[        ] > Task :printing:mergeDebugNativeLibs NO-SOURCE
[        ] Skipping task ':printing:mergeDebugNativeLibs' as it has no source files and no previous output files.
[        ] Resolve mutations for :printing:copyDebugJniLibsProjectOnly (Thread[#55,included builds,5,main]) started.
[        ] :printing:copyDebugJniLibsProjectOnly (Thread[#55,included builds,5,main]) started.
[        ] > Task :printing:copyDebugJniLibsProjectOnly UP-TO-DATE
[        ] Caching disabled for task ':printing:copyDebugJniLibsProjectOnly' because:
[        ]   Build cache is disabled
[        ]   Caching has been disabled for the task
[        ] Skipping task ':printing:copyDebugJniLibsProjectOnly' as it is up-to-date.
[        ] work action resolve jni (project :printing) (Thread[#55,included builds,5,main]) started.
[        ] Resolve mutations for :share_plus:mergeDebugJniLibFolders (Thread[#55,included builds,5,main]) started.
[        ] :share_plus:mergeDebugJniLibFolders (Thread[#55,included builds,5,main]) started.
[        ] > Task :share_plus:mergeDebugJniLibFolders UP-TO-DATE
[        ] Caching disabled for task ':share_plus:mergeDebugJniLibFolders' because:
[        ]   Build cache is disabled
[        ]   Simple merging task
[        ] Skipping task ':share_plus:mergeDebugJniLibFolders' as it is up-to-date.
[        ] Resolve mutations for :share_plus:mergeDebugNativeLibs (Thread[#55,included builds,5,main]) started.
[        ] :share_plus:mergeDebugNativeLibs (Thread[#55,included builds,5,main]) started.
[        ] > Task :share_plus:mergeDebugNativeLibs NO-SOURCE
[        ] Skipping task ':share_plus:mergeDebugNativeLibs' as it has no source files and no previous output files.
[        ] Resolve mutations for :share_plus:copyDebugJniLibsProjectOnly (Thread[#55,included builds,5,main]) started.
[        ] :share_plus:copyDebugJniLibsProjectOnly (Thread[#55,included builds,5,main]) started.
[        ] > Task :share_plus:copyDebugJniLibsProjectOnly UP-TO-DATE
[        ] Caching disabled for task ':share_plus:copyDebugJniLibsProjectOnly' because:
[        ]   Build cache is disabled
[        ]   Caching has been disabled for the task
[        ] Skipping task ':share_plus:copyDebugJniLibsProjectOnly' as it is up-to-date.
[        ] work action resolve jni (project :share_plus) (Thread[#55,included builds,5,main]) started.
[        ] Resolve mutations for :shared_preferences_android:mergeDebugJniLibFolders (Thread[#55,included builds,5,main]) started.
[        ] :shared_preferences_android:mergeDebugJniLibFolders (Thread[#55,included builds,5,main]) started.
[        ] > Task :shared_preferences_android:mergeDebugJniLibFolders UP-TO-DATE
[        ] Caching disabled for task ':shared_preferences_android:mergeDebugJniLibFolders' because:
[        ]   Build cache is disabled
[        ]   Simple merging task
[        ] Skipping task ':shared_preferences_android:mergeDebugJniLibFolders' as it is up-to-date.
[        ] Resolve mutations for :shared_preferences_android:mergeDebugNativeLibs (Thread[#55,included builds,5,main]) started.
[        ] :shared_preferences_android:mergeDebugNativeLibs (Thread[#55,included builds,5,main]) started.
[        ] > Task :shared_preferences_android:mergeDebugNativeLibs NO-SOURCE
[        ] Skipping task ':shared_preferences_android:mergeDebugNativeLibs' as it has no source files and no previous output files.
[        ] Resolve mutations for :shared_preferences_android:copyDebugJniLibsProjectOnly (Thread[#55,included builds,5,main]) started.
[        ] :shared_preferences_android:copyDebugJniLibsProjectOnly (Thread[#55,included builds,5,main]) started.
[        ] > Task :shared_preferences_android:copyDebugJniLibsProjectOnly UP-TO-DATE
[        ] Caching disabled for task ':shared_preferences_android:copyDebugJniLibsProjectOnly' because:
[        ]   Build cache is disabled
[        ]   Caching has been disabled for the task
[        ] Skipping task ':shared_preferences_android:copyDebugJniLibsProjectOnly' as it is up-to-date.
[        ] work action resolve jni (project :shared_preferences_android) (Thread[#55,included builds,5,main]) started.
[        ] Resolve mutations for :speech_to_text:mergeDebugJniLibFolders (Thread[#55,included builds,5,main]) started.
[        ] :speech_to_text:mergeDebugJniLibFolders (Thread[#55,included builds,5,main]) started.
[        ] > Task :speech_to_text:mergeDebugJniLibFolders UP-TO-DATE
[        ] Caching disabled for task ':speech_to_text:mergeDebugJniLibFolders' because:
[        ]   Build cache is disabled
[        ]   Simple merging task
[        ] Skipping task ':speech_to_text:mergeDebugJniLibFolders' as it is up-to-date.
[        ] Resolve mutations for :speech_to_text:mergeDebugNativeLibs (Thread[#55,included builds,5,main]) started.
[        ] :speech_to_text:mergeDebugNativeLibs (Thread[#55,included builds,5,main]) started.
[        ] > Task :speech_to_text:mergeDebugNativeLibs NO-SOURCE
[        ] Skipping task ':speech_to_text:mergeDebugNativeLibs' as it has no source files and no previous output files.
[        ] Resolve mutations for :speech_to_text:copyDebugJniLibsProjectOnly (Thread[#55,included builds,5,main]) started.
[        ] :speech_to_text:copyDebugJniLibsProjectOnly (Thread[#55,included builds,5,main]) started.
[        ] > Task :speech_to_text:copyDebugJniLibsProjectOnly UP-TO-DATE
[        ] Caching disabled for task ':speech_to_text:copyDebugJniLibsProjectOnly' because:
[        ]   Build cache is disabled
[        ]   Caching has been disabled for the task
[        ] Skipping task ':speech_to_text:copyDebugJniLibsProjectOnly' as it is up-to-date.
[        ] work action resolve jni (project :speech_to_text) (Thread[#55,included builds,5,main]) started.
[        ] Resolve mutations for :whisper_cpp_flutter_plus:preProfileBuild (Thread[#55,included builds,5,main]) started.
[        ] :whisper_cpp_flutter_plus:preProfileBuild (Thread[#55,included builds,5,main]) started.
[        ] > Task :whisper_cpp_flutter_plus:preProfileBuild UP-TO-DATE
[        ] Skipping task ':whisper_cpp_flutter_plus:preProfileBuild' as it has no actions.
[        ] Resolve mutations for :whisper_cpp_flutter_plus:configureCMakeDebug[arm64-v8a] (Thread[#55,included builds,5,main]) started.
[        ] :whisper_cpp_flutter_plus:configureCMakeDebug[arm64-v8a] (Thread[#55,included builds,5,main]) started.
[        ] > Task :whisper_cpp_flutter_plus:configureCMakeDebug[arm64-v8a]
[        ] Caching disabled for task ':whisper_cpp_flutter_plus:configureCMakeDebug[arm64-v8a]' because:
[        ]   Build cache is disabled
[        ]   Caching has been disabled for the task
[        ] Task ':whisper_cpp_flutter_plus:configureCMakeDebug[arm64-v8a]' is not up-to-date because:
[        ]   Task.upToDateWhen is false.
[        ] C/C++: /home/ubuntu/.pub-cache/hosted/pub.dev/whisper_cpp_flutter_plus-0.4.0/CMakeLists.txt profile|arm64-v8a : Start JSON generation. Platform version: 24 min SDK version: arm64-v8a
[        ] C/C++: /home/ubuntu/.pub-cache/hosted/pub.dev/whisper_cpp_flutter_plus-0.4.0/CMakeLists.txt profile|arm64-v8a : JSON '/home/ubuntu/.pub-cache/hosted/pub.dev/whisper_cpp_flutter_plus-0.4.0/android/.cxx/Debug/422x4vg4/arm64-v8a/android_gradle_build.json' was up-to-date
[        ] C/C++: /home/ubuntu/.pub-cache/hosted/pub.dev/whisper_cpp_flutter_plus-0.4.0/CMakeLists.txt profile|arm64-v8a : JSON generation completed without problems
[        ] C/C++: /home/ubuntu/.pub-cache/hosted/pub.dev/whisper_cpp_flutter_plus-0.4.0/CMakeLists.txt profile|arm64-v8a : Writing build model to /home/ubuntu/FFM-source-2d123ad-v67/build/whisper_cpp_flutter_plus/intermediates/cxx/Debug/422x4vg4/logs/arm64-v8a/build_model.json
[        ] Resolve mutations for :whisper_cpp_flutter_plus:buildCMakeDebug[arm64-v8a] (Thread[#55,included builds,5,main]) started.
[        ] :whisper_cpp_flutter_plus:buildCMakeDebug[arm64-v8a] (Thread[#55,included builds,5,main]) started.
[+1993 ms] > Task :whisper_cpp_flutter_plus:buildCMakeDebug[arm64-v8a]
[   +2 ms] Caching disabled for task ':whisper_cpp_flutter_plus:buildCMakeDebug[arm64-v8a]' because:
[        ]   Build cache is disabled
[        ]   Caching has been disabled for the task
[        ] Task ':whisper_cpp_flutter_plus:buildCMakeDebug[arm64-v8a]' is not up-to-date because:
[        ]   Task.upToDateWhen is false.
[        ] C/C++: starting build
[        ] C/C++: reading expected JSONs
[        ] C/C++: done reading expected JSONs
[        ] C/C++: executing build commands for targets that produce .so files or executables
[        ] C/C++: evaluate miniconfig
[        ] C/C++: evaluate library whisper (arm64-v8a)
[        ] C/C++: building target library whisper because no targets are specified.
[        ] C/C++: evaluate library parakeet (arm64-v8a)
[        ] C/C++: building target library parakeet because no targets are specified.
[        ] C/C++: evaluate library ggml (arm64-v8a)
[        ] C/C++: building target library ggml because no targets are specified.
[        ] C/C++: evaluate library ggml-base (arm64-v8a)
[        ] C/C++: building target library ggml-base because no targets are specified.
[        ] C/C++: evaluate library whisper_flutter (arm64-v8a)
[        ] C/C++: building target library whisper_flutter because no targets are specified.
[        ] C/C++: evaluate library ggml-cpu (arm64-v8a)
[        ] C/C++: building target library ggml-cpu because no targets are specified.
[        ] C/C++: about to build targets ggml, ggml-base, ggml-cpu, parakeet, whisper, whisper_flutter
[        ] C/C++: Build multiple targets whisper_arm64-v8a parakeet_arm64-v8a ggml_arm64-v8a ggml-base_arm64-v8a whisper_flutter_arm64-v8a ggml-cpu_arm64-v8a
[        ] C/C++: /home/ubuntu/android-sdk/cmake/3.22.1/bin/ninja \
[        ]   -C \
[        ]   /home/ubuntu/.pub-cache/hosted/pub.dev/whisper_cpp_flutter_plus-0.4.0/android/.cxx/Debug/422x4vg4/arm64-v8a \
[        ]   ggml \
[        ]   ggml-base \
[        ]   ggml-cpu \
[        ]   parakeet \
[        ]   whisper \
[        ]   whisper_flutter
[        ] Starting process 'command '/home/ubuntu/android-sdk/cmake/3.22.1/bin/ninja''. Working directory: /home/ubuntu/.pub-cache/hosted/pub.dev/whisper_cpp_flutter_plus-0.4.0/android Command: /home/ubuntu/android-sdk/cmake/3.22.1/bin/ninja -C /home/ubuntu/.pub-cache/hosted/pub.dev/whisper_cpp_flutter_plus-0.4.0/android/.cxx/Debug/422x4vg4/arm64-v8a ggml ggml-base ggml-cpu parakeet whisper whisper_flutter
[        ] Successfully started process 'command '/home/ubuntu/android-sdk/cmake/3.22.1/bin/ninja''
[+9096 ms] C/C++: Received process result: 0
[        ] C/C++: check expected build outputs
[        ] C/C++: external build set its own library output location for 'libwhisper.so', hard link or copy to expected location
[        ] C/C++: hard linked /home/ubuntu/.pub-cache/hosted/pub.dev/whisper_cpp_flutter_plus-0.4.0/android/.cxx/Debug/422x4vg4/arm64-v8a/bin/libwhisper.so to /home/ubuntu/FFM-source-2d123ad-v67/build/whisper_cpp_flutter_plus/intermediates/cxx/Debug/422x4vg4/obj/arm64-v8a/libwhisper.so
[        ] C/C++: hard linked /home/ubuntu/.pub-cache/hosted/pub.dev/whisper_cpp_flutter_plus-0.4.0/android/.cxx/Debug/422x4vg4/arm64-v8a/bin/libggml.so to /home/ubuntu/FFM-source-2d123ad-v67/build/whisper_cpp_flutter_plus/intermediates/cxx/Debug/422x4vg4/obj/arm64-v8a/libggml.so
[        ] C/C++: hard linked /home/ubuntu/.pub-cache/hosted/pub.dev/whisper_cpp_flutter_plus-0.4.0/android/.cxx/Debug/422x4vg4/arm64-v8a/bin/libggml-cpu.so to /home/ubuntu/FFM-source-2d123ad-v67/build/whisper_cpp_flutter_plus/intermediates/cxx/Debug/422x4vg4/obj/arm64-v8a/libggml-cpu.so
[        ] C/C++: hard linked /home/ubuntu/.pub-cache/hosted/pub.dev/whisper_cpp_flutter_plus-0.4.0/android/.cxx/Debug/422x4vg4/arm64-v8a/bin/libggml-base.so to /home/ubuntu/FFM-source-2d123ad-v67/build/whisper_cpp_flutter_plus/intermediates/cxx/Debug/422x4vg4/obj/arm64-v8a/libggml-base.so
[        ] C/C++: external build set its own library output location for 'libparakeet.so', hard link or copy to expected location
[        ] C/C++: hard linked /home/ubuntu/.pub-cache/hosted/pub.dev/whisper_cpp_flutter_plus-0.4.0/android/.cxx/Debug/422x4vg4/arm64-v8a/bin/libparakeet.so to /home/ubuntu/FFM-source-2d123ad-v67/build/whisper_cpp_flutter_plus/intermediates/cxx/Debug/422x4vg4/obj/arm64-v8a/libparakeet.so
[        ] C/C++: build complete
[  +99 ms] Resolve mutations for :whisper_cpp_flutter_plus:configureCMakeDebug[armeabi-v7a] (Thread[#55,included builds,5,main]) started.
[        ] :whisper_cpp_flutter_plus:configureCMakeDebug[armeabi-v7a] (Thread[#55,included builds,5,main]) started.
[ +499 ms] > Task :whisper_cpp_flutter_plus:configureCMakeDebug[armeabi-v7a]
[        ] Caching disabled for task ':whisper_cpp_flutter_plus:configureCMakeDebug[armeabi-v7a]' because:
[        ]   Build cache is disabled
[        ]   Caching has been disabled for the task
[        ] Task ':whisper_cpp_flutter_plus:configureCMakeDebug[armeabi-v7a]' is not up-to-date because:
[        ]   Task.upToDateWhen is false.
[        ] C/C++: /home/ubuntu/.pub-cache/hosted/pub.dev/whisper_cpp_flutter_plus-0.4.0/CMakeLists.txt profile|armeabi-v7a : Start JSON generation. Platform version: 24 min SDK version: armeabi-v7a
[        ] C/C++: /home/ubuntu/.pub-cache/hosted/pub.dev/whisper_cpp_flutter_plus-0.4.0/CMakeLists.txt profile|armeabi-v7a : rebuilding JSON /home/ubuntu/.pub-cache/hosted/pub.dev/whisper_cpp_flutter_plus-0.4.0/android/.cxx/Debug/422x4vg4/armeabi-v7a/android_gradle_build.json due to:
[        ] C/C++: /home/ubuntu/.pub-cache/hosted/pub.dev/whisper_cpp_flutter_plus-0.4.0/CMakeLists.txt profile|armeabi-v7a : - no fingerprint file, will remove stale configuration folder
[        ] C/C++: /home/ubuntu/.pub-cache/hosted/pub.dev/whisper_cpp_flutter_plus-0.4.0/CMakeLists.txt profile|armeabi-v7a : removing stale contents from '/home/ubuntu/.pub-cache/hosted/pub.dev/whisper_cpp_flutter_plus-0.4.0/android/.cxx/Debug/422x4vg4/armeabi-v7a'
[        ] C/C++: /home/ubuntu/.pub-cache/hosted/pub.dev/whisper_cpp_flutter_plus-0.4.0/CMakeLists.txt profile|armeabi-v7a : created folder '/home/ubuntu/.pub-cache/hosted/pub.dev/whisper_cpp_flutter_plus-0.4.0/android/.cxx/Debug/422x4vg4/armeabi-v7a'
[        ] C/C++: /home/ubuntu/.pub-cache/hosted/pub.dev/whisper_cpp_flutter_plus-0.4.0/CMakeLists.txt profile|armeabi-v7a : executing cmake /home/ubuntu/android-sdk/cmake/3.22.1/bin/cmake \
[        ]   -H/home/ubuntu/.pub-cache/hosted/pub.dev/whisper_cpp_flutter_plus-0.4.0 \
[        ]   -DCMAKE_SYSTEM_NAME=Android \
[        ]   -DCMAKE_EXPORT_COMPILE_COMMANDS=ON \
[        ]   -DCMAKE_SYSTEM_VERSION=24 \
[        ]   -DANDROID_PLATFORM=android-24 \
[        ]   -DANDROID_ABI=armeabi-v7a \
[        ]   -DCMAKE_ANDROID_ARCH_ABI=armeabi-v7a \
[        ]   -DANDROID_NDK=/home/ubuntu/android-sdk/ndk/28.2.13676358 \
[        ]   -DCMAKE_ANDROID_NDK=/home/ubuntu/android-sdk/ndk/28.2.13676358 \
[        ]   -DCMAKE_TOOLCHAIN_FILE=/home/ubuntu/android-sdk/ndk/28.2.13676358/build/cmake/android.toolchain.cmake \
[        ]   -DCMAKE_MAKE_PROGRAM=/home/ubuntu/android-sdk/cmake/3.22.1/bin/ninja \
[        ]   "-DCMAKE_CXX_FLAGS=-std=c++17 -O3 -fvisibility=hidden" \
[        ]   -DCMAKE_LIBRARY_OUTPUT_DIRECTORY=/home/ubuntu/FFM-source-2d123ad-v67/build/whisper_cpp_flutter_plus/intermediates/cxx/Debug/422x4vg4/obj/armeabi-v7a \
[        ]   -DCMAKE_RUNTIME_OUTPUT_DIRECTORY=/home/ubuntu/FFM-source-2d123ad-v67/build/whisper_cpp_flutter_plus/intermediates/cxx/Debug/422x4vg4/obj/armeabi-v7a \
[        ]   -DCMAKE_BUILD_TYPE=Debug \
[        ]   -B/home/ubuntu/.pub-cache/hosted/pub.dev/whisper_cpp_flutter_plus-0.4.0/android/.cxx/Debug/422x4vg4/armeabi-v7a \
[        ]   -GNinja
[        ] C/C++: /home/ubuntu/.pub-cache/hosted/pub.dev/whisper_cpp_flutter_plus-0.4.0/CMakeLists.txt profile|armeabi-v7a : /home/ubuntu/android-sdk/cmake/3.22.1/bin/cmake \
[        ]   -H/home/ubuntu/.pub-cache/hosted/pub.dev/whisper_cpp_flutter_plus-0.4.0 \
[        ]   -DCMAKE_SYSTEM_NAME=Android \
[        ]   -DCMAKE_EXPORT_COMPILE_COMMANDS=ON \
[        ]   -DCMAKE_SYSTEM_VERSION=24 \
[        ]   -DANDROID_PLATFORM=android-24 \
[        ]   -DANDROID_ABI=armeabi-v7a \
[        ]   -DCMAKE_ANDROID_ARCH_ABI=armeabi-v7a \
[        ]   -DANDROID_NDK=/home/ubuntu/android-sdk/ndk/28.2.13676358 \
[        ]   -DCMAKE_ANDROID_NDK=/home/ubuntu/android-sdk/ndk/28.2.13676358 \
[        ]   -DCMAKE_TOOLCHAIN_FILE=/home/ubuntu/android-sdk/ndk/28.2.13676358/build/cmake/android.toolchain.cmake \
[        ]   -DCMAKE_MAKE_PROGRAM=/home/ubuntu/android-sdk/cmake/3.22.1/bin/ninja \
[        ]   "-DCMAKE_CXX_FLAGS=-std=c++17 -O3 -fvisibility=hidden" \
[        ]   -DCMAKE_LIBRARY_OUTPUT_DIRECTORY=/home/ubuntu/FFM-source-2d123ad-v67/build/whisper_cpp_flutter_plus/intermediates/cxx/Debug/422x4vg4/obj/armeabi-v7a \
[        ]   -DCMAKE_RUNTIME_OUTPUT_DIRECTORY=/home/ubuntu/FFM-source-2d123ad-v67/build/whisper_cpp_flutter_plus/intermediates/cxx/Debug/422x4vg4/obj/armeabi-v7a \
[        ]   -DCMAKE_BUILD_TYPE=Debug \
[        ]   -B/home/ubuntu/.pub-cache/hosted/pub.dev/whisper_cpp_flutter_plus-0.4.0/android/.cxx/Debug/422x4vg4/armeabi-v7a \
[        ]   -GNinja
[        ] Starting process 'command '/home/ubuntu/android-sdk/cmake/3.22.1/bin/cmake''. Working directory: /home/ubuntu/.pub-cache/hosted/pub.dev/whisper_cpp_flutter_plus-0.4.0/android Command: /home/ubuntu/android-sdk/cmake/3.22.1/bin/cmake -H/home/ubuntu/.pub-cache/hosted/pub.dev/whisper_cpp_flutter_plus-0.4.0 -DCMAKE_SYSTEM_NAME=Android -DCMAKE_EXPORT_COMPILE_COMMANDS=ON -DCMAKE_SYSTEM_VERSION=24 -DANDROID_PLATFORM=android-24 -DANDROID_ABI=armeabi-v7a -DCMAKE_ANDROID_ARCH_ABI=armeabi-v7a -DANDROID_NDK=/home/ubuntu/android-sdk/ndk/28.2.13676358 -DCMAKE_ANDROID_NDK=/home/ubuntu/android-sdk/ndk/28.2.13676358 -DCMAKE_TOOLCHAIN_FILE=/home/ubuntu/android-sdk/ndk/28.2.13676358/build/cmake/android.toolchain.cmake -DCMAKE_MAKE_PROGRAM=/home/ubuntu/android-sdk/cmake/3.22.1/bin/ninja -DCMAKE_CXX_FLAGS=-std=c++17 -O3 -fvisibility=hidden -DCMAKE_LIBRARY_OUTPUT_DIRECTORY=/home/ubuntu/FFM-source-2d123ad-v67/build/whisper_cpp_flutter_plus/intermediates/cxx/Debug/422x4vg4/obj/armeabi-v7a -DCMAKE_RUNTIME_OUTPUT_DIRECTORY=/home/ubuntu/FFM-source-2d123ad-v67/build/whisper_cpp_flutter_plus/intermediates/cxx/Debug/422x4vg4/obj/armeabi-v7a -DCMAKE_BUILD_TYPE=Debug -B/home/ubuntu/.pub-cache/hosted/pub.dev/whisper_cpp_flutter_plus-0.4.0/android/.cxx/Debug/422x4vg4/armeabi-v7a -GNinja
[        ] Successfully started process 'command '/home/ubuntu/android-sdk/cmake/3.22.1/bin/cmake''
[        ] C/C++: [33mCMake Warning (dev) at ios/whisper_cpp_flutter_plus/Sources/WhisperCppCore/CMakeLists.txt:60 (option):
[        ] C/C++:   Policy CMP0077 is not set: option() honors normal variables.  Run "cmake
[        ] C/C++:   --help-policy CMP0077" for policy details.  Use the cmake_policy command to
[        ] C/C++:   set the policy and suppress this warning.
[        ] C/C++:   For compatibility with older versions of CMake, option is clearing the
[        ] C/C++:   normal variable 'BUILD_SHARED_LIBS'.
[        ] C/C++: This warning is for project developers.  Use -Wno-dev to suppress it.
[        ] C/C++: [0m
[        ] C/C++: fatal: not a git repository (or any of the parent directories): .git
[        ] C/C++: fatal: not a git repository (or any of the parent directories): .git
[        ] C/C++: /home/ubuntu/.pub-cache/hosted/pub.dev/whisper_cpp_flutter_plus-0.4.0/CMakeLists.txt profile|armeabi-v7a : Received process result: 0
[        ] C/C++: /home/ubuntu/.pub-cache/hosted/pub.dev/whisper_cpp_flutter_plus-0.4.0/CMakeLists.txt profile|armeabi-v7a : Exiting generation of /home/ubuntu/.pub-cache/hosted/pub.dev/whisper_cpp_flutter_plus-0.4.0/android/.cxx/Debug/422x4vg4/armeabi-v7a/compile_commands.json.bin normally
[        ] C/C++: /home/ubuntu/.pub-cache/hosted/pub.dev/whisper_cpp_flutter_plus-0.4.0/CMakeLists.txt profile|armeabi-v7a : done executing cmake
[        ] C/C++: /home/ubuntu/.pub-cache/hosted/pub.dev/whisper_cpp_flutter_plus-0.4.0/CMakeLists.txt profile|armeabi-v7a : hard linked /home/ubuntu/.pub-cache/hosted/pub.dev/whisper_cpp_flutter_plus-0.4.0/android/.cxx/Debug/422x4vg4/armeabi-v7a/compile_commands.json to /home/ubuntu/.pub-cache/hosted/pub.dev/whisper_cpp_flutter_plus-0.4.0/android/.cxx/tools/profile/armeabi-v7a/compile_commands.json
[        ] C/C++: /home/ubuntu/.pub-cache/hosted/pub.dev/whisper_cpp_flutter_plus-0.4.0/CMakeLists.txt profile|armeabi-v7a : JSON generation completed without problems
[        ] C/C++: /home/ubuntu/.pub-cache/hosted/pub.dev/whisper_cpp_flutter_plus-0.4.0/CMakeLists.txt profile|armeabi-v7a : Writing build model to /home/ubuntu/FFM-source-2d123ad-v67/build/whisper_cpp_flutter_plus/intermediates/cxx/Debug/422x4vg4/logs/armeabi-v7a/build_model.json
[        ] Resolve mutations for :whisper_cpp_flutter_plus:buildCMakeDebug[armeabi-v7a] (Thread[#55,included builds,5,main]) started.
[        ] :whisper_cpp_flutter_plus:buildCMakeDebug[armeabi-v7a] (Thread[#55,included builds,5,main]) started.
[+1998 ms] > Task :whisper_cpp_flutter_plus:buildCMakeDebug[armeabi-v7a]
[        ] Deleting stale output file: /home/ubuntu/FFM-source-2d123ad-v67/build/whisper_cpp_flutter_plus/intermediates/cxx/Debug/422x4vg4/obj/armeabi-v7a
[        ] Caching disabled for task ':whisper_cpp_flutter_plus:buildCMakeDebug[armeabi-v7a]' because:
[        ]   Build cache is disabled
[        ]   Caching has been disabled for the task
[        ] Task ':whisper_cpp_flutter_plus:buildCMakeDebug[armeabi-v7a]' is not up-to-date because:
[        ]   Task.upToDateWhen is false.
[        ] C/C++: starting build
[        ] C/C++: reading expected JSONs
[        ] C/C++: done reading expected JSONs
[        ] C/C++: executing build commands for targets that produce .so files or executables
[        ] C/C++: evaluate miniconfig
[        ] C/C++: evaluate library whisper (armeabi-v7a)
[        ] C/C++: building target library whisper because no targets are specified.
[        ] C/C++: evaluate library parakeet (armeabi-v7a)
[        ] C/C++: building target library parakeet because no targets are specified.
[        ] C/C++: evaluate library ggml (armeabi-v7a)
[        ] C/C++: building target library ggml because no targets are specified.
[        ] C/C++: evaluate library ggml-base (armeabi-v7a)
[        ] C/C++: building target library ggml-base because no targets are specified.
[        ] C/C++: evaluate library whisper_flutter (armeabi-v7a)
[        ] C/C++: building target library whisper_flutter because no targets are specified.
[        ] C/C++: evaluate library ggml-cpu (armeabi-v7a)
[        ] C/C++: building target library ggml-cpu because no targets are specified.
[        ] C/C++: about to build targets ggml, ggml-base, ggml-cpu, parakeet, whisper, whisper_flutter
[        ] C/C++: Build multiple targets whisper_armeabi-v7a parakeet_armeabi-v7a ggml_armeabi-v7a ggml-base_armeabi-v7a whisper_flutter_armeabi-v7a ggml-cpu_armeabi-v7a
[        ] C/C++: /home/ubuntu/android-sdk/cmake/3.22.1/bin/ninja \
[        ]   -C \
[        ]   /home/ubuntu/.pub-cache/hosted/pub.dev/whisper_cpp_flutter_plus-0.4.0/android/.cxx/Debug/422x4vg4/armeabi-v7a \
[        ]   ggml \
[        ]   ggml-base \
[        ]   ggml-cpu \
[        ]   parakeet \
[        ]   whisper \
[        ]   whisper_flutter
[        ] Starting process 'command '/home/ubuntu/android-sdk/cmake/3.22.1/bin/ninja''. Working directory: /home/ubuntu/.pub-cache/hosted/pub.dev/whisper_cpp_flutter_plus-0.4.0/android Command: /home/ubuntu/android-sdk/cmake/3.22.1/bin/ninja -C /home/ubuntu/.pub-cache/hosted/pub.dev/whisper_cpp_flutter_plus-0.4.0/android/.cxx/Debug/422x4vg4/armeabi-v7a ggml ggml-base ggml-cpu parakeet whisper whisper_flutter
[        ] Successfully started process 'command '/home/ubuntu/android-sdk/cmake/3.22.1/bin/ninja''
[+8099 ms] C/C++: ninja: Entering directory `/home/ubuntu/.pub-cache/hosted/pub.dev/whisper_cpp_flutter_plus-0.4.0/android/.cxx/Debug/422x4vg4/armeabi-v7a'
[        ] C/C++: /home/ubuntu/.pub-cache/hosted/pub.dev/whisper_cpp_flutter_plus-0.4.0/ios/whisper_cpp_flutter_plus/Sources/WhisperCppCore/src/whisper.cpp:3437:80: warning: format specifies type 'long' but the argument has type 'size_t' (aka 'unsigned int') [-Wformat]
[        ] C/C++:  3437 |         WHISPER_LOG_INFO("%s: alignment heads masks size = %ld B\n", __func__, memory_size);
[        ] C/C++:       |                                                            ~~~                 ^~~~~~~~~~~
[        ] C/C++:       |                                                            %zu
[        ] C/C++: /home/ubuntu/.pub-cache/hosted/pub.dev/whisper_cpp_flutter_plus-0.4.0/ios/whisper_cpp_flutter_plus/Sources/WhisperCppCore/src/whisper.cpp:123:75: note: expanded from macro 'WHISPER_LOG_INFO'
[        ] C/C++:   123 | #define WHISPER_LOG_INFO(...)  whisper_log_internal(GGML_LOG_LEVEL_INFO , __VA_ARGS__)
[        ] C/C++:       |                                                                           ^~~~~~~~~~~
[        ] C/C++: 1 warning generated.
[  +99 ms] C/C++: Received process result: 0
[        ] C/C++: check expected build outputs
[        ] C/C++: external build set its own library output location for 'libwhisper.so', hard link or copy to expected location
[        ] C/C++: hard linked /home/ubuntu/.pub-cache/hosted/pub.dev/whisper_cpp_flutter_plus-0.4.0/android/.cxx/Debug/422x4vg4/armeabi-v7a/bin/libwhisper.so to /home/ubuntu/FFM-source-2d123ad-v67/build/whisper_cpp_flutter_plus/intermediates/cxx/Debug/422x4vg4/obj/armeabi-v7a/libwhisper.so
[        ] C/C++: hard linked /home/ubuntu/.pub-cache/hosted/pub.dev/whisper_cpp_flutter_plus-0.4.0/android/.cxx/Debug/422x4vg4/armeabi-v7a/bin/libggml.so to /home/ubuntu/FFM-source-2d123ad-v67/build/whisper_cpp_flutter_plus/intermediates/cxx/Debug/422x4vg4/obj/armeabi-v7a/libggml.so
[        ] C/C++: hard linked /home/ubuntu/.pub-cache/hosted/pub.dev/whisper_cpp_flutter_plus-0.4.0/android/.cxx/Debug/422x4vg4/armeabi-v7a/bin/libggml-cpu.so to /home/ubuntu/FFM-source-2d123ad-v67/build/whisper_cpp_flutter_plus/intermediates/cxx/Debug/422x4vg4/obj/armeabi-v7a/libggml-cpu.so
[        ] C/C++: hard linked /home/ubuntu/.pub-cache/hosted/pub.dev/whisper_cpp_flutter_plus-0.4.0/android/.cxx/Debug/422x4vg4/armeabi-v7a/bin/libggml-base.so to /home/ubuntu/FFM-source-2d123ad-v67/build/whisper_cpp_flutter_plus/intermediates/cxx/Debug/422x4vg4/obj/armeabi-v7a/libggml-base.so
[        ] C/C++: external build set its own library output location for 'libparakeet.so', hard link or copy to expected location
[        ] C/C++: hard linked /home/ubuntu/.pub-cache/hosted/pub.dev/whisper_cpp_flutter_plus-0.4.0/android/.cxx/Debug/422x4vg4/armeabi-v7a/bin/libparakeet.so to /home/ubuntu/FFM-source-2d123ad-v67/build/whisper_cpp_flutter_plus/intermediates/cxx/Debug/422x4vg4/obj/armeabi-v7a/libparakeet.so
[        ] C/C++: build complete
[        ] Resolve mutations for :whisper_cpp_flutter_plus:mergeDebugJniLibFolders (Thread[#55,included builds,5,main]) started.
[        ] :whisper_cpp_flutter_plus:mergeDebugJniLibFolders (Thread[#55,included builds,5,main]) started.
[        ] > Task :whisper_cpp_flutter_plus:mergeDebugJniLibFolders
[        ] Caching disabled for task ':whisper_cpp_flutter_plus:mergeDebugJniLibFolders' because:
[        ]   Build cache is disabled
[        ]   Simple merging task
[        ] Task ':whisper_cpp_flutter_plus:mergeDebugJniLibFolders' is not up-to-date because:
[        ]   No history is available.
[        ] The input changes require a full rebuild for incremental task ':whisper_cpp_flutter_plus:mergeDebugJniLibFolders'.
[        ] Resolve mutations for :whisper_cpp_flutter_plus:mergeDebugNativeLibs (Thread[#55,included builds,5,main]) started.
[        ] :whisper_cpp_flutter_plus:mergeDebugNativeLibs (Thread[#55,included builds,5,main]) started.
[  +99 ms] > Task :whisper_cpp_flutter_plus:mergeDebugNativeLibs
[        ] Caching disabled for task ':whisper_cpp_flutter_plus:mergeDebugNativeLibs' because:
[        ]   Build cache is disabled
[        ]   Caching has been disabled for the task
[        ] Task ':whisper_cpp_flutter_plus:mergeDebugNativeLibs' is not up-to-date because:
[        ]   No history is available.
[        ] Resolve mutations for :whisper_cpp_flutter_plus:copyDebugJniLibsProjectOnly (Thread[#55,included builds,5,main]) started.
[        ] :whisper_cpp_flutter_plus:copyDebugJniLibsProjectOnly (Thread[#55,included builds,5,main]) started.
[  +99 ms] > Task :whisper_cpp_flutter_plus:copyDebugJniLibsProjectOnly
[        ] Caching disabled for task ':whisper_cpp_flutter_plus:copyDebugJniLibsProjectOnly' because:
[        ]   Build cache is disabled
[        ]   Caching has been disabled for the task
[        ] Task ':whisper_cpp_flutter_plus:copyDebugJniLibsProjectOnly' is not up-to-date because:
[        ]   No history is available.
[        ] work action resolve jni (project :whisper_cpp_flutter_plus) (Thread[#55,included builds,5,main]) started.
[        ] Resolve mutations for :app:mergeDebugNativeLibs (Thread[#55,included builds,5,main]) started.
[        ] :app:mergeDebugNativeLibs (Thread[#55,included builds,5,main]) started.
[+1999 ms] > Task :app:mergeDebugNativeLibs
[        ] Caching disabled for AarTransform: /home/ubuntu/.gradle/caches/9.3.1/transforms/ee1b8669af97281b0603cc47a91cd059/transformed/biometric-1.1.0 because:
[        ]   Build cache is disabled
[        ]   Caching not enabled.
[        ] Caching disabled for AarTransform: /home/ubuntu/.gradle/caches/9.3.1/transforms/8ff37497f57f986e9fcda827e43928a1/transformed/preference-1.2.1 because:
[        ]   Build cache is disabled
[        ]   Caching not enabled.
[        ] Caching disabled for AarTransform: /home/ubuntu/.gradle/caches/9.3.1/transforms/aa68329c59e58390d036b9224776a8dd/transformed/appcompat-1.2.0 because:
[        ]   Build cache is disabled
[        ]   Caching not enabled.
[        ] Caching disabled for AarTransform: /home/ubuntu/.gradle/caches/9.3.1/transforms/0fd502dc15e36a19120c8084ed495575/transformed/fragment-ktx-1.8.9 because:
[        ]   Build cache is disabled
[        ]   Caching not enabled.
[        ] Caching disabled for AarTransform: /home/ubuntu/.gradle/caches/9.3.1/transforms/7531f992883c62ccd4689fa6bd52f74b/transformed/fragment-1.8.9 because:
[        ]   Build cache is disabled
[        ]   Caching not enabled.
[        ] Caching disabled for AarTransform: /home/ubuntu/.gradle/caches/9.3.1/transforms/670c42120b4e285772fcf22135293e72/transformed/activity-1.8.1 because:
[        ]   Build cache is disabled
[        ]   Caching not enabled.
[        ] Caching disabled for AarTransform: /home/ubuntu/.gradle/caches/9.3.1/transforms/0414b4107b329aa6a3f0ac1999b0bac8/transformed/activity-ktx-1.8.1 because:
[        ]   Build cache is disabled
[        ]   Caching not enabled.
[        ] Caching disabled for AarTransform: /home/ubuntu/.gradle/caches/9.3.1/transforms/3011132ea42f1fb8e17f3e414b357516/transformed/recyclerview-1.0.0 because:
[        ]   Build cache is disabled
[        ]   Caching not enabled.
[        ] Caching disabled for AarTransform: /home/ubuntu/.gradle/caches/9.3.1/transforms/d97e8ebe169ff71bb8d8cd24b20c4b5c/transformed/legacy-support-core-ui-1.0.0 because:
[        ]   Build cache is disabled
[        ]   Caching not enabled.
[        ] Caching disabled for AarTransform: /home/ubuntu/.gradle/caches/9.3.1/transforms/8a6d667d2630f9b6dbacca3965bc2a96/transformed/legacy-support-core-utils-1.0.0 because:
[        ]   Build cache is disabled
[        ]   Caching not enabled.
[        ] Caching disabled for AarTransform: /home/ubuntu/.gradle/caches/9.3.1/transforms/1910b6d9312a778ba1bce42e0ad447b6/transformed/loader-1.0.0 because:
[        ]   Build cache is disabled
[        ]   Caching not enabled.
[        ] Caching disabled for AarTransform: /home/ubuntu/.gradle/caches/9.3.1/transforms/2e47d588e718bd98000f987a2a89fba1/transformed/lifecycle-runtime-ktx because:
[        ]   Build cache is disabled
[        ]   Caching not enabled.
[        ] Caching disabled for AarTransform: /home/ubuntu/.gradle/caches/9.3.1/transforms/9588b15be6b376f6fe668218c45df4ae/transformed/lifecycle-viewmodel-2.10.0 because:
[        ]   Build cache is disabled
[        ]   Caching not enabled.
[        ] Caching disabled for AarTransform: /home/ubuntu/.gradle/caches/9.3.1/transforms/047ab22f8c2784e2b9872c5af9fcf706/transformed/lifecycle-viewmodel because:
[        ]   Build cache is disabled
[        ]   Caching not enabled.
[        ] Caching disabled for AarTransform: /home/ubuntu/.gradle/caches/9.3.1/transforms/072adc96444a9b75a263d8a6573eff21/transformed/savedstate-ktx-1.4.0 because:
[        ]   Build cache is disabled
[        ]   Caching not enabled.
[        ] Caching disabled for AarTransform: /home/ubuntu/.gradle/caches/9.3.1/transforms/e7d823684d6aba311f2fa2327812a00f/transformed/savedstate because:
[        ]   Build cache is disabled
[        ]   Caching not enabled.
[        ] Caching disabled for ExtractJniTransform: /home/ubuntu/.gradle/caches/modules-2/files-2.1/androidx.lifecycle/lifecycle-common-jvm/2.10.0/2b7a92c746f3339efc533a2da0024e596760f816/lifecycle-common-jvm-2.10.0.jar because:
[        ]   Build cache is disabled
[        ] Caching disabled for AarTransform: /home/ubuntu/.gradle/caches/9.3.1/transforms/31d81b40bb5a8f55f33df960175c4d93/transformed/lifecycle-viewmodel-ktx-2.10.0 because:
[        ]   Build cache is disabled
[        ]   Caching not enabled.
[        ] Caching disabled for AarTransform: /home/ubuntu/.gradle/caches/9.3.1/transforms/b556b8bf983e35e9c85f00e34052e117/transformed/lifecycle-livedata-core-ktx-2.10.0 because:
[        ]   Build cache is disabled
[        ]   Caching not enabled.
[        ] Caching disabled for AarTransform: /home/ubuntu/.gradle/caches/9.3.1/transforms/15d4833e7c016fbb62c87ceab117cc4a/transformed/lifecycle-livedata-2.10.0 because:
[        ]   Build cache is disabled
[        ]   Caching not enabled.
[        ] Caching disabled for AarTransform: /home/ubuntu/.gradle/caches/9.3.1/transforms/06aa87040e4b39ed5d8d478686f22d34/transformed/lifecycle-process-2.10.0 because:
[        ]   Build cache is disabled
[        ]   Caching not enabled.
[        ] Caching disabled for AarTransform: /home/ubuntu/.gradle/caches/9.3.1/transforms/1f075e62ff8a345a8bdb0e45f5073b10/transformed/lifecycle-livedata-core-2.10.0 because:
[        ]   Build cache is disabled
[        ]   Caching not enabled.
[        ] Caching disabled for ExtractJniTransform: /home/ubuntu/.gradle/caches/modules-2/files-2.1/androidx.lifecycle/lifecycle-common-java8/2.10.0/86a8e6b9d0ba0c964fdc7223a38b6ce74bcb24dd/lifecycle-common-java8-2.10.0.jar because:
[        ]   Build cache is disabled
[        ] Caching disabled for AarTransform: /home/ubuntu/.gradle/caches/9.3.1/transforms/203c0d07577b60d082a9ae8a04586b3f/transformed/lifecycle-runtime because:
[        ]   Build cache is disabled
[        ]   Caching not enabled.
[        ] Caching disabled for AarTransform: /home/ubuntu/.gradle/caches/9.3.1/transforms/a2f4853fef332ce5d6aa4d3375e1ad8a/transformed/lifecycle-viewmodel-savedstate because:
[        ]   Build cache is disabled
[        ]   Caching not enabled.
[        ] Caching disabled for AarTransform: /home/ubuntu/.gradle/caches/9.3.1/transforms/1cb9fa298f2892e5c8bff352cb1bc5e1/transformed/core-ktx-1.18.0 because:
[        ]   Build cache is disabled
[        ]   Caching not enabled.
[        ] Caching disabled for AarTransform: /home/ubuntu/.gradle/caches/9.3.1/transforms/0921f9df8cf8b539060cb1bd937038e7/transformed/media-1.1.0 because:
[        ]   Build cache is disabled
[        ]   Caching not enabled.
[        ] Caching disabled for AarTransform: /home/ubuntu/.gradle/caches/9.3.1/transforms/dbf382485cedbea82a05027c1955eeb3/transformed/slidingpanelayout-1.2.0 because:
[        ]   Build cache is disabled
[        ]   Caching not enabled.
[        ] Caching disabled for AarTransform: /home/ubuntu/.gradle/caches/9.3.1/transforms/3af980662234f52902de775e9c6e354f/transformed/window-1.2.0 because:
[        ]   Build cache is disabled
[        ]   Caching not enabled.
[        ] Caching disabled for AarTransform: /home/ubuntu/.gradle/caches/9.3.1/transforms/169afe10ff2f01272b137719d317fb78/transformed/window-java-1.2.0 because:
[        ]   Build cache is disabled
[        ]   Caching not enabled.
[        ] Caching disabled for AarTransform: /home/ubuntu/.gradle/caches/9.3.1/transforms/9c03e2381136b6831b281ff9bd73cf46/transformed/viewpager-1.0.0 because:
[        ]   Build cache is disabled
[        ]   Caching not enabled.
[        ] Caching disabled for AarTransform: /home/ubuntu/.gradle/caches/9.3.1/transforms/7fde627efd28a30dfed01da246182008/transformed/appcompat-resources-1.2.0 because:
[        ]   Build cache is disabled
[        ]   Caching not enabled.
[        ] Caching disabled for AarTransform: /home/ubuntu/.gradle/caches/9.3.1/transforms/33205348bc67036e78f8c2342772ca91/transformed/drawerlayout-1.0.0 because:
[        ]   Build cache is disabled
[        ]   Caching not enabled.
[        ] Caching disabled for AarTransform: /home/ubuntu/.gradle/caches/9.3.1/transforms/d3211d1d7fd67f776447c54fdd47dad2/transformed/coordinatorlayout-1.0.0 because:
[        ]   Build cache is disabled
[        ]   Caching not enabled.
[        ] Caching disabled for AarTransform: /home/ubuntu/.gradle/caches/9.3.1/transforms/3527fd5c9b1735c136ab64fdeadc3bd3/transformed/customview-1.1.0 because:
[        ]   Build cache is disabled
[        ]   Caching not enabled.
[        ] Caching disabled for AarTransform: /home/ubuntu/.gradle/caches/9.3.1/transforms/cf9664ba8c5c4414650bee773713e7bb/transformed/transition-1.4.1 because:
[        ]   Build cache is disabled
[        ]   Caching not enabled.
[        ] Caching disabled for AarTransform: /home/ubuntu/.gradle/caches/9.3.1/transforms/71c0812dec9cd2ec0f2c15b89c0658ec/transformed/vectordrawable-animated-1.1.0 because:
[        ]   Build cache is disabled
[        ]   Caching not enabled.
[        ] Caching disabled for AarTransform: /home/ubuntu/.gradle/caches/9.3.1/transforms/17f520752ed56d5cdd16d2219a6bb5af/transformed/vectordrawable-1.1.0 because:
[        ]   Build cache is disabled
[        ]   Caching not enabled.
[        ] Caching disabled for AarTransform: /home/ubuntu/.gradle/caches/9.3.1/transforms/5c1b69020e77f61a04debc0d595e19ad/transformed/swiperefreshlayout-1.0.0 because:
[        ]   Build cache is disabled
[        ]   Caching not enabled.
[        ] Caching disabled for AarTransform: /home/ubuntu/.gradle/caches/9.3.1/transforms/adb99d1fe9cf8d7deb77e3c54e2b3ddb/transformed/asynclayoutinflater-1.0.0 because:
[        ]   Build cache is disabled
[        ]   Caching not enabled.
[        ] Caching disabled for AarTransform: /home/ubuntu/.gradle/caches/9.3.1/transforms/d093bb2eca2532b7d20813ec3c4a0c68/transformed/core-1.18.0 because:
[        ]   Build cache is disabled
[        ]   Caching not enabled.
[        ] Caching disabled for ExtractJniTransform: /home/ubuntu/.gradle/caches/modules-2/files-2.1/androidx.datastore/datastore-preferences-external-protobuf/1.1.7/ddd0a2d64e3c928359c993d1291e535d5d7fc9a3/datastore-preferences-external-protobuf-1.1.7.jar because:
[        ]   Build cache is disabled
[        ] Caching disabled for ExtractJniTransform: /home/ubuntu/.gradle/caches/modules-2/files-2.1/androidx.datastore/datastore-preferences-proto/1.1.7/6d7430ed8d2b5f2b8675dad8d196ba5dd710921b/datastore-preferences-proto-1.1.7.jar because:
[        ]   Build cache is disabled
[        ] Caching disabled for AarTransform: /home/ubuntu/.gradle/caches/9.3.1/transforms/86983a852aebb7d8bf3782e411df221b/transformed/datastore-preferences-core-release because:
[        ]   Build cache is disabled
[        ]   Caching not enabled.
[        ] Caching disabled for ExtractJniTransform: /home/ubuntu/.gradle/caches/modules-2/files-2.1/androidx.datastore/datastore-core-okio-jvm/1.1.7/ce08f132812044a9778547b299fd812e34dbd602/datastore-core-okio-jvm-1.1.7.jar because:
[        ]   Build cache is disabled
[        ] Caching disabled for AarTransform: /home/ubuntu/.gradle/caches/9.3.1/transforms/e44eb4329d641b304e8baee8291c9234/transformed/datastore-core-release because:
[        ]   Build cache is disabled
[        ]   Caching not enabled.
[        ] Caching disabled for AarTransform: /home/ubuntu/.gradle/caches/9.3.1/transforms/45d3b9b1cb31a4ffba6587fb62808701/transformed/datastore-preferences-release because:
[        ]   Build cache is disabled
[        ]   Caching not enabled.
[        ] Caching disabled for AarTransform: /home/ubuntu/.gradle/caches/9.3.1/transforms/ef9286cfd2c65fd2412534ebfb130ef9/transformed/datastore-release because:
[        ]   Build cache is disabled
[        ]   Caching not enabled.
[        ] Caching disabled for ExtractJniTransform: /home/ubuntu/.gradle/caches/modules-2/files-2.1/org.jetbrains.kotlinx/kotlinx-coroutines-core-jvm/1.11.0/3d57dc678bd8d72a60e7adf0eca5c54e3f4f4b79/kotlinx-coroutines-core-jvm-1.11.0.jar because:
[        ]   Build cache is disabled
[        ] Caching disabled for ExtractJniTransform: /home/ubuntu/.gradle/caches/modules-2/files-2.1/org.jetbrains.kotlinx/kotlinx-coroutines-android/1.11.0/51ffb50a6478872fbbac6cbd48f09553bf4e9e7d/kotlinx-coroutines-android-1.11.0.jar because:
[        ]   Build cache is disabled
[        ] Caching disabled for AarTransform: /home/ubuntu/.gradle/caches/9.3.1/transforms/8ac3dbed3f0f19926fe4f749027dae3f/transformed/annotation-experimental-1.4.1 because:
[        ]   Build cache is disabled
[        ]   Caching not enabled.
[        ] Caching disabled for AarTransform: /home/ubuntu/.gradle/caches/9.3.1/transforms/e81d5eeb13a3223f331ec31d266f9dbb/transformed/core-viewtree-1.0.0 because:
[        ]   Build cache is disabled
[        ]   Caching not enabled.
[        ] Caching disabled for AarTransform: /home/ubuntu/.gradle/caches/9.3.1/transforms/7366a9c8623cf5e0422083d5012d9281/transformed/profileinstaller-1.4.0 because:
[        ]   Build cache is disabled
[        ]   Caching not enabled.
[        ] Caching disabled for AarTransform: /home/ubuntu/.gradle/caches/9.3.1/transforms/9b4102c231a6286b797c71f1baf13a34/transformed/startup-runtime-1.1.1 because:
[        ]   Build cache is disabled
[        ]   Caching not enabled.
[        ] Caching disabled for AarTransform: /home/ubuntu/.gradle/caches/9.3.1/transforms/b29c715449f72c435a349c85b3d0caea/transformed/tracing-1.2.0 because:
[        ]   Build cache is disabled
[        ]   Caching not enabled.
[        ] Caching disabled for AarTransform: /home/ubuntu/.gradle/caches/9.3.1/transforms/9742857b1348f9280538369b25be1b97/transformed/exifinterface-1.4.1 because:
[        ]   Build cache is disabled
[        ]   Caching not enabled.
[        ] Caching disabled for AarTransform: /home/ubuntu/.gradle/caches/9.3.1/transforms/edd921f3d079cdfa25fa38fcddc7d994/transformed/interpolator-1.0.0 because:
[        ]   Build cache is disabled
[        ]   Caching not enabled.
[        ] Caching disabled for AarTransform: /home/ubuntu/.gradle/caches/9.3.1/transforms/cd2c59b851083326f63879acf62ab040/transformed/versionedparcelable-1.1.1 because:
[        ]   Build cache is disabled
[        ]   Caching not enabled.
[        ] Caching disabled for ExtractJniTransform: /home/ubuntu/.gradle/caches/modules-2/files-2.1/androidx.collection/collection-ktx/1.4.2/2ad14aed781c4a73ed4dbb421966d408a0a06686/collection-ktx-1.4.2.jar because:
[        ]   Build cache is disabled
[        ] Caching disabled for ExtractJniTransform: /home/ubuntu/.gradle/caches/modules-2/files-2.1/androidx.collection/collection-jvm/1.4.2/bc60b5568a66d765a9fe8e266fd0c6c727e0b50b/collection-jvm-1.4.2.jar because:
[        ]   Build cache is disabled
[        ] Caching disabled for AarTransform: /home/ubuntu/.gradle/caches/9.3.1/transforms/676a00389ce276119408c3f879732fa3/transformed/core-runtime-2.2.0 because:
[        ]   Build cache is disabled
[        ]   Caching not enabled.
[        ] Caching disabled for ExtractJniTransform: /home/ubuntu/.gradle/caches/modules-2/files-2.1/androidx.arch.core/core-common/2.2.0/5e1b8b81dfd5f52c56a8d53b18ca759c19a301f3/core-common-2.2.0.jar because:
[        ]   Build cache is disabled
[        ] Caching disabled for AarTransform: /home/ubuntu/.gradle/caches/9.3.1/transforms/044b3bfb291122cb5d839f7bb5f457ef/transformed/cursoradapter-1.0.0 because:
[        ]   Build cache is disabled
[        ]   Caching not enabled.
[        ] Caching disabled for AarTransform: /home/ubuntu/.gradle/caches/9.3.1/transforms/351270bffe273cd281381403a975b48c/transformed/core-1.0.0 because:
[        ]   Build cache is disabled
[        ]   Caching not enabled.
[        ] Caching disabled for ExtractJniTransform: /home/ubuntu/.gradle/caches/modules-2/files-2.1/androidx.concurrent/concurrent-futures/1.1.0/50b7fb98350d5f42a4e49704b03278542293ba48/concurrent-futures-1.1.0.jar because:
[        ]   Build cache is disabled
[        ] Caching disabled for AarTransform: /home/ubuntu/.gradle/caches/9.3.1/transforms/336483228e0435006a40d56cae8d6634/transformed/documentfile-1.0.0 because:
[        ]   Build cache is disabled
[        ]   Caching not enabled.
[        ] Caching disabled for AarTransform: /home/ubuntu/.gradle/caches/9.3.1/transforms/eaec30f7aa2286e29e53547b46f28aab/transformed/localbroadcastmanager-1.0.0 because:
[        ]   Build cache is disabled
[        ]   Caching not enabled.
[        ] Caching disabled for AarTransform: /home/ubuntu/.gradle/caches/9.3.1/transforms/944a2efc24e2e0f77326922d335f8a70/transformed/print-1.0.0 because:
[        ]   Build cache is disabled
[        ]   Caching not enabled.
[        ] Caching disabled for ExtractJniTransform: /home/ubuntu/.gradle/caches/modules-2/files-2.1/com.google.crypto.tink/tink-android/1.23.0/bb0539111f2fa652289783066b5a31c5680663e7/tink-android-1.23.0.jar because:
[        ]   Build cache is disabled
[        ] Caching disabled for ExtractJniTransform: /home/ubuntu/.gradle/caches/modules-2/files-2.1/androidx.annotation/annotation-jvm/1.10.0/388cfaa79001d0f024d28f6a13d5a3dfc2f0e18f/annotation-jvm-1.10.0.jar because:
[        ]   Build cache is disabled
[        ] Caching disabled for ExtractJniTransform: /home/ubuntu/.gradle/caches/modules-2/files-2.1/org.jetbrains.kotlin/kotlin-parcelize-runtime/1.9.22/de4a21d6560cadd035c69ba3af3ad1afecc95299/kotlin-parcelize-runtime-1.9.22.jar because:
[        ]   Build cache is disabled
[        ] Caching disabled for ExtractJniTransform: /home/ubuntu/.gradle/caches/modules-2/files-2.1/com.squareup.okio/okio-jvm/3.4.0/4e8bd78a52ab935ce383d0092646922154295e54/okio-jvm-3.4.0.jar because:
[        ]   Build cache is disabled
[        ] Caching disabled for ExtractJniTransform: /home/ubuntu/.gradle/caches/modules-2/files-2.1/org.jetbrains.kotlin/kotlin-stdlib-jdk8/1.8.0/ed04f49e186a116753ad70d34f0ac2925d1d8020/kotlin-stdlib-jdk8-1.8.0.jar because:
[        ]   Build cache is disabled
[        ] Caching disabled for ExtractJniTransform: /home/ubuntu/.gradle/caches/modules-2/files-2.1/org.jetbrains.kotlinx/kotlinx-serialization-core-jvm/1.7.3/1f226780b845ff9206474c05159245d861556249/kotlinx-serialization-core-jvm-1.7.3.jar because:
[        ]   Build cache is disabled
[        ] Caching disabled for ExtractJniTransform: /home/ubuntu/.gradle/caches/modules-2/files-2.1/org.jetbrains.kotlin/kotlin-android-extensions-runtime/1.9.22/ee3bc0c3b55cb516ac92d6a093e1b939166b86a2/kotlin-android-extensions-runtime-1.9.22.jar because:
[        ]   Build cache is disabled
[        ] Caching disabled for ExtractJniTransform: /home/ubuntu/.gradle/caches/modules-2/files-2.1/org.jetbrains.kotlin/kotlin-stdlib-jdk7/1.8.0/3c91271347f678c239607abb676d4032a7898427/kotlin-stdlib-jdk7-1.8.0.jar because:
[        ]   Build cache is disabled
[        ] Caching disabled for ExtractJniTransform: /home/ubuntu/.gradle/caches/modules-2/files-2.1/org.jetbrains.kotlin/kotlin-stdlib/2.4.0/4e9f4b531dce5c7dee58ed2de9a8b9a763c8dc6c/kotlin-stdlib-2.4.0.jar because:
[        ]   Build cache is disabled
[        ] Caching disabled for ExtractJniTransform: /home/ubuntu/.gradle/caches/modules-2/files-2.1/io.flutter/arm64_v8a_debug/1.0.0-5d531788691ec3404cac0cee66ead4007b177363/ab58f10700297303092707f7a7cf614c3fbf9190/arm64_v8a_debug-1.0.0-5d531788691ec3404cac0cee66ead4007b177363.jar because:
[        ]   Build cache is disabled
[ +596 ms] Caching disabled for ExtractJniTransform: /home/ubuntu/.gradle/caches/modules-2/files-2.1/org.jetbrains/annotations/23.0.0/8cc20c07506ec18e0834947b84a864bfc094484e/annotations-23.0.0.jar because:
[        ]   Build cache is disabled
[        ] Caching disabled for ExtractJniTransform: /home/ubuntu/.gradle/caches/modules-2/files-2.1/com.google.code.gson/gson/2.13.2/48b8230771e573b54ce6e867a9001e75977fe78e/gson-2.13.2.jar because:
[        ]   Build cache is disabled
[        ] Caching disabled for AarTransform: /home/ubuntu/.gradle/caches/9.3.1/transforms/8ae01703e8ba44e569ce5fa8506d081c/transformed/relinker-1.4.5 because:
[        ]   Build cache is disabled
[        ]   Caching not enabled.
[        ] Caching disabled for ExtractJniTransform: /home/ubuntu/.gradle/caches/modules-2/files-2.1/com.google.guava/listenablefuture/1.0/c949a840a6acbc5268d088e47b04177bf90b3cad/listenablefuture-1.0.jar because:
[        ]   Build cache is disabled
[        ] Caching disabled for ExtractJniTransform: /home/ubuntu/.gradle/caches/modules-2/files-2.1/org.jspecify/jspecify/1.0.0/7425a601c1c7ec76645a78d22b8c6a627edee507/jspecify-1.0.0.jar because:
[        ]   Build cache is disabled
[        ] Caching disabled for ExtractJniTransform: /home/ubuntu/.gradle/caches/modules-2/files-2.1/com.google.errorprone/error_prone_annotations/2.41.0/4381275efdef6ddfae38f002c31e84cd001c97f0/error_prone_annotations-2.41.0.jar because:
[        ]   Build cache is disabled
[        ] Caching disabled for ExtractJniTransform: /home/ubuntu/.gradle/caches/modules-2/files-2.1/com.google.code.findbugs/jsr305/3.0.2/25ea2e8b0c338a877313bd4672d3fe056ea78f0d/jsr305-3.0.2.jar because:
[        ]   Build cache is disabled
[        ] Caching disabled for ExtractJniTransform: /home/ubuntu/.gradle/caches/modules-2/files-2.1/io.flutter/flutter_embedding_debug/1.0.0-5d531788691ec3404cac0cee66ead4007b177363/9b59f0065003a12551efa35826efc9c0570e45da/flutter_embedding_debug-1.0.0-5d531788691ec3404cac0cee66ead4007b177363.jar because:
[        ]   Build cache is disabled
[        ] Caching disabled for task ':app:mergeDebugNativeLibs' because:
[        ]   Build cache is disabled
[        ]   Caching has been disabled for the task
[        ] Task ':app:mergeDebugNativeLibs' is not up-to-date because:
[        ]   No history is available.
[+1199 ms] Resolve mutations for :app:stripDebugDebugSymbols (Thread[#55,included builds,5,main]) started.
[        ] :app:stripDebugDebugSymbols (Thread[#55,included builds,5,main]) started.
[ +399 ms] > Task :app:stripDebugDebugSymbols
[        ] Caching disabled for task ':app:stripDebugDebugSymbols' because:
[        ]   Build cache is disabled
[        ]   Caching has been disabled for the task
[        ] Task ':app:stripDebugDebugSymbols' is not up-to-date because:
[        ]   No history is available.
[        ] The input changes require a full rebuild for incremental task ':app:stripDebugDebugSymbols'.
[        ] C/C++: android.ndkVersion from module build.gradle is [28.2.13676358]
[        ] C/C++: android.ndkPath from module build.gradle is not set
[        ] C/C++: ndk.dir in local.properties is not set
[        ] C/C++: Not considering ANDROID_NDK_HOME because support was removed after deprecation period.
[        ] C/C++: sdkFolder is /home/ubuntu/android-sdk
[        ] Starting process 'command '/home/ubuntu/android-sdk/ndk/28.2.13676358/toolchains/llvm/prebuilt/linux-x86_64/bin/llvm-strip''. Working directory: /home/ubuntu/FFM-source-2d123ad-v67/android/app Command: /home/ubuntu/android-sdk/ndk/28.2.13676358/toolchains/llvm/prebuilt/linux-x86_64/bin/llvm-strip --strip-unneeded -o /home/ubuntu/FFM-source-2d123ad-v67/build/app/intermediates/stripped_native_libs/debug/stripDebugDebugSymbols/out/lib/arm64-v8a/libdartjni.so /home/ubuntu/FFM-source-2d123ad-v67/build/app/intermediates/merged_native_libs/debug/mergeDebugNativeLibs/out/lib/arm64-v8a/libdartjni.so
[        ] Successfully started process 'command '/home/ubuntu/android-sdk/ndk/28.2.13676358/toolchains/llvm/prebuilt/linux-x86_64/bin/llvm-strip''
[        ] C/C++: android.ndkVersion from module build.gradle is [28.2.13676358]
[        ] C/C++: android.ndkPath from module build.gradle is not set
[        ] C/C++: ndk.dir in local.properties is not set
[        ] C/C++: Not considering ANDROID_NDK_HOME because support was removed after deprecation period.
[        ] C/C++: sdkFolder is /home/ubuntu/android-sdk
[        ] Starting process 'command '/home/ubuntu/android-sdk/ndk/28.2.13676358/toolchains/llvm/prebuilt/linux-x86_64/bin/llvm-strip''. Working directory: /home/ubuntu/FFM-source-2d123ad-v67/android/app Command: /home/ubuntu/android-sdk/ndk/28.2.13676358/toolchains/llvm/prebuilt/linux-x86_64/bin/llvm-strip --strip-unneeded -o /home/ubuntu/FFM-source-2d123ad-v67/build/app/intermediates/stripped_native_libs/debug/stripDebugDebugSymbols/out/lib/arm64-v8a/libdatastore_shared_counter.so /home/ubuntu/FFM-source-2d123ad-v67/build/app/intermediates/merged_native_libs/debug/mergeDebugNativeLibs/out/lib/arm64-v8a/libdatastore_shared_counter.so
[        ] Successfully started process 'command '/home/ubuntu/android-sdk/ndk/28.2.13676358/toolchains/llvm/prebuilt/linux-x86_64/bin/llvm-strip''
[        ] C/C++: android.ndkVersion from module build.gradle is [28.2.13676358]
[        ] C/C++: android.ndkPath from module build.gradle is not set
[        ] C/C++: ndk.dir in local.properties is not set
[        ] C/C++: Not considering ANDROID_NDK_HOME because support was removed after deprecation period.
[        ] C/C++: sdkFolder is /home/ubuntu/android-sdk
[        ] Starting process 'command '/home/ubuntu/android-sdk/ndk/28.2.13676358/toolchains/llvm/prebuilt/linux-x86_64/bin/llvm-strip''. Working directory: /home/ubuntu/FFM-source-2d123ad-v67/android/app Command: /home/ubuntu/android-sdk/ndk/28.2.13676358/toolchains/llvm/prebuilt/linux-x86_64/bin/llvm-strip --strip-unneeded -o /home/ubuntu/FFM-source-2d123ad-v67/build/app/intermediates/stripped_native_libs/debug/stripDebugDebugSymbols/out/lib/arm64-v8a/libflutter.so /home/ubuntu/FFM-source-2d123ad-v67/build/app/intermediates/merged_native_libs/debug/mergeDebugNativeLibs/out/lib/arm64-v8a/libflutter.so
[        ] Successfully started process 'command '/home/ubuntu/android-sdk/ndk/28.2.13676358/toolchains/llvm/prebuilt/linux-x86_64/bin/llvm-strip''
[        ] C/C++: android.ndkVersion from module build.gradle is [28.2.13676358]
[        ] C/C++: android.ndkPath from module build.gradle is not set
[        ] C/C++: ndk.dir in local.properties is not set
[        ] C/C++: Not considering ANDROID_NDK_HOME because support was removed after deprecation period.
[        ] C/C++: sdkFolder is /home/ubuntu/android-sdk
[        ] Starting process 'command '/home/ubuntu/android-sdk/ndk/28.2.13676358/toolchains/llvm/prebuilt/linux-x86_64/bin/llvm-strip''. Working directory: /home/ubuntu/FFM-source-2d123ad-v67/android/app Command: /home/ubuntu/android-sdk/ndk/28.2.13676358/toolchains/llvm/prebuilt/linux-x86_64/bin/llvm-strip --strip-unneeded -o /home/ubuntu/FFM-source-2d123ad-v67/build/app/intermediates/stripped_native_libs/debug/stripDebugDebugSymbols/out/lib/arm64-v8a/libggml-base.so /home/ubuntu/FFM-source-2d123ad-v67/build/app/intermediates/merged_native_libs/debug/mergeDebugNativeLibs/out/lib/arm64-v8a/libggml-base.so
[        ] Successfully started process 'command '/home/ubuntu/android-sdk/ndk/28.2.13676358/toolchains/llvm/prebuilt/linux-x86_64/bin/llvm-strip''
[        ] C/C++: android.ndkVersion from module build.gradle is [28.2.13676358]
[        ] C/C++: android.ndkPath from module build.gradle is not set
[        ] C/C++: ndk.dir in local.properties is not set
[        ] C/C++: Not considering ANDROID_NDK_HOME because support was removed after deprecation period.
[        ] C/C++: sdkFolder is /home/ubuntu/android-sdk
[        ] Starting process 'command '/home/ubuntu/android-sdk/ndk/28.2.13676358/toolchains/llvm/prebuilt/linux-x86_64/bin/llvm-strip''. Working directory: /home/ubuntu/FFM-source-2d123ad-v67/android/app Command: /home/ubuntu/android-sdk/ndk/28.2.13676358/toolchains/llvm/prebuilt/linux-x86_64/bin/llvm-strip --strip-unneeded -o /home/ubuntu/FFM-source-2d123ad-v67/build/app/intermediates/stripped_native_libs/debug/stripDebugDebugSymbols/out/lib/arm64-v8a/libggml-cpu.so /home/ubuntu/FFM-source-2d123ad-v67/build/app/intermediates/merged_native_libs/debug/mergeDebugNativeLibs/out/lib/arm64-v8a/libggml-cpu.so
[        ] Successfully started process 'command '/home/ubuntu/android-sdk/ndk/28.2.13676358/toolchains/llvm/prebuilt/linux-x86_64/bin/llvm-strip''
[        ] C/C++: android.ndkVersion from module build.gradle is [28.2.13676358]
[        ] C/C++: android.ndkPath from module build.gradle is not set
[        ] C/C++: ndk.dir in local.properties is not set
[        ] C/C++: Not considering ANDROID_NDK_HOME because support was removed after deprecation period.
[        ] C/C++: sdkFolder is /home/ubuntu/android-sdk
[        ] Starting process 'command '/home/ubuntu/android-sdk/ndk/28.2.13676358/toolchains/llvm/prebuilt/linux-x86_64/bin/llvm-strip''. Working directory: /home/ubuntu/FFM-source-2d123ad-v67/android/app Command: /home/ubuntu/android-sdk/ndk/28.2.13676358/toolchains/llvm/prebuilt/linux-x86_64/bin/llvm-strip --strip-unneeded -o /home/ubuntu/FFM-source-2d123ad-v67/build/app/intermediates/stripped_native_libs/debug/stripDebugDebugSymbols/out/lib/arm64-v8a/libggml.so /home/ubuntu/FFM-source-2d123ad-v67/build/app/intermediates/merged_native_libs/debug/mergeDebugNativeLibs/out/lib/arm64-v8a/libggml.so
[        ] Successfully started process 'command '/home/ubuntu/android-sdk/ndk/28.2.13676358/toolchains/llvm/prebuilt/linux-x86_64/bin/llvm-strip''
[        ] C/C++: android.ndkVersion from module build.gradle is [28.2.13676358]
[        ] C/C++: android.ndkPath from module build.gradle is not set
[        ] C/C++: ndk.dir in local.properties is not set
[        ] C/C++: Not considering ANDROID_NDK_HOME because support was removed after deprecation period.
[        ] C/C++: sdkFolder is /home/ubuntu/android-sdk
[        ] Starting process 'command '/home/ubuntu/android-sdk/ndk/28.2.13676358/toolchains/llvm/prebuilt/linux-x86_64/bin/llvm-strip''. Working directory: /home/ubuntu/FFM-source-2d123ad-v67/android/app Command: /home/ubuntu/android-sdk/ndk/28.2.13676358/toolchains/llvm/prebuilt/linux-x86_64/bin/llvm-strip --strip-unneeded -o /home/ubuntu/FFM-source-2d123ad-v67/build/app/intermediates/stripped_native_libs/debug/stripDebugDebugSymbols/out/lib/arm64-v8a/libparakeet.so /home/ubuntu/FFM-source-2d123ad-v67/build/app/intermediates/merged_native_libs/debug/mergeDebugNativeLibs/out/lib/arm64-v8a/libparakeet.so
[        ] Successfully started process 'command '/home/ubuntu/android-sdk/ndk/28.2.13676358/toolchains/llvm/prebuilt/linux-x86_64/bin/llvm-strip''
[        ] C/C++: android.ndkVersion from module build.gradle is [28.2.13676358]
[        ] C/C++: android.ndkPath from module build.gradle is not set
[        ] C/C++: ndk.dir in local.properties is not set
[        ] C/C++: Not considering ANDROID_NDK_HOME because support was removed after deprecation period.
[        ] C/C++: sdkFolder is /home/ubuntu/android-sdk
[        ] Starting process 'command '/home/ubuntu/android-sdk/ndk/28.2.13676358/toolchains/llvm/prebuilt/linux-x86_64/bin/llvm-strip''. Working directory: /home/ubuntu/FFM-source-2d123ad-v67/android/app Command: /home/ubuntu/android-sdk/ndk/28.2.13676358/toolchains/llvm/prebuilt/linux-x86_64/bin/llvm-strip --strip-unneeded -o /home/ubuntu/FFM-source-2d123ad-v67/build/app/intermediates/stripped_native_libs/debug/stripDebugDebugSymbols/out/lib/arm64-v8a/libsqlite3mc.so /home/ubuntu/FFM-source-2d123ad-v67/build/app/intermediates/merged_native_libs/debug/mergeDebugNativeLibs/out/lib/arm64-v8a/libsqlite3mc.so
[        ] Successfully started process 'command '/home/ubuntu/android-sdk/ndk/28.2.13676358/toolchains/llvm/prebuilt/linux-x86_64/bin/llvm-strip''
[        ] C/C++: android.ndkVersion from module build.gradle is [28.2.13676358]
[        ] C/C++: android.ndkPath from module build.gradle is not set
[        ] C/C++: ndk.dir in local.properties is not set
[        ] C/C++: Not considering ANDROID_NDK_HOME because support was removed after deprecation period.
[        ] C/C++: sdkFolder is /home/ubuntu/android-sdk
[        ] Starting process 'command '/home/ubuntu/android-sdk/ndk/28.2.13676358/toolchains/llvm/prebuilt/linux-x86_64/bin/llvm-strip''. Working directory: /home/ubuntu/FFM-source-2d123ad-v67/android/app Command: /home/ubuntu/android-sdk/ndk/28.2.13676358/toolchains/llvm/prebuilt/linux-x86_64/bin/llvm-strip --strip-unneeded -o /home/ubuntu/FFM-source-2d123ad-v67/build/app/intermediates/stripped_native_libs/debug/stripDebugDebugSymbols/out/lib/arm64-v8a/libVkLayer_khronos_validation.so /home/ubuntu/FFM-source-2d123ad-v67/build/app/intermediates/merged_native_libs/debug/mergeDebugNativeLibs/out/lib/arm64-v8a/libVkLayer_khronos_validation.so
[        ] Successfully started process 'command '/home/ubuntu/android-sdk/ndk/28.2.13676358/toolchains/llvm/prebuilt/linux-x86_64/bin/llvm-strip''
[        ] C/C++: android.ndkVersion from module build.gradle is [28.2.13676358]
[        ] C/C++: android.ndkPath from module build.gradle is not set
[        ] C/C++: ndk.dir in local.properties is not set
[        ] C/C++: Not considering ANDROID_NDK_HOME because support was removed after deprecation period.
[        ] C/C++: sdkFolder is /home/ubuntu/android-sdk
[        ] Starting process 'command '/home/ubuntu/android-sdk/ndk/28.2.13676358/toolchains/llvm/prebuilt/linux-x86_64/bin/llvm-strip''. Working directory: /home/ubuntu/FFM-source-2d123ad-v67/android/app Command: /home/ubuntu/android-sdk/ndk/28.2.13676358/toolchains/llvm/prebuilt/linux-x86_64/bin/llvm-strip --strip-unneeded -o /home/ubuntu/FFM-source-2d123ad-v67/build/app/intermediates/stripped_native_libs/debug/stripDebugDebugSymbols/out/lib/arm64-v8a/libwhisper.so /home/ubuntu/FFM-source-2d123ad-v67/build/app/intermediates/merged_native_libs/debug/mergeDebugNativeLibs/out/lib/arm64-v8a/libwhisper.so
[        ] Successfully started process 'command '/home/ubuntu/android-sdk/ndk/28.2.13676358/toolchains/llvm/prebuilt/linux-x86_64/bin/llvm-strip''
[        ] C/C++: android.ndkVersion from module build.gradle is [28.2.13676358]
[        ] C/C++: android.ndkPath from module build.gradle is not set
[        ] C/C++: ndk.dir in local.properties is not set
[        ] C/C++: Not considering ANDROID_NDK_HOME because support was removed after deprecation period.
[        ] C/C++: sdkFolder is /home/ubuntu/android-sdk
[        ] Starting process 'command '/home/ubuntu/android-sdk/ndk/28.2.13676358/toolchains/llvm/prebuilt/linux-x86_64/bin/llvm-strip''. Working directory: /home/ubuntu/FFM-source-2d123ad-v67/android/app Command: /home/ubuntu/android-sdk/ndk/28.2.13676358/toolchains/llvm/prebuilt/linux-x86_64/bin/llvm-strip --strip-unneeded -o /home/ubuntu/FFM-source-2d123ad-v67/build/app/intermediates/stripped_native_libs/debug/stripDebugDebugSymbols/out/lib/arm64-v8a/libwhisper_flutter.so /home/ubuntu/FFM-source-2d123ad-v67/build/app/intermediates/merged_native_libs/debug/mergeDebugNativeLibs/out/lib/arm64-v8a/libwhisper_flutter.so
[        ] Successfully started process 'command '/home/ubuntu/android-sdk/ndk/28.2.13676358/toolchains/llvm/prebuilt/linux-x86_64/bin/llvm-strip''
[        ] C/C++: android.ndkVersion from module build.gradle is [28.2.13676358]
[        ] C/C++: android.ndkPath from module build.gradle is not set
[        ] C/C++: ndk.dir in local.properties is not set
[        ] C/C++: Not considering ANDROID_NDK_HOME because support was removed after deprecation period.
[        ] C/C++: sdkFolder is /home/ubuntu/android-sdk
[        ] Starting process 'command '/home/ubuntu/android-sdk/ndk/28.2.13676358/toolchains/llvm/prebuilt/linux-x86_64/bin/llvm-strip''. Working directory: /home/ubuntu/FFM-source-2d123ad-v67/android/app Command: /home/ubuntu/android-sdk/ndk/28.2.13676358/toolchains/llvm/prebuilt/linux-x86_64/bin/llvm-strip --strip-unneeded -o /home/ubuntu/FFM-source-2d123ad-v67/build/app/intermediates/stripped_native_libs/debug/stripDebugDebugSymbols/out/lib/armeabi-v7a/libdartjni.so /home/ubuntu/FFM-source-2d123ad-v67/build/app/intermediates/merged_native_libs/debug/mergeDebugNativeLibs/out/lib/armeabi-v7a/libdartjni.so
[        ] Successfully started process 'command '/home/ubuntu/android-sdk/ndk/28.2.13676358/toolchains/llvm/prebuilt/linux-x86_64/bin/llvm-strip''
[        ] C/C++: android.ndkVersion from module build.gradle is [28.2.13676358]
[        ] C/C++: android.ndkPath from module build.gradle is not set
[        ] C/C++: ndk.dir in local.properties is not set
[        ] C/C++: Not considering ANDROID_NDK_HOME because support was removed after deprecation period.
[        ] C/C++: sdkFolder is /home/ubuntu/android-sdk
[        ] Starting process 'command '/home/ubuntu/android-sdk/ndk/28.2.13676358/toolchains/llvm/prebuilt/linux-x86_64/bin/llvm-strip''. Working directory: /home/ubuntu/FFM-source-2d123ad-v67/android/app Command: /home/ubuntu/android-sdk/ndk/28.2.13676358/toolchains/llvm/prebuilt/linux-x86_64/bin/llvm-strip --strip-unneeded -o /home/ubuntu/FFM-source-2d123ad-v67/build/app/intermediates/stripped_native_libs/debug/stripDebugDebugSymbols/out/lib/armeabi-v7a/libdatastore_shared_counter.so /home/ubuntu/FFM-source-2d123ad-v67/build/app/intermediates/merged_native_libs/debug/mergeDebugNativeLibs/out/lib/armeabi-v7a/libdatastore_shared_counter.so
[        ] Successfully started process 'command '/home/ubuntu/android-sdk/ndk/28.2.13676358/toolchains/llvm/prebuilt/linux-x86_64/bin/llvm-strip''
[        ] C/C++: android.ndkVersion from module build.gradle is [28.2.13676358]
[        ] C/C++: android.ndkPath from module build.gradle is not set
[        ] C/C++: ndk.dir in local.properties is not set
[        ] C/C++: Not considering ANDROID_NDK_HOME because support was removed after deprecation period.
[        ] C/C++: sdkFolder is /home/ubuntu/android-sdk
[        ] Starting process 'command '/home/ubuntu/android-sdk/ndk/28.2.13676358/toolchains/llvm/prebuilt/linux-x86_64/bin/llvm-strip''. Working directory: /home/ubuntu/FFM-source-2d123ad-v67/android/app Command: /home/ubuntu/android-sdk/ndk/28.2.13676358/toolchains/llvm/prebuilt/linux-x86_64/bin/llvm-strip --strip-unneeded -o /home/ubuntu/FFM-source-2d123ad-v67/build/app/intermediates/stripped_native_libs/debug/stripDebugDebugSymbols/out/lib/armeabi-v7a/libggml-base.so /home/ubuntu/FFM-source-2d123ad-v67/build/app/intermediates/merged_native_libs/debug/mergeDebugNativeLibs/out/lib/armeabi-v7a/libggml-base.so
[        ] Successfully started process 'command '/home/ubuntu/android-sdk/ndk/28.2.13676358/toolchains/llvm/prebuilt/linux-x86_64/bin/llvm-strip''
[        ] C/C++: android.ndkVersion from module build.gradle is [28.2.13676358]
[        ] C/C++: android.ndkPath from module build.gradle is not set
[        ] C/C++: ndk.dir in local.properties is not set
[        ] C/C++: Not considering ANDROID_NDK_HOME because support was removed after deprecation period.
[        ] C/C++: sdkFolder is /home/ubuntu/android-sdk
[        ] Starting process 'command '/home/ubuntu/android-sdk/ndk/28.2.13676358/toolchains/llvm/prebuilt/linux-x86_64/bin/llvm-strip''. Working directory: /home/ubuntu/FFM-source-2d123ad-v67/android/app Command: /home/ubuntu/android-sdk/ndk/28.2.13676358/toolchains/llvm/prebuilt/linux-x86_64/bin/llvm-strip --strip-unneeded -o /home/ubuntu/FFM-source-2d123ad-v67/build/app/intermediates/stripped_native_libs/debug/stripDebugDebugSymbols/out/lib/armeabi-v7a/libggml-cpu.so /home/ubuntu/FFM-source-2d123ad-v67/build/app/intermediates/merged_native_libs/debug/mergeDebugNativeLibs/out/lib/armeabi-v7a/libggml-cpu.so
[        ] Successfully started process 'command '/home/ubuntu/android-sdk/ndk/28.2.13676358/toolchains/llvm/prebuilt/linux-x86_64/bin/llvm-strip''
[        ] C/C++: android.ndkVersion from module build.gradle is [28.2.13676358]
[        ] C/C++: android.ndkPath from module build.gradle is not set
[        ] C/C++: ndk.dir in local.properties is not set
[        ] C/C++: Not considering ANDROID_NDK_HOME because support was removed after deprecation period.
[        ] C/C++: sdkFolder is /home/ubuntu/android-sdk
[        ] Starting process 'command '/home/ubuntu/android-sdk/ndk/28.2.13676358/toolchains/llvm/prebuilt/linux-x86_64/bin/llvm-strip''. Working directory: /home/ubuntu/FFM-source-2d123ad-v67/android/app Command: /home/ubuntu/android-sdk/ndk/28.2.13676358/toolchains/llvm/prebuilt/linux-x86_64/bin/llvm-strip --strip-unneeded -o /home/ubuntu/FFM-source-2d123ad-v67/build/app/intermediates/stripped_native_libs/debug/stripDebugDebugSymbols/out/lib/armeabi-v7a/libggml.so /home/ubuntu/FFM-source-2d123ad-v67/build/app/intermediates/merged_native_libs/debug/mergeDebugNativeLibs/out/lib/armeabi-v7a/libggml.so
[        ] Successfully started process 'command '/home/ubuntu/android-sdk/ndk/28.2.13676358/toolchains/llvm/prebuilt/linux-x86_64/bin/llvm-strip''
[        ] C/C++: android.ndkVersion from module build.gradle is [28.2.13676358]
[        ] C/C++: android.ndkPath from module build.gradle is not set
[        ] C/C++: ndk.dir in local.properties is not set
[        ] C/C++: Not considering ANDROID_NDK_HOME because support was removed after deprecation period.
[        ] C/C++: sdkFolder is /home/ubuntu/android-sdk
[        ] Starting process 'command '/home/ubuntu/android-sdk/ndk/28.2.13676358/toolchains/llvm/prebuilt/linux-x86_64/bin/llvm-strip''. Working directory: /home/ubuntu/FFM-source-2d123ad-v67/android/app Command: /home/ubuntu/android-sdk/ndk/28.2.13676358/toolchains/llvm/prebuilt/linux-x86_64/bin/llvm-strip --strip-unneeded -o /home/ubuntu/FFM-source-2d123ad-v67/build/app/intermediates/stripped_native_libs/debug/stripDebugDebugSymbols/out/lib/armeabi-v7a/libparakeet.so /home/ubuntu/FFM-source-2d123ad-v67/build/app/intermediates/merged_native_libs/debug/mergeDebugNativeLibs/out/lib/armeabi-v7a/libparakeet.so
[        ] Successfully started process 'command '/home/ubuntu/android-sdk/ndk/28.2.13676358/toolchains/llvm/prebuilt/linux-x86_64/bin/llvm-strip''
[        ] C/C++: android.ndkVersion from module build.gradle is [28.2.13676358]
[        ] C/C++: android.ndkPath from module build.gradle is not set
[        ] C/C++: ndk.dir in local.properties is not set
[        ] C/C++: Not considering ANDROID_NDK_HOME because support was removed after deprecation period.
[        ] C/C++: sdkFolder is /home/ubuntu/android-sdk
[        ] Starting process 'command '/home/ubuntu/android-sdk/ndk/28.2.13676358/toolchains/llvm/prebuilt/linux-x86_64/bin/llvm-strip''. Working directory: /home/ubuntu/FFM-source-2d123ad-v67/android/app Command: /home/ubuntu/android-sdk/ndk/28.2.13676358/toolchains/llvm/prebuilt/linux-x86_64/bin/llvm-strip --strip-unneeded -o /home/ubuntu/FFM-source-2d123ad-v67/build/app/intermediates/stripped_native_libs/debug/stripDebugDebugSymbols/out/lib/armeabi-v7a/libwhisper.so /home/ubuntu/FFM-source-2d123ad-v67/build/app/intermediates/merged_native_libs/debug/mergeDebugNativeLibs/out/lib/armeabi-v7a/libwhisper.so
[        ] Successfully started process 'command '/home/ubuntu/android-sdk/ndk/28.2.13676358/toolchains/llvm/prebuilt/linux-x86_64/bin/llvm-strip''
[        ] C/C++: android.ndkVersion from module build.gradle is [28.2.13676358]
[        ] C/C++: android.ndkPath from module build.gradle is not set
[        ] C/C++: ndk.dir in local.properties is not set
[        ] C/C++: Not considering ANDROID_NDK_HOME because support was removed after deprecation period.
[        ] C/C++: sdkFolder is /home/ubuntu/android-sdk
[        ] Starting process 'command '/home/ubuntu/android-sdk/ndk/28.2.13676358/toolchains/llvm/prebuilt/linux-x86_64/bin/llvm-strip''. Working directory: /home/ubuntu/FFM-source-2d123ad-v67/android/app Command: /home/ubuntu/android-sdk/ndk/28.2.13676358/toolchains/llvm/prebuilt/linux-x86_64/bin/llvm-strip --strip-unneeded -o /home/ubuntu/FFM-source-2d123ad-v67/build/app/intermediates/stripped_native_libs/debug/stripDebugDebugSymbols/out/lib/armeabi-v7a/libwhisper_flutter.so /home/ubuntu/FFM-source-2d123ad-v67/build/app/intermediates/merged_native_libs/debug/mergeDebugNativeLibs/out/lib/armeabi-v7a/libwhisper_flutter.so
[        ] Successfully started process 'command '/home/ubuntu/android-sdk/ndk/28.2.13676358/toolchains/llvm/prebuilt/linux-x86_64/bin/llvm-strip''
[        ] C/C++: android.ndkVersion from module build.gradle is [28.2.13676358]
[        ] C/C++: android.ndkPath from module build.gradle is not set
[        ] C/C++: ndk.dir in local.properties is not set
[        ] C/C++: Not considering ANDROID_NDK_HOME because support was removed after deprecation period.
[        ] C/C++: sdkFolder is /home/ubuntu/android-sdk
[        ] Starting process 'command '/home/ubuntu/android-sdk/ndk/28.2.13676358/toolchains/llvm/prebuilt/linux-x86_64/bin/llvm-strip''. Working directory: /home/ubuntu/FFM-source-2d123ad-v67/android/app Command: /home/ubuntu/android-sdk/ndk/28.2.13676358/toolchains/llvm/prebuilt/linux-x86_64/bin/llvm-strip --strip-unneeded -o /home/ubuntu/FFM-source-2d123ad-v67/build/app/intermediates/stripped_native_libs/debug/stripDebugDebugSymbols/out/lib/x86/libdartjni.so /home/ubuntu/FFM-source-2d123ad-v67/build/app/intermediates/merged_native_libs/debug/mergeDebugNativeLibs/out/lib/x86/libdartjni.so
[        ] Successfully started process 'command '/home/ubuntu/android-sdk/ndk/28.2.13676358/toolchains/llvm/prebuilt/linux-x86_64/bin/llvm-strip''
[        ] C/C++: android.ndkVersion from module build.gradle is [28.2.13676358]
[        ] C/C++: android.ndkPath from module build.gradle is not set
[        ] C/C++: ndk.dir in local.properties is not set
[        ] C/C++: Not considering ANDROID_NDK_HOME because support was removed after deprecation period.
[        ] C/C++: sdkFolder is /home/ubuntu/android-sdk
[        ] Starting process 'command '/home/ubuntu/android-sdk/ndk/28.2.13676358/toolchains/llvm/prebuilt/linux-x86_64/bin/llvm-strip''. Working directory: /home/ubuntu/FFM-source-2d123ad-v67/android/app Command: /home/ubuntu/android-sdk/ndk/28.2.13676358/toolchains/llvm/prebuilt/linux-x86_64/bin/llvm-strip --strip-unneeded -o /home/ubuntu/FFM-source-2d123ad-v67/build/app/intermediates/stripped_native_libs/debug/stripDebugDebugSymbols/out/lib/x86/libdatastore_shared_counter.so /home/ubuntu/FFM-source-2d123ad-v67/build/app/intermediates/merged_native_libs/debug/mergeDebugNativeLibs/out/lib/x86/libdatastore_shared_counter.so
[        ] Successfully started process 'command '/home/ubuntu/android-sdk/ndk/28.2.13676358/toolchains/llvm/prebuilt/linux-x86_64/bin/llvm-strip''
[        ] C/C++: android.ndkVersion from module build.gradle is [28.2.13676358]
[        ] C/C++: android.ndkPath from module build.gradle is not set
[        ] C/C++: ndk.dir in local.properties is not set
[        ] C/C++: Not considering ANDROID_NDK_HOME because support was removed after deprecation period.
[        ] C/C++: sdkFolder is /home/ubuntu/android-sdk
[        ] Starting process 'command '/home/ubuntu/android-sdk/ndk/28.2.13676358/toolchains/llvm/prebuilt/linux-x86_64/bin/llvm-strip''. Working directory: /home/ubuntu/FFM-source-2d123ad-v67/android/app Command: /home/ubuntu/android-sdk/ndk/28.2.13676358/toolchains/llvm/prebuilt/linux-x86_64/bin/llvm-strip --strip-unneeded -o /home/ubuntu/FFM-source-2d123ad-v67/build/app/intermediates/stripped_native_libs/debug/stripDebugDebugSymbols/out/lib/x86_64/libdartjni.so /home/ubuntu/FFM-source-2d123ad-v67/build/app/intermediates/merged_native_libs/debug/mergeDebugNativeLibs/out/lib/x86_64/libdartjni.so
[        ] Successfully started process 'command '/home/ubuntu/android-sdk/ndk/28.2.13676358/toolchains/llvm/prebuilt/linux-x86_64/bin/llvm-strip''
[        ] C/C++: android.ndkVersion from module build.gradle is [28.2.13676358]
[        ] C/C++: android.ndkPath from module build.gradle is not set
[        ] C/C++: ndk.dir in local.properties is not set
[        ] C/C++: Not considering ANDROID_NDK_HOME because support was removed after deprecation period.
[        ] C/C++: sdkFolder is /home/ubuntu/android-sdk
[        ] Starting process 'command '/home/ubuntu/android-sdk/ndk/28.2.13676358/toolchains/llvm/prebuilt/linux-x86_64/bin/llvm-strip''. Working directory: /home/ubuntu/FFM-source-2d123ad-v67/android/app Command: /home/ubuntu/android-sdk/ndk/28.2.13676358/toolchains/llvm/prebuilt/linux-x86_64/bin/llvm-strip --strip-unneeded -o /home/ubuntu/FFM-source-2d123ad-v67/build/app/intermediates/stripped_native_libs/debug/stripDebugDebugSymbols/out/lib/x86_64/libdatastore_shared_counter.so /home/ubuntu/FFM-source-2d123ad-v67/build/app/intermediates/merged_native_libs/debug/mergeDebugNativeLibs/out/lib/x86_64/libdatastore_shared_counter.so
[        ] Successfully started process 'command '/home/ubuntu/android-sdk/ndk/28.2.13676358/toolchains/llvm/prebuilt/linux-x86_64/bin/llvm-strip''
[        ] Resolve mutations for :app:validateSigningDebug (Thread[#55,included builds,5,main]) started.
[        ] :app:validateSigningDebug (Thread[#55,included builds,5,main]) started.
[ +296 ms] > Task :app:validateSigningDebug
[        ] Caching disabled for task ':app:validateSigningDebug' because:
[        ]   Build cache is disabled
[        ]   Caching has been disabled for the task
[        ] Task ':app:validateSigningDebug' is not up-to-date because:
[        ]   Task.upToDateWhen is false.
[        ] Creating default debug keystore at /home/ubuntu/.android/debug.keystore
[        ] Resolve mutations for :app:writeDebugAppMetadata (Thread[#55,included builds,5,main]) started.
[        ] :app:writeDebugAppMetadata (Thread[#55,included builds,5,main]) started.
[        ] > Task :app:writeDebugAppMetadata
[        ] Caching disabled for task ':app:writeDebugAppMetadata' because:
[        ]   Build cache is disabled
[        ]   Caching has been disabled for the task
[        ] Task ':app:writeDebugAppMetadata' is not up-to-date because:
[        ]   No history is available.
[        ] Resolve mutations for :app:writeDebugSigningConfigVersions (Thread[#55,included builds,5,main]) started.
[        ] :app:writeDebugSigningConfigVersions (Thread[#55,included builds,5,main]) started.
[  +99 ms] > Task :app:writeDebugSigningConfigVersions
[        ] Caching disabled for task ':app:writeDebugSigningConfigVersions' because:
[        ]   Build cache is disabled
[        ]   Caching has been disabled for the task
[        ] Task ':app:writeDebugSigningConfigVersions' is not up-to-date because:
[        ]   No history is available.
[        ] Resolve mutations for :app:packageDebug (Thread[#55,included builds,5,main]) started.
[        ] :app:packageDebug (Thread[#55,included builds,5,main]) started.
[ +499 ms] > Task :app:packageDebug
[        ] Custom actions are attached to task ':app:packageDebug'.
[        ] Caching disabled for task ':app:packageDebug' because:
[        ]   Build cache is disabled
[        ]   Caching has been disabled for the task
[        ] Task ':app:packageDebug' is not up-to-date because:
[        ]   No history is available.
[        ] The input changes require a full rebuild for incremental task ':app:packageDebug'.
[        ] Resolve mutations for :app:createDebugApkListingFileRedirect (Thread[#55,included builds,5,main]) started.
[        ] :app:createDebugApkListingFileRedirect (Thread[#55,included builds,5,main]) started.
[        ] > Task :app:createDebugApkListingFileRedirect
[        ] Caching disabled for task ':app:createDebugApkListingFileRedirect' because:
[        ]   Build cache is disabled
[        ]   Caching has been disabled for the task
[        ] Task ':app:createDebugApkListingFileRedirect' is not up-to-date because:
[        ]   No history is available.
[        ] Resolve mutations for :app:assembleDebug (Thread[#55,included builds,5,main]) started.
[        ] :app:assembleDebug (Thread[#55,included builds,5,main]) started.
[  +99 ms] > Task :app:assembleDebug
[        ] Caching disabled for task ':app:assembleDebug' because:
[        ]   Build cache is disabled
[        ] Task ':app:assembleDebug' is not up-to-date because:
[        ]   Task has not declared any outputs despite executing actions.
[        ] Resolve mutations for :flutter_local_notifications:checkDebugAarMetadata (Thread[#55,included builds,5,main]) started.
[        ] :flutter_local_notifications:checkDebugAarMetadata (Thread[#55,included builds,5,main]) started.
[+1099 ms] > Task :flutter_local_notifications:checkDebugAarMetadata
[        ] Downloading https://dl.google.com/dl/android/maven2/androidx/profileinstaller/profileinstaller/1.3.0/profileinstaller-1.3.0.pom to /home/ubuntu/.gradle/.tmp/gradle_download14733990988379538372bin
[        ] Downloading https://dl.google.com/dl/android/maven2/androidx/profileinstaller/profileinstaller/1.3.0/profileinstaller-1.3.0.module to /home/ubuntu/.gradle/.tmp/gradle_download4889427128385163205bin
[        ] Downloading https://dl.google.com/dl/android/maven2/androidx/core/core-ktx/1.13.1/core-ktx-1.13.1.pom to /home/ubuntu/.gradle/.tmp/gradle_download11914680624598371346bin
[        ] Downloading https://dl.google.com/dl/android/maven2/androidx/core/core-ktx/1.13.1/core-ktx-1.13.1.module to /home/ubuntu/.gradle/.tmp/gradle_download1984679183521838756bin
[        ] Caching disabled for ExtractAarTransform: /home/ubuntu/.gradle/caches/modules-2/files-2.1/androidx.lifecycle/lifecycle-livedata/2.7.0/42ad14e1ee00719636e31a36e8cd50d7ce5c45c6/lifecycle-livedata-2.7.0.aar because:
[        ]   Build cache is disabled
[        ]   Caching not enabled.
[        ] Caching disabled for AarTransform: /home/ubuntu/.gradle/caches/9.3.1/transforms/1ff99216ea621199391367349185a5c0/transformed/lifecycle-livedata-2.7.0 because:
[        ]   Build cache is disabled
[        ]   Caching not enabled.
[        ] Caching disabled for ExtractAarTransform: /home/ubuntu/.gradle/caches/modules-2/files-2.1/androidx.lifecycle/lifecycle-viewmodel/2.7.0/ea64fb2e504d200f2b7f03c76f51edd7e9ef62a9/lifecycle-viewmodel-2.7.0.aar because:
[        ]   Build cache is disabled
[        ]   Caching not enabled.
[        ] Caching disabled for AarTransform: /home/ubuntu/.gradle/caches/9.3.1/transforms/516b6a68a64c500f5e831b94e32b4b7c/transformed/lifecycle-viewmodel-2.7.0 because:
[        ]   Build cache is disabled
[        ]   Caching not enabled.
[        ] Caching disabled for ExtractAarTransform: /home/ubuntu/.gradle/caches/modules-2/files-2.1/androidx.lifecycle/lifecycle-livedata-core/2.7.0/d95c9c0b74a6b9882c416c688f6cf201dc416bed/lifecycle-livedata-core-2.7.0.aar because:
[        ]   Build cache is disabled
[        ]   Caching not enabled.
[        ] Caching disabled for AarTransform: /home/ubuntu/.gradle/caches/9.3.1/transforms/3426c2155b5573e7f9d7789e3d58fffa/transformed/lifecycle-livedata-core-2.7.0 because:
[        ]   Build cache is disabled
[        ]   Caching not enabled.
[        ] Caching disabled for ExtractAarTransform: /home/ubuntu/.gradle/caches/modules-2/files-2.1/androidx.lifecycle/lifecycle-process/2.7.0/10fc9ecc045a9931724c43e710c55680a772d96a/lifecycle-process-2.7.0.aar because:
[        ]   Build cache is disabled
[        ]   Caching not enabled.
[        ] Caching disabled for AarTransform: /home/ubuntu/.gradle/caches/9.3.1/transforms/a3de873eaa28f37d5d7edb46f82942a3/transformed/lifecycle-process-2.7.0 because:
[        ]   Build cache is disabled
[   +1 ms]   Caching not enabled.
[        ] Caching disabled for ExtractAarTransform: /home/ubuntu/.gradle/caches/modules-2/files-2.1/androidx.savedstate/savedstate/1.2.1/e364fc9dec32aa569d855f85864e50250318a093/savedstate-1.2.1.aar because:
[        ]   Build cache is disabled
[        ]   Caching not enabled.
[        ] Caching disabled for AarTransform: /home/ubuntu/.gradle/caches/9.3.1/transforms/24758a678aa8332920bcf354b2fc92ed/transformed/savedstate-1.2.1 because:
[        ]   Build cache is disabled
[        ]   Caching not enabled.
[        ] Caching disabled for ExtractAarTransform: /home/ubuntu/.gradle/caches/modules-2/files-2.1/androidx.lifecycle/lifecycle-runtime/2.7.0/e46d7c73ab6cb3e288f51a0ad96bf372e90ceb31/lifecycle-runtime-2.7.0.aar because:
[        ]   Build cache is disabled
[        ]   Caching not enabled.
[        ] Caching disabled for AarTransform: /home/ubuntu/.gradle/caches/9.3.1/transforms/21147ec51953fdf1826caf13610476e6/transformed/lifecycle-runtime-2.7.0 because:
[        ]   Build cache is disabled
[        ]   Caching not enabled.
[        ] Caching disabled for ExtractAarTransform: /home/ubuntu/.gradle/caches/modules-2/files-2.1/androidx.lifecycle/lifecycle-viewmodel-savedstate/2.7.0/1fa14bde5efb3a96fa4fb8ced995f7fdfe99dfd/lifecycle-viewmodel-savedstate-2.7.0.aar because:
[        ]   Build cache is disabled
[        ]   Caching not enabled.
[        ] Caching disabled for AarTransform: /home/ubuntu/.gradle/caches/9.3.1/transforms/099fa84de9a3b9c91d7f9d4a61afe2f1/transformed/lifecycle-viewmodel-savedstate-2.7.0 because:
[        ]   Build cache is disabled
[        ]   Caching not enabled.
[        ] Downloading https://dl.google.com/dl/android/maven2/androidx/core/core-ktx/1.13.1/core-ktx-1.13.1.aar to /home/ubuntu/.gradle/.tmp/gradle_download6954840137382257911bin
[        ] Caching disabled for ExtractAarTransform: /home/ubuntu/.gradle/caches/modules-2/files-2.1/androidx.core/core-ktx/1.13.1/f595b8c10fad9099f71a3c1fc6ded1c9b5010190/core-ktx-1.13.1.aar because:
[        ]   Build cache is disabled
[        ]   Caching not enabled.
[        ] Caching disabled for AarTransform: /home/ubuntu/.gradle/caches/9.3.1/transforms/a43546c48c53a32da39ad0ea3035f870/transformed/core-ktx-1.13.1 because:
[        ]   Build cache is disabled
[        ]   Caching not enabled.
[        ] Caching disabled for ExtractAarTransform: /home/ubuntu/.gradle/caches/modules-2/files-2.1/androidx.core/core/1.13.1/4606d420282fe1e5c8d5c4e647ec188e1045b7be/core-1.13.1.aar because:
[        ]   Build cache is disabled
[        ]   Caching not enabled.
[        ] Caching disabled for AarTransform: /home/ubuntu/.gradle/caches/9.3.1/transforms/36b2cade356a97d2665ce9d4675dfa9b/transformed/core-1.13.1 because:
[        ]   Build cache is disabled
[        ]   Caching not enabled.
[        ] Caching disabled for ExtractAarTransform: /home/ubuntu/.gradle/caches/modules-2/files-2.1/androidx.annotation/annotation-experimental/1.4.0/c7a2038d831d0cfbfb9a440890b287c2e839ecf/annotation-experimental-1.4.0.aar because:
[        ]   Build cache is disabled
[        ]   Caching not enabled.
[        ] Caching disabled for AarTransform: /home/ubuntu/.gradle/caches/9.3.1/transforms/42f0716bc5eb5cfd74a36d49e6ecb34d/transformed/annotation-experimental-1.4.0 because:
[        ]   Build cache is disabled
[        ]   Caching not enabled.
[        ] Downloading https://dl.google.com/dl/android/maven2/androidx/profileinstaller/profileinstaller/1.3.1/profileinstaller-1.3.1.aar to /home/ubuntu/.gradle/.tmp/gradle_download2786021490874380369bin
[        ] Caching disabled for ExtractAarTransform: /home/ubuntu/.gradle/caches/modules-2/files-2.1/androidx.profileinstaller/profileinstaller/1.3.1/c0bac819b4f88a648011542273373d1e5093e3a7/profileinstaller-1.3.1.aar because:
[        ]   Build cache is disabled
[        ]   Caching not enabled.
[        ] Caching disabled for AarTransform: /home/ubuntu/.gradle/caches/9.3.1/transforms/9769e122bbba14d4a075c4f9208443ae/transformed/profileinstaller-1.3.1 because:
[        ]   Build cache is disabled
[        ]   Caching not enabled.
[        ] Caching disabled for ExtractAarTransform: /home/ubuntu/.gradle/caches/modules-2/files-2.1/androidx.lifecycle/lifecycle-livedata-core-ktx/2.7.0/746c75e5d0a819d11e255ad137083a51c746e953/lifecycle-livedata-core-ktx-2.7.0.aar because:
[        ]   Build cache is disabled
[        ]   Caching not enabled.
[        ] Caching disabled for AarTransform: /home/ubuntu/.gradle/caches/9.3.1/transforms/5bf42ee1243bc8553b0b0f5e9217a5e8/transformed/lifecycle-livedata-core-ktx-2.7.0 because:
[        ]   Build cache is disabled
[        ]   Caching not enabled.
[        ] Caching disabled for task ':flutter_local_notifications:checkDebugAarMetadata' because:
[        ]   Build cache is disabled
[        ]   Caching has been disabled for the task
[        ] Task ':flutter_local_notifications:checkDebugAarMetadata' is not up-to-date because:
[        ]   No history is available.
[        ] Resolve mutations for :flutter_local_notifications:stripDebugDebugSymbols (Thread[#55,included builds,5,main]) started.
[        ] :flutter_local_notifications:stripDebugDebugSymbols (Thread[#55,included builds,5,main]) started.
[        ] > Task :flutter_local_notifications:stripDebugDebugSymbols NO-SOURCE
[        ] Skipping task ':flutter_local_notifications:stripDebugDebugSymbols' as it has no source files and no previous output files.
[        ] Resolve mutations for :flutter_local_notifications:copyDebugJniLibsProjectAndLocalJars (Thread[#55,included builds,5,main]) started.
[        ] :flutter_local_notifications:copyDebugJniLibsProjectAndLocalJars (Thread[#55,included builds,5,main]) started.
[        ] > Task :flutter_local_notifications:copyDebugJniLibsProjectAndLocalJars
[        ] Caching disabled for task ':flutter_local_notifications:copyDebugJniLibsProjectAndLocalJars' because:
[        ]   Build cache is disabled
[        ]   Caching has been disabled for the task
[        ] Task ':flutter_local_notifications:copyDebugJniLibsProjectAndLocalJars' is not up-to-date because:
[        ]   No history is available.
[        ] Resolve mutations for :flutter_local_notifications:extractDebugAnnotations (Thread[#55,included builds,5,main]) started.
[        ] :flutter_local_notifications:extractDebugAnnotations (Thread[#55,included builds,5,main]) started.
[        ] > Task :flutter_local_notifications:extractDebugAnnotations
[        ] Caching disabled for task ':flutter_local_notifications:extractDebugAnnotations' because:
[        ]   Build cache is disabled
[        ] Task ':flutter_local_notifications:extractDebugAnnotations' is not up-to-date because:
[        ]   No history is available.
[        ] file or directory '/home/ubuntu/.pub-cache/hosted/pub.dev/flutter_local_notifications-22.3.0/android/src/debug/java', not found
[        ] file or directory '/home/ubuntu/.pub-cache/hosted/pub.dev/flutter_local_notifications-22.3.0/android/src/main/kotlin', not found
[        ] file or directory '/home/ubuntu/.pub-cache/hosted/pub.dev/flutter_local_notifications-22.3.0/android/src/debug/kotlin', not found
[        ] Resolve mutations for :flutter_local_notifications:extractDeepLinksForAarDebug (Thread[#55,included builds,5,main]) started.
[        ] :flutter_local_notifications:extractDeepLinksForAarDebug (Thread[#55,included builds,5,main]) started.
[        ] > Task :flutter_local_notifications:extractDeepLinksForAarDebug
[        ] Caching disabled for task ':flutter_local_notifications:extractDeepLinksForAarDebug' because:
[        ]   Build cache is disabled
[        ] Task ':flutter_local_notifications:extractDeepLinksForAarDebug' is not up-to-date because:
[        ]   No history is available.
[        ] Resolve mutations for :flutter_local_notifications:mergeDebugGeneratedProguardFiles (Thread[#55,included builds,5,main]) started.
[        ] :flutter_local_notifications:mergeDebugGeneratedProguardFiles (Thread[#55,included builds,5,main]) started.
[        ] > Task :flutter_local_notifications:mergeDebugGeneratedProguardFiles
[        ] Caching disabled for task ':flutter_local_notifications:mergeDebugGeneratedProguardFiles' because:
[        ]   Build cache is disabled
[        ]   Simple merging task
[        ] Task ':flutter_local_notifications:mergeDebugGeneratedProguardFiles' is not up-to-date because:
[        ]   No history is available.
[        ] Resolve mutations for :flutter_local_notifications:mergeDebugConsumerProguardFiles (Thread[#55,included builds,5,main]) started.
[        ] :flutter_local_notifications:mergeDebugConsumerProguardFiles (Thread[#55,included builds,5,main]) started.
[        ] > Task :flutter_local_notifications:mergeDebugConsumerProguardFiles
[        ] Caching disabled for task ':flutter_local_notifications:mergeDebugConsumerProguardFiles' because:
[        ]   Build cache is disabled
[        ]   Simple merging task
[        ] Task ':flutter_local_notifications:mergeDebugConsumerProguardFiles' is not up-to-date because:
[        ]   No history is available.
[        ] Resolve mutations for :flutter_local_notifications:prepareDebugArtProfile (Thread[#55,included builds,5,main]) started.
[        ] :flutter_local_notifications:prepareDebugArtProfile (Thread[#55,included builds,5,main]) started.
[        ] > Task :flutter_local_notifications:prepareDebugArtProfile
[        ] Caching disabled for task ':flutter_local_notifications:prepareDebugArtProfile' because:
[        ]   Build cache is disabled
[        ]   Caching has been disabled for the task
[        ] Task ':flutter_local_notifications:prepareDebugArtProfile' is not up-to-date because:
[        ]   No history is available.
[        ] file or directory '/home/ubuntu/.pub-cache/hosted/pub.dev/flutter_local_notifications-22.3.0/android/src/main/baselineProfiles', not found
[        ] file or directory '/home/ubuntu/.pub-cache/hosted/pub.dev/flutter_local_notifications-22.3.0/android/src/debug/baselineProfiles', not found
[        ] Resolve mutations for :flutter_local_notifications:prepareLintJarForPublish (Thread[#55,included builds,5,main]) started.
[        ] :flutter_local_notifications:prepareLintJarForPublish (Thread[#55,included builds,5,main]) started.
[        ] > Task :flutter_local_notifications:prepareLintJarForPublish
[        ] Caching disabled for task ':flutter_local_notifications:prepareLintJarForPublish' because:
[        ]   Build cache is disabled
[        ]   Caching has been disabled for the task
[        ] Task ':flutter_local_notifications:prepareLintJarForPublish' is not up-to-date because:
[        ]   No history is available.
[        ] Resolve mutations for :flutter_local_notifications:mergeDebugJavaResource (Thread[#55,included builds,5,main]) started.
[        ] :flutter_local_notifications:mergeDebugJavaResource (Thread[#55,included builds,5,main]) started.
[        ] > Task :flutter_local_notifications:mergeDebugJavaResource
[        ] Caching disabled for task ':flutter_local_notifications:mergeDebugJavaResource' because:
[        ]   Build cache is disabled
[        ]   Caching has been disabled for the task
[        ] Task ':flutter_local_notifications:mergeDebugJavaResource' is not up-to-date because:
[        ]   No history is available.
[        ] The input changes require a full rebuild for incremental task ':flutter_local_notifications:mergeDebugJavaResource'.
[        ] Resolve mutations for :flutter_local_notifications:syncDebugLibJars (Thread[#55,included builds,5,main]) started.
[        ] :flutter_local_notifications:syncDebugLibJars (Thread[#55,included builds,5,main]) started.
[        ] > Task :flutter_local_notifications:syncDebugLibJars
[        ] Caching disabled for task ':flutter_local_notifications:syncDebugLibJars' because:
[        ]   Build cache is disabled
[        ] Task ':flutter_local_notifications:syncDebugLibJars' is not up-to-date because:
[        ]   No history is available.
[        ] Resolve mutations for :flutter_local_notifications:bundleDebugAar (Thread[#55,included builds,5,main]) started.
[        ] :flutter_local_notifications:bundleDebugAar (Thread[#55,included builds,5,main]) started.
[  +94 ms] > Task :flutter_local_notifications:bundleDebugAar
[        ] Caching disabled for task ':flutter_local_notifications:bundleDebugAar' because:
[        ]   Build cache is disabled
[        ]   Caching has been disabled for the task
[        ] Task ':flutter_local_notifications:bundleDebugAar' is not up-to-date because:
[        ]   No history is available.
[        ] file or directory '/home/ubuntu/FFM-source-2d123ad-v67/build/flutter_local_notifications/intermediates/public_res/debug/packageDebugResources/public.txt', not found
[        ] file or directory '/home/ubuntu/FFM-source-2d123ad-v67/build/flutter_local_notifications/intermediates/navigation_json_for_aar/debug/extractDeepLinksForAarDebug/navigation.json', not found
[        ] file or directory '/home/ubuntu/FFM-source-2d123ad-v67/build/flutter_local_notifications/intermediates/annotations_zip/debug/extractDebugAnnotations/annotations.zip', not found
[        ] file or directory '/home/ubuntu/FFM-source-2d123ad-v67/build/flutter_local_notifications/intermediates/merged_consumer_proguard_file/debug/mergeDebugConsumerProguardFiles/proguard.txt', not found
[        ] file or directory '/home/ubuntu/FFM-source-2d123ad-v67/build/flutter_local_notifications/intermediates/lint_publish_jar/global/prepareLintJarForPublish/lint.jar', not found
[        ] file or directory '/home/ubuntu/FFM-source-2d123ad-v67/build/flutter_local_notifications/intermediates/library_art_profile/debug/prepareDebugArtProfile/baseline-prof.txt', not found
[        ] Resolve mutations for :flutter_local_notifications:assembleDebug (Thread[#55,included builds,5,main]) started.
[        ] :flutter_local_notifications:assembleDebug (Thread[#55,included builds,5,main]) started.
[        ] > Task :flutter_local_notifications:assembleDebug
[        ] Skipping task ':flutter_local_notifications:assembleDebug' as it has no actions.
[        ] Resolve mutations for :flutter_plugin_android_lifecycle:checkDebugAarMetadata (Thread[#55,included builds,5,main]) started.
[        ] :flutter_plugin_android_lifecycle:checkDebugAarMetadata (Thread[#55,included builds,5,main]) started.
[        ] > Task :flutter_plugin_android_lifecycle:checkDebugAarMetadata
[        ] Caching disabled for task ':flutter_plugin_android_lifecycle:checkDebugAarMetadata' because:
[        ]   Build cache is disabled
[        ]   Caching has been disabled for the task
[        ] Task ':flutter_plugin_android_lifecycle:checkDebugAarMetadata' is not up-to-date because:
[        ]   No history is available.
[        ] Resolve mutations for :flutter_plugin_android_lifecycle:stripDebugDebugSymbols (Thread[#55,included builds,5,main]) started.
[        ] :flutter_plugin_android_lifecycle:stripDebugDebugSymbols (Thread[#55,included builds,5,main]) started.
[        ] > Task :flutter_plugin_android_lifecycle:stripDebugDebugSymbols NO-SOURCE
[        ] Skipping task ':flutter_plugin_android_lifecycle:stripDebugDebugSymbols' as it has no source files and no previous output files.
[        ] Resolve mutations for :flutter_plugin_android_lifecycle:copyDebugJniLibsProjectAndLocalJars (Thread[#55,included builds,5,main]) started.
[        ] :flutter_plugin_android_lifecycle:copyDebugJniLibsProjectAndLocalJars (Thread[#55,included builds,5,main]) started.
[        ] > Task :flutter_plugin_android_lifecycle:copyDebugJniLibsProjectAndLocalJars
[        ] Caching disabled for task ':flutter_plugin_android_lifecycle:copyDebugJniLibsProjectAndLocalJars' because:
[        ]   Build cache is disabled
[        ]   Caching has been disabled for the task
[        ] Task ':flutter_plugin_android_lifecycle:copyDebugJniLibsProjectAndLocalJars' is not up-to-date because:
[        ]   No history is available.
[        ] Resolve mutations for :flutter_plugin_android_lifecycle:extractDebugAnnotations (Thread[#55,included builds,5,main]) started.
[        ] :flutter_plugin_android_lifecycle:extractDebugAnnotations (Thread[#55,included builds,5,main]) started.
[        ] > Task :flutter_plugin_android_lifecycle:extractDebugAnnotations
[        ] Caching disabled for task ':flutter_plugin_android_lifecycle:extractDebugAnnotations' because:
[        ]   Build cache is disabled
[        ] Task ':flutter_plugin_android_lifecycle:extractDebugAnnotations' is not up-to-date because:
[        ]   No history is available.
[        ] file or directory '/home/ubuntu/.pub-cache/hosted/pub.dev/flutter_plugin_android_lifecycle-2.0.35/android/src/debug/java', not found
[        ] file or directory '/home/ubuntu/.pub-cache/hosted/pub.dev/flutter_plugin_android_lifecycle-2.0.35/android/src/main/kotlin', not found
[        ] file or directory '/home/ubuntu/.pub-cache/hosted/pub.dev/flutter_plugin_android_lifecycle-2.0.35/android/src/debug/kotlin', not found
[        ] Resolve mutations for :flutter_plugin_android_lifecycle:extractDeepLinksForAarDebug (Thread[#55,included builds,5,main]) started.
[        ] :flutter_plugin_android_lifecycle:extractDeepLinksForAarDebug (Thread[#55,included builds,5,main]) started.
[        ] > Task :flutter_plugin_android_lifecycle:extractDeepLinksForAarDebug
[        ] Caching disabled for task ':flutter_plugin_android_lifecycle:extractDeepLinksForAarDebug' because:
[        ]   Build cache is disabled
[        ] Task ':flutter_plugin_android_lifecycle:extractDeepLinksForAarDebug' is not up-to-date because:
[        ]   No history is available.
[        ] Resolve mutations for :flutter_plugin_android_lifecycle:mergeDebugGeneratedProguardFiles (Thread[#55,included builds,5,main]) started.
[        ] :flutter_plugin_android_lifecycle:mergeDebugGeneratedProguardFiles (Thread[#55,included builds,5,main]) started.
[        ] > Task :flutter_plugin_android_lifecycle:mergeDebugGeneratedProguardFiles
[        ] Caching disabled for task ':flutter_plugin_android_lifecycle:mergeDebugGeneratedProguardFiles' because:
[        ]   Build cache is disabled
[        ]   Simple merging task
[        ] Task ':flutter_plugin_android_lifecycle:mergeDebugGeneratedProguardFiles' is not up-to-date because:
[        ]   No history is available.
[        ] Resolve mutations for :flutter_plugin_android_lifecycle:mergeDebugConsumerProguardFiles (Thread[#55,included builds,5,main]) started.
[        ] :flutter_plugin_android_lifecycle:mergeDebugConsumerProguardFiles (Thread[#55,included builds,5,main]) started.
[        ] > Task :flutter_plugin_android_lifecycle:mergeDebugConsumerProguardFiles
[        ] Caching disabled for task ':flutter_plugin_android_lifecycle:mergeDebugConsumerProguardFiles' because:
[        ]   Build cache is disabled
[        ]   Simple merging task
[        ] Task ':flutter_plugin_android_lifecycle:mergeDebugConsumerProguardFiles' is not up-to-date because:
[        ]   No history is available.
[        ] Resolve mutations for :flutter_plugin_android_lifecycle:prepareDebugArtProfile (Thread[#55,included builds,5,main]) started.
[        ] :flutter_plugin_android_lifecycle:prepareDebugArtProfile (Thread[#55,included builds,5,main]) started.
[        ] > Task :flutter_plugin_android_lifecycle:prepareDebugArtProfile
[        ] Caching disabled for task ':flutter_plugin_android_lifecycle:prepareDebugArtProfile' because:
[        ]   Build cache is disabled
[        ]   Caching has been disabled for the task
[        ] Task ':flutter_plugin_android_lifecycle:prepareDebugArtProfile' is not up-to-date because:
[        ]   No history is available.
[        ] file or directory '/home/ubuntu/.pub-cache/hosted/pub.dev/flutter_plugin_android_lifecycle-2.0.35/android/src/main/baselineProfiles', not found
[        ] file or directory '/home/ubuntu/.pub-cache/hosted/pub.dev/flutter_plugin_android_lifecycle-2.0.35/android/src/debug/baselineProfiles', not found
[        ] Resolve mutations for :flutter_plugin_android_lifecycle:prepareLintJarForPublish (Thread[#55,included builds,5,main]) started.
[        ] :flutter_plugin_android_lifecycle:prepareLintJarForPublish (Thread[#55,included builds,5,main]) started.
[        ] > Task :flutter_plugin_android_lifecycle:prepareLintJarForPublish
[        ] Caching disabled for task ':flutter_plugin_android_lifecycle:prepareLintJarForPublish' because:
[        ]   Build cache is disabled
[        ]   Caching has been disabled for the task
[        ] Task ':flutter_plugin_android_lifecycle:prepareLintJarForPublish' is not up-to-date because:
[        ]   No history is available.
[        ] Resolve mutations for :flutter_plugin_android_lifecycle:mergeDebugJavaResource (Thread[#55,included builds,5,main]) started.
[        ] :flutter_plugin_android_lifecycle:mergeDebugJavaResource (Thread[#55,included builds,5,main]) started.
[        ] > Task :flutter_plugin_android_lifecycle:mergeDebugJavaResource
[        ] Caching disabled for task ':flutter_plugin_android_lifecycle:mergeDebugJavaResource' because:
[        ]   Build cache is disabled
[        ]   Caching has been disabled for the task
[        ] Task ':flutter_plugin_android_lifecycle:mergeDebugJavaResource' is not up-to-date because:
[        ]   No history is available.
[        ] The input changes require a full rebuild for incremental task ':flutter_plugin_android_lifecycle:mergeDebugJavaResource'.
[        ] Resolve mutations for :flutter_plugin_android_lifecycle:syncDebugLibJars (Thread[#55,included builds,5,main]) started.
[        ] :flutter_plugin_android_lifecycle:syncDebugLibJars (Thread[#55,included builds,5,main]) started.
[        ] > Task :flutter_plugin_android_lifecycle:syncDebugLibJars
[        ] Caching disabled for task ':flutter_plugin_android_lifecycle:syncDebugLibJars' because:
[        ]   Build cache is disabled
[        ] Task ':flutter_plugin_android_lifecycle:syncDebugLibJars' is not up-to-date because:
[        ]   No history is available.
[        ] Resolve mutations for :flutter_plugin_android_lifecycle:bundleDebugAar (Thread[#55,included builds,5,main]) started.
[        ] :flutter_plugin_android_lifecycle:bundleDebugAar (Thread[#55,included builds,5,main]) started.
[        ] > Task :flutter_plugin_android_lifecycle:bundleDebugAar
[        ] Caching disabled for task ':flutter_plugin_android_lifecycle:bundleDebugAar' because:
[        ]   Build cache is disabled
[        ]   Caching has been disabled for the task
[        ] Task ':flutter_plugin_android_lifecycle:bundleDebugAar' is not up-to-date because:
[        ]   No history is available.
[        ] file or directory '/home/ubuntu/FFM-source-2d123ad-v67/build/flutter_plugin_android_lifecycle/intermediates/public_res/debug/packageDebugResources/public.txt', not found
[        ] file or directory '/home/ubuntu/FFM-source-2d123ad-v67/build/flutter_plugin_android_lifecycle/intermediates/navigation_json_for_aar/debug/extractDeepLinksForAarDebug/navigation.json', not found
[        ] file or directory '/home/ubuntu/FFM-source-2d123ad-v67/build/flutter_plugin_android_lifecycle/intermediates/annotations_zip/debug/extractDebugAnnotations/annotations.zip', not found
[        ] file or directory '/home/ubuntu/FFM-source-2d123ad-v67/build/flutter_plugin_android_lifecycle/intermediates/lint_publish_jar/global/prepareLintJarForPublish/lint.jar', not found
[        ] file or directory '/home/ubuntu/FFM-source-2d123ad-v67/build/flutter_plugin_android_lifecycle/intermediates/library_art_profile/debug/prepareDebugArtProfile/baseline-prof.txt', not found
[        ] Resolve mutations for :flutter_plugin_android_lifecycle:assembleDebug (Thread[#55,included builds,5,main]) started.
[        ] :flutter_plugin_android_lifecycle:assembleDebug (Thread[#55,included builds,5,main]) started.
[        ] > Task :flutter_plugin_android_lifecycle:assembleDebug
[        ] Skipping task ':flutter_plugin_android_lifecycle:assembleDebug' as it has no actions.
[        ] Resolve mutations for :flutter_secure_storage:checkDebugAarMetadata (Thread[#55,included builds,5,main]) started.
[        ] :flutter_secure_storage:checkDebugAarMetadata (Thread[#55,included builds,5,main]) started.
[        ] > Task :flutter_secure_storage:checkDebugAarMetadata
[        ] Caching disabled for task ':flutter_secure_storage:checkDebugAarMetadata' because:
[        ]   Build cache is disabled
[        ]   Caching has been disabled for the task
[        ] Task ':flutter_secure_storage:checkDebugAarMetadata' is not up-to-date because:
[        ]   No history is available.
[        ] Resolve mutations for :flutter_secure_storage:stripDebugDebugSymbols (Thread[#55,included builds,5,main]) started.
[        ] :flutter_secure_storage:stripDebugDebugSymbols (Thread[#55,included builds,5,main]) started.
[        ] > Task :flutter_secure_storage:stripDebugDebugSymbols NO-SOURCE
[        ] Skipping task ':flutter_secure_storage:stripDebugDebugSymbols' as it has no source files and no previous output files.
[        ] Resolve mutations for :flutter_secure_storage:copyDebugJniLibsProjectAndLocalJars (Thread[#55,included builds,5,main]) started.
[        ] :flutter_secure_storage:copyDebugJniLibsProjectAndLocalJars (Thread[#55,included builds,5,main]) started.
[        ] > Task :flutter_secure_storage:copyDebugJniLibsProjectAndLocalJars
[        ] Caching disabled for task ':flutter_secure_storage:copyDebugJniLibsProjectAndLocalJars' because:
[        ]   Build cache is disabled
[        ]   Caching has been disabled for the task
[        ] Task ':flutter_secure_storage:copyDebugJniLibsProjectAndLocalJars' is not up-to-date because:
[        ]   No history is available.
[        ] Resolve mutations for :flutter_secure_storage:extractDebugAnnotations (Thread[#55,included builds,5,main]) started.
[        ] :flutter_secure_storage:extractDebugAnnotations (Thread[#55,included builds,5,main]) started.
[        ] > Task :flutter_secure_storage:extractDebugAnnotations
[        ] Caching disabled for task ':flutter_secure_storage:extractDebugAnnotations' because:
[        ]   Build cache is disabled
[        ] Task ':flutter_secure_storage:extractDebugAnnotations' is not up-to-date because:
[        ]   No history is available.
[        ] file or directory '/home/ubuntu/.pub-cache/hosted/pub.dev/flutter_secure_storage-11.0.0/android/src/debug/java', not found
[        ] file or directory '/home/ubuntu/.pub-cache/hosted/pub.dev/flutter_secure_storage-11.0.0/android/src/main/kotlin', not found
[        ] file or directory '/home/ubuntu/.pub-cache/hosted/pub.dev/flutter_secure_storage-11.0.0/android/src/debug/kotlin', not found
[        ] Resolve mutations for :flutter_secure_storage:extractDeepLinksForAarDebug (Thread[#55,included builds,5,main]) started.
[        ] :flutter_secure_storage:extractDeepLinksForAarDebug (Thread[#55,included builds,5,main]) started.
[        ] > Task :flutter_secure_storage:extractDeepLinksForAarDebug
[        ] Caching disabled for task ':flutter_secure_storage:extractDeepLinksForAarDebug' because:
[        ]   Build cache is disabled
[        ] Task ':flutter_secure_storage:extractDeepLinksForAarDebug' is not up-to-date because:
[        ]   No history is available.
[        ] Resolve mutations for :flutter_secure_storage:mergeDebugGeneratedProguardFiles (Thread[#55,included builds,5,main]) started.
[        ] :flutter_secure_storage:mergeDebugGeneratedProguardFiles (Thread[#55,included builds,5,main]) started.
[        ] > Task :flutter_secure_storage:mergeDebugGeneratedProguardFiles
[        ] Caching disabled for task ':flutter_secure_storage:mergeDebugGeneratedProguardFiles' because:
[        ]   Build cache is disabled
[        ]   Simple merging task
[        ] Task ':flutter_secure_storage:mergeDebugGeneratedProguardFiles' is not up-to-date because:
[        ]   No history is available.
[        ] Resolve mutations for :flutter_secure_storage:mergeDebugConsumerProguardFiles (Thread[#55,included builds,5,main]) started.
[        ] :flutter_secure_storage:mergeDebugConsumerProguardFiles (Thread[#55,included builds,5,main]) started.
[        ] > Task :flutter_secure_storage:mergeDebugConsumerProguardFiles
[        ] Caching disabled for task ':flutter_secure_storage:mergeDebugConsumerProguardFiles' because:
[        ]   Build cache is disabled
[        ]   Simple merging task
[        ] Task ':flutter_secure_storage:mergeDebugConsumerProguardFiles' is not up-to-date because:
[        ]   No history is available.
[        ] Resolve mutations for :flutter_secure_storage:prepareDebugArtProfile (Thread[#55,included builds,5,main]) started.
[        ] :flutter_secure_storage:prepareDebugArtProfile (Thread[#55,included builds,5,main]) started.
[        ] > Task :flutter_secure_storage:prepareDebugArtProfile
[        ] Caching disabled for task ':flutter_secure_storage:prepareDebugArtProfile' because:
[        ]   Build cache is disabled
[        ]   Caching has been disabled for the task
[        ] Task ':flutter_secure_storage:prepareDebugArtProfile' is not up-to-date because:
[        ]   No history is available.
[        ] file or directory '/home/ubuntu/.pub-cache/hosted/pub.dev/flutter_secure_storage-11.0.0/android/src/main/baselineProfiles', not found
[        ] file or directory '/home/ubuntu/.pub-cache/hosted/pub.dev/flutter_secure_storage-11.0.0/android/src/debug/baselineProfiles', not found
[        ] Resolve mutations for :flutter_secure_storage:prepareLintJarForPublish (Thread[#55,included builds,5,main]) started.
[        ] :flutter_secure_storage:prepareLintJarForPublish (Thread[#55,included builds,5,main]) started.
[        ] > Task :flutter_secure_storage:prepareLintJarForPublish
[        ] Caching disabled for task ':flutter_secure_storage:prepareLintJarForPublish' because:
[        ]   Build cache is disabled
[        ]   Caching has been disabled for the task
[        ] Task ':flutter_secure_storage:prepareLintJarForPublish' is not up-to-date because:
[        ]   No history is available.
[        ] Resolve mutations for :flutter_secure_storage:mergeDebugJavaResource (Thread[#55,included builds,5,main]) started.
[        ] :flutter_secure_storage:mergeDebugJavaResource (Thread[#55,included builds,5,main]) started.
[        ] > Task :flutter_secure_storage:mergeDebugJavaResource
[        ] Caching disabled for task ':flutter_secure_storage:mergeDebugJavaResource' because:
[        ]   Build cache is disabled
[        ]   Caching has been disabled for the task
[        ] Task ':flutter_secure_storage:mergeDebugJavaResource' is not up-to-date because:
[        ]   No history is available.
[        ] The input changes require a full rebuild for incremental task ':flutter_secure_storage:mergeDebugJavaResource'.
[        ] Resolve mutations for :flutter_secure_storage:syncDebugLibJars (Thread[#55,included builds,5,main]) started.
[        ] :flutter_secure_storage:syncDebugLibJars (Thread[#55,included builds,5,main]) started.
[  +96 ms] > Task :flutter_secure_storage:syncDebugLibJars
[        ] Caching disabled for task ':flutter_secure_storage:syncDebugLibJars' because:
[        ]   Build cache is disabled
[        ] Task ':flutter_secure_storage:syncDebugLibJars' is not up-to-date because:
[        ]   No history is available.
[        ] Resolve mutations for :flutter_secure_storage:bundleDebugAar (Thread[#55,included builds,5,main]) started.
[        ] :flutter_secure_storage:bundleDebugAar (Thread[#55,included builds,5,main]) started.
[        ] > Task :flutter_secure_storage:bundleDebugAar
[        ] Caching disabled for task ':flutter_secure_storage:bundleDebugAar' because:
[        ]   Build cache is disabled
[        ]   Caching has been disabled for the task
[        ] Task ':flutter_secure_storage:bundleDebugAar' is not up-to-date because:
[        ]   No history is available.
[        ] file or directory '/home/ubuntu/FFM-source-2d123ad-v67/build/flutter_secure_storage/intermediates/public_res/debug/packageDebugResources/public.txt', not found
[        ] file or directory '/home/ubuntu/FFM-source-2d123ad-v67/build/flutter_secure_storage/intermediates/navigation_json_for_aar/debug/extractDeepLinksForAarDebug/navigation.json', not found
[        ] file or directory '/home/ubuntu/FFM-source-2d123ad-v67/build/flutter_secure_storage/intermediates/annotations_zip/debug/extractDebugAnnotations/annotations.zip', not found
[        ] file or directory '/home/ubuntu/FFM-source-2d123ad-v67/build/flutter_secure_storage/intermediates/merged_consumer_proguard_file/debug/mergeDebugConsumerProguardFiles/proguard.txt', not found
[        ] file or directory '/home/ubuntu/FFM-source-2d123ad-v67/build/flutter_secure_storage/intermediates/lint_publish_jar/global/prepareLintJarForPublish/lint.jar', not found
[        ] file or directory '/home/ubuntu/FFM-source-2d123ad-v67/build/flutter_secure_storage/intermediates/library_art_profile/debug/prepareDebugArtProfile/baseline-prof.txt', not found
[        ] Resolve mutations for :flutter_secure_storage:assembleDebug (Thread[#55,included builds,5,main]) started.
[        ] :flutter_secure_storage:assembleDebug (Thread[#55,included builds,5,main]) started.
[        ] > Task :flutter_secure_storage:assembleDebug
[        ] Skipping task ':flutter_secure_storage:assembleDebug' as it has no actions.
[        ] Resolve mutations for :jni:checkDebugAarMetadata (Thread[#55,included builds,5,main]) started.
[        ] :jni:checkDebugAarMetadata (Thread[#55,included builds,5,main]) started.
[        ] > Task :jni:checkDebugAarMetadata
[        ] Caching disabled for task ':jni:checkDebugAarMetadata' because:
[        ]   Build cache is disabled
[        ]   Caching has been disabled for the task
[        ] Task ':jni:checkDebugAarMetadata' is not up-to-date because:
[        ]   No history is available.
[        ] Resolve mutations for :jni:stripDebugDebugSymbols (Thread[#55,included builds,5,main]) started.
[        ] :jni:stripDebugDebugSymbols (Thread[#55,included builds,5,main]) started.
[        ] > Task :jni:stripDebugDebugSymbols
[        ] Caching disabled for task ':jni:stripDebugDebugSymbols' because:
[        ]   Build cache is disabled
[        ]   Caching has been disabled for the task
[        ] Task ':jni:stripDebugDebugSymbols' is not up-to-date because:
[        ]   No history is available.
[        ] The input changes require a full rebuild for incremental task ':jni:stripDebugDebugSymbols'.
[        ] C/C++: android.ndkVersion from module build.gradle is [28.2.13676358]
[        ] C/C++: android.ndkPath from module build.gradle is not set
[        ] C/C++: ndk.dir in local.properties is not set
[        ] C/C++: Not considering ANDROID_NDK_HOME because support was removed after deprecation period.
[        ] C/C++: sdkFolder is /home/ubuntu/android-sdk
[        ] Starting process 'command '/home/ubuntu/android-sdk/ndk/28.2.13676358/toolchains/llvm/prebuilt/linux-x86_64/bin/llvm-strip''. Working directory: /home/ubuntu/.pub-cache/hosted/pub.dev/jni-1.0.3/android Command: /home/ubuntu/android-sdk/ndk/28.2.13676358/toolchains/llvm/prebuilt/linux-x86_64/bin/llvm-strip --strip-unneeded -o /home/ubuntu/FFM-source-2d123ad-v67/build/jni/intermediates/stripped_native_libs/debug/stripDebugDebugSymbols/out/lib/arm64-v8a/libdartjni.so /home/ubuntu/FFM-source-2d123ad-v67/build/jni/intermediates/merged_native_libs/debug/mergeDebugNativeLibs/out/lib/arm64-v8a/libdartjni.so
[        ] Successfully started process 'command '/home/ubuntu/android-sdk/ndk/28.2.13676358/toolchains/llvm/prebuilt/linux-x86_64/bin/llvm-strip''
[        ] C/C++: android.ndkVersion from module build.gradle is [28.2.13676358]
[        ] C/C++: android.ndkPath from module build.gradle is not set
[        ] C/C++: ndk.dir in local.properties is not set
[        ] C/C++: Not considering ANDROID_NDK_HOME because support was removed after deprecation period.
[        ] C/C++: sdkFolder is /home/ubuntu/android-sdk
[        ] Starting process 'command '/home/ubuntu/android-sdk/ndk/28.2.13676358/toolchains/llvm/prebuilt/linux-x86_64/bin/llvm-strip''. Working directory: /home/ubuntu/.pub-cache/hosted/pub.dev/jni-1.0.3/android Command: /home/ubuntu/android-sdk/ndk/28.2.13676358/toolchains/llvm/prebuilt/linux-x86_64/bin/llvm-strip --strip-unneeded -o /home/ubuntu/FFM-source-2d123ad-v67/build/jni/intermediates/stripped_native_libs/debug/stripDebugDebugSymbols/out/lib/armeabi-v7a/libdartjni.so /home/ubuntu/FFM-source-2d123ad-v67/build/jni/intermediates/merged_native_libs/debug/mergeDebugNativeLibs/out/lib/armeabi-v7a/libdartjni.so
[        ] Successfully started process 'command '/home/ubuntu/android-sdk/ndk/28.2.13676358/toolchains/llvm/prebuilt/linux-x86_64/bin/llvm-strip''
[        ] C/C++: android.ndkVersion from module build.gradle is [28.2.13676358]
[        ] C/C++: android.ndkPath from module build.gradle is not set
[        ] C/C++: ndk.dir in local.properties is not set
[        ] C/C++: Not considering ANDROID_NDK_HOME because support was removed after deprecation period.
[        ] C/C++: sdkFolder is /home/ubuntu/android-sdk
[        ] Starting process 'command '/home/ubuntu/android-sdk/ndk/28.2.13676358/toolchains/llvm/prebuilt/linux-x86_64/bin/llvm-strip''. Working directory: /home/ubuntu/.pub-cache/hosted/pub.dev/jni-1.0.3/android Command: /home/ubuntu/android-sdk/ndk/28.2.13676358/toolchains/llvm/prebuilt/linux-x86_64/bin/llvm-strip --strip-unneeded -o /home/ubuntu/FFM-source-2d123ad-v67/build/jni/intermediates/stripped_native_libs/debug/stripDebugDebugSymbols/out/lib/x86/libdartjni.so /home/ubuntu/FFM-source-2d123ad-v67/build/jni/intermediates/merged_native_libs/debug/mergeDebugNativeLibs/out/lib/x86/libdartjni.so
[        ] Successfully started process 'command '/home/ubuntu/android-sdk/ndk/28.2.13676358/toolchains/llvm/prebuilt/linux-x86_64/bin/llvm-strip''
[        ] C/C++: android.ndkVersion from module build.gradle is [28.2.13676358]
[        ] C/C++: android.ndkPath from module build.gradle is not set
[        ] C/C++: ndk.dir in local.properties is not set
[        ] C/C++: Not considering ANDROID_NDK_HOME because support was removed after deprecation period.
[        ] C/C++: sdkFolder is /home/ubuntu/android-sdk
[        ] Starting process 'command '/home/ubuntu/android-sdk/ndk/28.2.13676358/toolchains/llvm/prebuilt/linux-x86_64/bin/llvm-strip''. Working directory: /home/ubuntu/.pub-cache/hosted/pub.dev/jni-1.0.3/android Command: /home/ubuntu/android-sdk/ndk/28.2.13676358/toolchains/llvm/prebuilt/linux-x86_64/bin/llvm-strip --strip-unneeded -o /home/ubuntu/FFM-source-2d123ad-v67/build/jni/intermediates/stripped_native_libs/debug/stripDebugDebugSymbols/out/lib/x86_64/libdartjni.so /home/ubuntu/FFM-source-2d123ad-v67/build/jni/intermediates/merged_native_libs/debug/mergeDebugNativeLibs/out/lib/x86_64/libdartjni.so
[        ] Successfully started process 'command '/home/ubuntu/android-sdk/ndk/28.2.13676358/toolchains/llvm/prebuilt/linux-x86_64/bin/llvm-strip''
[        ] Resolve mutations for :jni:copyDebugJniLibsProjectAndLocalJars (Thread[#55,included builds,5,main]) started.
[        ] :jni:copyDebugJniLibsProjectAndLocalJars (Thread[#55,included builds,5,main]) started.
[        ] > Task :jni:copyDebugJniLibsProjectAndLocalJars
[        ] Caching disabled for task ':jni:copyDebugJniLibsProjectAndLocalJars' because:
[        ]   Build cache is disabled
[        ]   Caching has been disabled for the task
[        ] Task ':jni:copyDebugJniLibsProjectAndLocalJars' is not up-to-date because:
[        ]   No history is available.
[        ] Resolve mutations for :jni:extractDebugAnnotations (Thread[#55,included builds,5,main]) started.
[        ] :jni:extractDebugAnnotations (Thread[#55,included builds,5,main]) started.
[        ] > Task :jni:extractDebugAnnotations
[        ] Caching disabled for task ':jni:extractDebugAnnotations' because:
[        ]   Build cache is disabled
[        ] Task ':jni:extractDebugAnnotations' is not up-to-date because:
[        ]   No history is available.
[        ] file or directory '/home/ubuntu/.pub-cache/hosted/pub.dev/jni-1.0.3/android/src/debug/java', not found
[        ] file or directory '/home/ubuntu/.pub-cache/hosted/pub.dev/jni-1.0.3/android/src/main/kotlin', not found
[        ] file or directory '/home/ubuntu/.pub-cache/hosted/pub.dev/jni-1.0.3/android/src/debug/kotlin', not found
[        ] Resolve mutations for :jni:extractDeepLinksForAarDebug (Thread[#55,included builds,5,main]) started.
[        ] :jni:extractDeepLinksForAarDebug (Thread[#55,included builds,5,main]) started.
[        ] > Task :jni:extractDeepLinksForAarDebug
[        ] Caching disabled for task ':jni:extractDeepLinksForAarDebug' because:
[        ]   Build cache is disabled
[        ] Task ':jni:extractDeepLinksForAarDebug' is not up-to-date because:
[        ]   No history is available.
[        ] Resolve mutations for :jni:mergeDebugGeneratedProguardFiles (Thread[#55,included builds,5,main]) started.
[        ] :jni:mergeDebugGeneratedProguardFiles (Thread[#55,included builds,5,main]) started.
[        ] > Task :jni:mergeDebugGeneratedProguardFiles
[        ] Caching disabled for task ':jni:mergeDebugGeneratedProguardFiles' because:
[        ]   Build cache is disabled
[        ]   Simple merging task
[        ] Task ':jni:mergeDebugGeneratedProguardFiles' is not up-to-date because:
[        ]   No history is available.
[        ] Resolve mutations for :jni:mergeDebugConsumerProguardFiles (Thread[#55,included builds,5,main]) started.
[        ] :jni:mergeDebugConsumerProguardFiles (Thread[#55,included builds,5,main]) started.
[        ] > Task :jni:mergeDebugConsumerProguardFiles
[        ] Caching disabled for task ':jni:mergeDebugConsumerProguardFiles' because:
[        ]   Build cache is disabled
[        ]   Simple merging task
[        ] Task ':jni:mergeDebugConsumerProguardFiles' is not up-to-date because:
[        ]   No history is available.
[        ] Resolve mutations for :jni:prepareDebugArtProfile (Thread[#55,included builds,5,main]) started.
[        ] :jni:prepareDebugArtProfile (Thread[#55,included builds,5,main]) started.
[        ] > Task :jni:prepareDebugArtProfile
[        ] Caching disabled for task ':jni:prepareDebugArtProfile' because:
[        ]   Build cache is disabled
[        ]   Caching has been disabled for the task
[        ] Task ':jni:prepareDebugArtProfile' is not up-to-date because:
[        ]   No history is available.
[        ] file or directory '/home/ubuntu/.pub-cache/hosted/pub.dev/jni-1.0.3/android/src/main/baselineProfiles', not found
[        ] file or directory '/home/ubuntu/.pub-cache/hosted/pub.dev/jni-1.0.3/android/src/debug/baselineProfiles', not found
[        ] Resolve mutations for :jni:prepareLintJarForPublish (Thread[#55,included builds,5,main]) started.
[        ] :jni:prepareLintJarForPublish (Thread[#55,included builds,5,main]) started.
[        ] > Task :jni:prepareLintJarForPublish
[        ] Caching disabled for task ':jni:prepareLintJarForPublish' because:
[        ]   Build cache is disabled
[        ]   Caching has been disabled for the task
[        ] Task ':jni:prepareLintJarForPublish' is not up-to-date because:
[        ]   No history is available.
[        ] Resolve mutations for :jni:mergeDebugJavaResource (Thread[#55,included builds,5,main]) started.
[        ] :jni:mergeDebugJavaResource (Thread[#55,included builds,5,main]) started.
[        ] > Task :jni:mergeDebugJavaResource
[        ] Caching disabled for task ':jni:mergeDebugJavaResource' because:
[        ]   Build cache is disabled
[        ]   Caching has been disabled for the task
[        ] Task ':jni:mergeDebugJavaResource' is not up-to-date because:
[        ]   No history is available.
[        ] The input changes require a full rebuild for incremental task ':jni:mergeDebugJavaResource'.
[        ] Resolve mutations for :jni:syncDebugLibJars (Thread[#55,included builds,5,main]) started.
[        ] :jni:syncDebugLibJars (Thread[#55,included builds,5,main]) started.
[        ] > Task :jni:syncDebugLibJars
[        ] Caching disabled for task ':jni:syncDebugLibJars' because:
[        ]   Build cache is disabled
[        ] Task ':jni:syncDebugLibJars' is not up-to-date because:
[        ]   No history is available.
[        ] Resolve mutations for :jni:bundleDebugAar (Thread[#55,included builds,5,main]) started.
[        ] :jni:bundleDebugAar (Thread[#55,included builds,5,main]) started.
[        ] > Task :jni:bundleDebugAar
[        ] Caching disabled for task ':jni:bundleDebugAar' because:
[        ]   Build cache is disabled
[        ]   Caching has been disabled for the task
[        ] Task ':jni:bundleDebugAar' is not up-to-date because:
[        ]   No history is available.
[        ] file or directory '/home/ubuntu/FFM-source-2d123ad-v67/build/jni/intermediates/public_res/debug/packageDebugResources/public.txt', not found
[        ] file or directory '/home/ubuntu/FFM-source-2d123ad-v67/build/jni/intermediates/navigation_json_for_aar/debug/extractDeepLinksForAarDebug/navigation.json', not found
[        ] file or directory '/home/ubuntu/FFM-source-2d123ad-v67/build/jni/intermediates/annotations_zip/debug/extractDebugAnnotations/annotations.zip', not found
[        ] file or directory '/home/ubuntu/FFM-source-2d123ad-v67/build/jni/intermediates/lint_publish_jar/global/prepareLintJarForPublish/lint.jar', not found
[        ] file or directory '/home/ubuntu/FFM-source-2d123ad-v67/build/jni/intermediates/library_art_profile/debug/prepareDebugArtProfile/baseline-prof.txt', not found
[        ] Resolve mutations for :jni:assembleDebug (Thread[#55,included builds,5,main]) started.
[        ] :jni:assembleDebug (Thread[#55,included builds,5,main]) started.
[        ] > Task :jni:assembleDebug
[        ] Skipping task ':jni:assembleDebug' as it has no actions.
[        ] Resolve mutations for :jni_flutter:checkDebugAarMetadata (Thread[#55,included builds,5,main]) started.
[        ] :jni_flutter:checkDebugAarMetadata (Thread[#55,included builds,5,main]) started.
[  +96 ms] > Task :jni_flutter:checkDebugAarMetadata
[        ] Caching disabled for task ':jni_flutter:checkDebugAarMetadata' because:
[        ]   Build cache is disabled
[        ]   Caching has been disabled for the task
[        ] Task ':jni_flutter:checkDebugAarMetadata' is not up-to-date because:
[        ]   No history is available.
[        ] Resolve mutations for :jni_flutter:stripDebugDebugSymbols (Thread[#55,included builds,5,main]) started.
[        ] :jni_flutter:stripDebugDebugSymbols (Thread[#55,included builds,5,main]) started.
[        ] > Task :jni_flutter:stripDebugDebugSymbols NO-SOURCE
[        ] Skipping task ':jni_flutter:stripDebugDebugSymbols' as it has no source files and no previous output files.
[        ] Resolve mutations for :jni_flutter:copyDebugJniLibsProjectAndLocalJars (Thread[#55,included builds,5,main]) started.
[        ] :jni_flutter:copyDebugJniLibsProjectAndLocalJars (Thread[#55,included builds,5,main]) started.
[        ] > Task :jni_flutter:copyDebugJniLibsProjectAndLocalJars
[        ] Caching disabled for task ':jni_flutter:copyDebugJniLibsProjectAndLocalJars' because:
[        ]   Build cache is disabled
[        ]   Caching has been disabled for the task
[        ] Task ':jni_flutter:copyDebugJniLibsProjectAndLocalJars' is not up-to-date because:
[        ]   No history is available.
[        ] Resolve mutations for :jni_flutter:extractDebugAnnotations (Thread[#55,included builds,5,main]) started.
[        ] :jni_flutter:extractDebugAnnotations (Thread[#55,included builds,5,main]) started.
[        ] > Task :jni_flutter:extractDebugAnnotations
[        ] Caching disabled for task ':jni_flutter:extractDebugAnnotations' because:
[        ]   Build cache is disabled
[        ] Task ':jni_flutter:extractDebugAnnotations' is not up-to-date because:
[        ]   No history is available.
[        ] file or directory '/home/ubuntu/.pub-cache/hosted/pub.dev/jni_flutter-1.0.2/android/src/debug/java', not found
[        ] file or directory '/home/ubuntu/.pub-cache/hosted/pub.dev/jni_flutter-1.0.2/android/src/main/kotlin', not found
[        ] file or directory '/home/ubuntu/.pub-cache/hosted/pub.dev/jni_flutter-1.0.2/android/src/debug/kotlin', not found
[        ] Resolve mutations for :jni_flutter:extractDeepLinksForAarDebug (Thread[#55,included builds,5,main]) started.
[        ] :jni_flutter:extractDeepLinksForAarDebug (Thread[#55,included builds,5,main]) started.
[        ] > Task :jni_flutter:extractDeepLinksForAarDebug
[        ] Caching disabled for task ':jni_flutter:extractDeepLinksForAarDebug' because:
[        ]   Build cache is disabled
[        ] Task ':jni_flutter:extractDeepLinksForAarDebug' is not up-to-date because:
[        ]   No history is available.
[        ] Resolve mutations for :jni_flutter:mergeDebugGeneratedProguardFiles (Thread[#55,included builds,5,main]) started.
[        ] :jni_flutter:mergeDebugGeneratedProguardFiles (Thread[#55,included builds,5,main]) started.
[        ] > Task :jni_flutter:mergeDebugGeneratedProguardFiles
[        ] Caching disabled for task ':jni_flutter:mergeDebugGeneratedProguardFiles' because:
[        ]   Build cache is disabled
[        ]   Simple merging task
[        ] Task ':jni_flutter:mergeDebugGeneratedProguardFiles' is not up-to-date because:
[        ]   No history is available.
[        ] Resolve mutations for :jni_flutter:mergeDebugConsumerProguardFiles (Thread[#55,included builds,5,main]) started.
[        ] :jni_flutter:mergeDebugConsumerProguardFiles (Thread[#55,included builds,5,main]) started.
[        ] > Task :jni_flutter:mergeDebugConsumerProguardFiles
[        ] Caching disabled for task ':jni_flutter:mergeDebugConsumerProguardFiles' because:
[        ]   Build cache is disabled
[        ]   Simple merging task
[        ] Task ':jni_flutter:mergeDebugConsumerProguardFiles' is not up-to-date because:
[        ]   No history is available.
[        ] Resolve mutations for :jni_flutter:prepareDebugArtProfile (Thread[#55,included builds,5,main]) started.
[        ] :jni_flutter:prepareDebugArtProfile (Thread[#55,included builds,5,main]) started.
[        ] > Task :jni_flutter:prepareDebugArtProfile
[        ] Caching disabled for task ':jni_flutter:prepareDebugArtProfile' because:
[        ]   Build cache is disabled
[        ]   Caching has been disabled for the task
[        ] Task ':jni_flutter:prepareDebugArtProfile' is not up-to-date because:
[        ]   No history is available.
[        ] file or directory '/home/ubuntu/.pub-cache/hosted/pub.dev/jni_flutter-1.0.2/android/src/main/baselineProfiles', not found
[        ] file or directory '/home/ubuntu/.pub-cache/hosted/pub.dev/jni_flutter-1.0.2/android/src/debug/baselineProfiles', not found
[        ] Resolve mutations for :jni_flutter:prepareLintJarForPublish (Thread[#55,included builds,5,main]) started.
[        ] :jni_flutter:prepareLintJarForPublish (Thread[#55,included builds,5,main]) started.
[        ] > Task :jni_flutter:prepareLintJarForPublish
[        ] Caching disabled for task ':jni_flutter:prepareLintJarForPublish' because:
[        ]   Build cache is disabled
[        ]   Caching has been disabled for the task
[        ] Task ':jni_flutter:prepareLintJarForPublish' is not up-to-date because:
[        ]   No history is available.
[        ] Resolve mutations for :jni_flutter:mergeDebugJavaResource (Thread[#55,included builds,5,main]) started.
[        ] :jni_flutter:mergeDebugJavaResource (Thread[#55,included builds,5,main]) started.
[        ] > Task :jni_flutter:mergeDebugJavaResource
[        ] Caching disabled for task ':jni_flutter:mergeDebugJavaResource' because:
[        ]   Build cache is disabled
[        ]   Caching has been disabled for the task
[        ] Task ':jni_flutter:mergeDebugJavaResource' is not up-to-date because:
[        ]   No history is available.
[        ] The input changes require a full rebuild for incremental task ':jni_flutter:mergeDebugJavaResource'.
[        ] Resolve mutations for :jni_flutter:syncDebugLibJars (Thread[#55,included builds,5,main]) started.
[        ] :jni_flutter:syncDebugLibJars (Thread[#55,included builds,5,main]) started.
[        ] > Task :jni_flutter:syncDebugLibJars
[        ] Caching disabled for task ':jni_flutter:syncDebugLibJars' because:
[        ]   Build cache is disabled
[        ] Task ':jni_flutter:syncDebugLibJars' is not up-to-date because:
[        ]   No history is available.
[        ] Resolve mutations for :jni_flutter:bundleDebugAar (Thread[#55,included builds,5,main]) started.
[        ] :jni_flutter:bundleDebugAar (Thread[#55,included builds,5,main]) started.
[        ] > Task :jni_flutter:bundleDebugAar
[        ] Caching disabled for task ':jni_flutter:bundleDebugAar' because:
[        ]   Build cache is disabled
[        ]   Caching has been disabled for the task
[        ] Task ':jni_flutter:bundleDebugAar' is not up-to-date because:
[        ]   No history is available.
[        ] file or directory '/home/ubuntu/FFM-source-2d123ad-v67/build/jni_flutter/intermediates/public_res/debug/packageDebugResources/public.txt', not found
[        ] file or directory '/home/ubuntu/FFM-source-2d123ad-v67/build/jni_flutter/intermediates/navigation_json_for_aar/debug/extractDeepLinksForAarDebug/navigation.json', not found
[        ] file or directory '/home/ubuntu/FFM-source-2d123ad-v67/build/jni_flutter/intermediates/annotations_zip/debug/extractDebugAnnotations/annotations.zip', not found
[        ] file or directory '/home/ubuntu/FFM-source-2d123ad-v67/build/jni_flutter/intermediates/lint_publish_jar/global/prepareLintJarForPublish/lint.jar', not found
[        ] file or directory '/home/ubuntu/FFM-source-2d123ad-v67/build/jni_flutter/intermediates/library_art_profile/debug/prepareDebugArtProfile/baseline-prof.txt', not found
[        ] Resolve mutations for :jni_flutter:assembleDebug (Thread[#55,included builds,5,main]) started.
[        ] :jni_flutter:assembleDebug (Thread[#55,included builds,5,main]) started.
[        ] > Task :jni_flutter:assembleDebug
[        ] Skipping task ':jni_flutter:assembleDebug' as it has no actions.
[        ] Resolve mutations for :local_auth_android:checkDebugAarMetadata (Thread[#55,included builds,5,main]) started.
[        ] :local_auth_android:checkDebugAarMetadata (Thread[#55,included builds,5,main]) started.
[ +298 ms] > Task :local_auth_android:checkDebugAarMetadata
[        ] Downloading https://dl.google.com/dl/android/maven2/androidx/arch/core/core-common/2.1.0/core-common-2.1.0.pom to /home/ubuntu/.gradle/.tmp/gradle_download2506977510060186284bin
[        ] Downloading https://dl.google.com/dl/android/maven2/androidx/arch/core/core-runtime/2.1.0/core-runtime-2.1.0.pom to /home/ubuntu/.gradle/.tmp/gradle_download4697323394588457528bin
[        ] Caching disabled for task ':local_auth_android:checkDebugAarMetadata' because:
[        ]   Build cache is disabled
[        ]   Caching has been disabled for the task
[        ] Task ':local_auth_android:checkDebugAarMetadata' is not up-to-date because:
[        ]   No history is available.
[        ] Resolve mutations for :local_auth_android:stripDebugDebugSymbols (Thread[#55,included builds,5,main]) started.
[        ] :local_auth_android:stripDebugDebugSymbols (Thread[#55,included builds,5,main]) started.
[        ] > Task :local_auth_android:stripDebugDebugSymbols NO-SOURCE
[        ] Skipping task ':local_auth_android:stripDebugDebugSymbols' as it has no source files and no previous output files.
[        ] Resolve mutations for :local_auth_android:copyDebugJniLibsProjectAndLocalJars (Thread[#55,included builds,5,main]) started.
[        ] :local_auth_android:copyDebugJniLibsProjectAndLocalJars (Thread[#55,included builds,5,main]) started.
[        ] > Task :local_auth_android:copyDebugJniLibsProjectAndLocalJars
[        ] Caching disabled for task ':local_auth_android:copyDebugJniLibsProjectAndLocalJars' because:
[        ]   Build cache is disabled
[        ]   Caching has been disabled for the task
[        ] Task ':local_auth_android:copyDebugJniLibsProjectAndLocalJars' is not up-to-date because:
[        ]   No history is available.
[        ] Resolve mutations for :local_auth_android:extractDebugAnnotations (Thread[#55,included builds,5,main]) started.
[        ] :local_auth_android:extractDebugAnnotations (Thread[#55,included builds,5,main]) started.
[        ] > Task :local_auth_android:extractDebugAnnotations
[        ] Caching disabled for task ':local_auth_android:extractDebugAnnotations' because:
[        ]   Build cache is disabled
[        ] Task ':local_auth_android:extractDebugAnnotations' is not up-to-date because:
[        ]   No history is available.
[        ] file or directory '/home/ubuntu/.pub-cache/hosted/pub.dev/local_auth_android-2.0.9/android/src/debug/java', not found
[        ] file or directory '/home/ubuntu/.pub-cache/hosted/pub.dev/local_auth_android-2.0.9/android/src/debug/kotlin', not found
[        ] Resolve mutations for :local_auth_android:extractDeepLinksForAarDebug (Thread[#55,included builds,5,main]) started.
[        ] :local_auth_android:extractDeepLinksForAarDebug (Thread[#55,included builds,5,main]) started.
[        ] > Task :local_auth_android:extractDeepLinksForAarDebug
[        ] Caching disabled for task ':local_auth_android:extractDeepLinksForAarDebug' because:
[        ]   Build cache is disabled
[        ] Task ':local_auth_android:extractDeepLinksForAarDebug' is not up-to-date because:
[        ]   No history is available.
[        ] Resolve mutations for :local_auth_android:mergeDebugGeneratedProguardFiles (Thread[#55,included builds,5,main]) started.
[        ] :local_auth_android:mergeDebugGeneratedProguardFiles (Thread[#55,included builds,5,main]) started.
[        ] > Task :local_auth_android:mergeDebugGeneratedProguardFiles
[        ] Caching disabled for task ':local_auth_android:mergeDebugGeneratedProguardFiles' because:
[        ]   Build cache is disabled
[        ]   Simple merging task
[        ] Task ':local_auth_android:mergeDebugGeneratedProguardFiles' is not up-to-date because:
[        ]   No history is available.
[        ] Resolve mutations for :local_auth_android:mergeDebugConsumerProguardFiles (Thread[#55,included builds,5,main]) started.
[        ] :local_auth_android:mergeDebugConsumerProguardFiles (Thread[#55,included builds,5,main]) started.
[        ] > Task :local_auth_android:mergeDebugConsumerProguardFiles
[        ] Caching disabled for task ':local_auth_android:mergeDebugConsumerProguardFiles' because:
[        ]   Build cache is disabled
[        ]   Simple merging task
[        ] Task ':local_auth_android:mergeDebugConsumerProguardFiles' is not up-to-date because:
[        ]   No history is available.
[        ] Resolve mutations for :local_auth_android:prepareDebugArtProfile (Thread[#55,included builds,5,main]) started.
[        ] :local_auth_android:prepareDebugArtProfile (Thread[#55,included builds,5,main]) started.
[        ] > Task :local_auth_android:prepareDebugArtProfile
[        ] Caching disabled for task ':local_auth_android:prepareDebugArtProfile' because:
[        ]   Build cache is disabled
[        ]   Caching has been disabled for the task
[        ] Task ':local_auth_android:prepareDebugArtProfile' is not up-to-date because:
[        ]   No history is available.
[        ] file or directory '/home/ubuntu/.pub-cache/hosted/pub.dev/local_auth_android-2.0.9/android/src/main/baselineProfiles', not found
[        ] file or directory '/home/ubuntu/.pub-cache/hosted/pub.dev/local_auth_android-2.0.9/android/src/debug/baselineProfiles', not found
[        ] Resolve mutations for :local_auth_android:prepareLintJarForPublish (Thread[#55,included builds,5,main]) started.
[        ] :local_auth_android:prepareLintJarForPublish (Thread[#55,included builds,5,main]) started.
[        ] > Task :local_auth_android:prepareLintJarForPublish
[        ] Caching disabled for task ':local_auth_android:prepareLintJarForPublish' because:
[        ]   Build cache is disabled
[        ]   Caching has been disabled for the task
[        ] Task ':local_auth_android:prepareLintJarForPublish' is not up-to-date because:
[        ]   No history is available.
[        ] Resolve mutations for :local_auth_android:mergeDebugJavaResource (Thread[#55,included builds,5,main]) started.
[        ] :local_auth_android:mergeDebugJavaResource (Thread[#55,included builds,5,main]) started.
[        ] > Task :local_auth_android:mergeDebugJavaResource
[        ] Caching disabled for task ':local_auth_android:mergeDebugJavaResource' because:
[        ]   Build cache is disabled
[        ]   Caching has been disabled for the task
[        ] Task ':local_auth_android:mergeDebugJavaResource' is not up-to-date because:
[        ]   No history is available.
[        ] The input changes require a full rebuild for incremental task ':local_auth_android:mergeDebugJavaResource'.
[        ] Resolve mutations for :local_auth_android:syncDebugLibJars (Thread[#55,included builds,5,main]) started.
[        ] :local_auth_android:syncDebugLibJars (Thread[#55,included builds,5,main]) started.
[        ] > Task :local_auth_android:syncDebugLibJars
[        ] Caching disabled for task ':local_auth_android:syncDebugLibJars' because:
[        ]   Build cache is disabled
[        ] Task ':local_auth_android:syncDebugLibJars' is not up-to-date because:
[        ]   No history is available.
[        ] Resolve mutations for :local_auth_android:bundleDebugAar (Thread[#55,included builds,5,main]) started.
[        ] :local_auth_android:bundleDebugAar (Thread[#55,included builds,5,main]) started.
[        ] > Task :local_auth_android:bundleDebugAar
[        ] Caching disabled for task ':local_auth_android:bundleDebugAar' because:
[        ]   Build cache is disabled
[        ]   Caching has been disabled for the task
[        ] Task ':local_auth_android:bundleDebugAar' is not up-to-date because:
[        ]   No history is available.
[        ] file or directory '/home/ubuntu/FFM-source-2d123ad-v67/build/local_auth_android/intermediates/public_res/debug/packageDebugResources/public.txt', not found
[        ] file or directory '/home/ubuntu/FFM-source-2d123ad-v67/build/local_auth_android/intermediates/navigation_json_for_aar/debug/extractDeepLinksForAarDebug/navigation.json', not found
[        ] file or directory '/home/ubuntu/FFM-source-2d123ad-v67/build/local_auth_android/intermediates/annotations_zip/debug/extractDebugAnnotations/annotations.zip', not found
[        ] file or directory '/home/ubuntu/FFM-source-2d123ad-v67/build/local_auth_android/intermediates/merged_consumer_proguard_file/debug/mergeDebugConsumerProguardFiles/proguard.txt', not found
[        ] file or directory '/home/ubuntu/FFM-source-2d123ad-v67/build/local_auth_android/intermediates/lint_publish_jar/global/prepareLintJarForPublish/lint.jar', not found
[        ] file or directory '/home/ubuntu/FFM-source-2d123ad-v67/build/local_auth_android/intermediates/library_art_profile/debug/prepareDebugArtProfile/baseline-prof.txt', not found
[        ] Resolve mutations for :local_auth_android:assembleDebug (Thread[#55,included builds,5,main]) started.
[        ] :local_auth_android:assembleDebug (Thread[#55,included builds,5,main]) started.
[        ] > Task :local_auth_android:assembleDebug
[        ] Skipping task ':local_auth_android:assembleDebug' as it has no actions.
[        ] Resolve mutations for :printing:checkDebugAarMetadata (Thread[#55,included builds,5,main]) started.
[        ] :printing:checkDebugAarMetadata (Thread[#55,included builds,5,main]) started.
[        ] > Task :printing:checkDebugAarMetadata
[        ] Caching disabled for task ':printing:checkDebugAarMetadata' because:
[        ]   Build cache is disabled
[        ]   Caching has been disabled for the task
[        ] Task ':printing:checkDebugAarMetadata' is not up-to-date because:
[        ]   No history is available.
[        ] Resolve mutations for :printing:stripDebugDebugSymbols (Thread[#55,included builds,5,main]) started.
[        ] :printing:stripDebugDebugSymbols (Thread[#55,included builds,5,main]) started.
[        ] > Task :printing:stripDebugDebugSymbols NO-SOURCE
[        ] Skipping task ':printing:stripDebugDebugSymbols' as it has no source files and no previous output files.
[        ] Resolve mutations for :printing:copyDebugJniLibsProjectAndLocalJars (Thread[#55,included builds,5,main]) started.
[        ] :printing:copyDebugJniLibsProjectAndLocalJars (Thread[#55,included builds,5,main]) started.
[        ] > Task :printing:copyDebugJniLibsProjectAndLocalJars
[        ] Caching disabled for task ':printing:copyDebugJniLibsProjectAndLocalJars' because:
[        ]   Build cache is disabled
[        ]   Caching has been disabled for the task
[        ] Task ':printing:copyDebugJniLibsProjectAndLocalJars' is not up-to-date because:
[        ]   No history is available.
[        ] Resolve mutations for :printing:extractDebugAnnotations (Thread[#55,included builds,5,main]) started.
[        ] :printing:extractDebugAnnotations (Thread[#55,included builds,5,main]) started.
[  +97 ms] > Task :printing:extractDebugAnnotations
[        ] Caching disabled for task ':printing:extractDebugAnnotations' because:
[        ]   Build cache is disabled
[        ] Task ':printing:extractDebugAnnotations' is not up-to-date because:
[        ]   No history is available.
[        ] file or directory '/home/ubuntu/.pub-cache/hosted/pub.dev/printing-5.14.3/android/src/debug/java', not found
[        ] file or directory '/home/ubuntu/.pub-cache/hosted/pub.dev/printing-5.14.3/android/src/main/kotlin', not found
[        ] file or directory '/home/ubuntu/.pub-cache/hosted/pub.dev/printing-5.14.3/android/src/debug/kotlin', not found
[        ] Resolve mutations for :printing:extractDeepLinksForAarDebug (Thread[#55,included builds,5,main]) started.
[        ] :printing:extractDeepLinksForAarDebug (Thread[#55,included builds,5,main]) started.
[        ] > Task :printing:extractDeepLinksForAarDebug
[        ] Caching disabled for task ':printing:extractDeepLinksForAarDebug' because:
[        ]   Build cache is disabled
[        ] Task ':printing:extractDeepLinksForAarDebug' is not up-to-date because:
[        ]   No history is available.
[        ] Resolve mutations for :printing:mergeDebugGeneratedProguardFiles (Thread[#55,included builds,5,main]) started.
[        ] :printing:mergeDebugGeneratedProguardFiles (Thread[#55,included builds,5,main]) started.
[        ] > Task :printing:mergeDebugGeneratedProguardFiles
[        ] Caching disabled for task ':printing:mergeDebugGeneratedProguardFiles' because:
[        ]   Build cache is disabled
[        ]   Simple merging task
[        ] Task ':printing:mergeDebugGeneratedProguardFiles' is not up-to-date because:
[        ]   No history is available.
[        ] Resolve mutations for :printing:mergeDebugConsumerProguardFiles (Thread[#55,included builds,5,main]) started.
[        ] :printing:mergeDebugConsumerProguardFiles (Thread[#55,included builds,5,main]) started.
[        ] > Task :printing:mergeDebugConsumerProguardFiles
[        ] Caching disabled for task ':printing:mergeDebugConsumerProguardFiles' because:
[        ]   Build cache is disabled
[        ]   Simple merging task
[        ] Task ':printing:mergeDebugConsumerProguardFiles' is not up-to-date because:
[        ]   No history is available.
[        ] Resolve mutations for :printing:prepareDebugArtProfile (Thread[#55,included builds,5,main]) started.
[        ] :printing:prepareDebugArtProfile (Thread[#55,included builds,5,main]) started.
[        ] > Task :printing:prepareDebugArtProfile
[        ] Caching disabled for task ':printing:prepareDebugArtProfile' because:
[        ]   Build cache is disabled
[        ]   Caching has been disabled for the task
[        ] Task ':printing:prepareDebugArtProfile' is not up-to-date because:
[        ]   No history is available.
[        ] file or directory '/home/ubuntu/.pub-cache/hosted/pub.dev/printing-5.14.3/android/src/main/baselineProfiles', not found
[        ] file or directory '/home/ubuntu/.pub-cache/hosted/pub.dev/printing-5.14.3/android/src/debug/baselineProfiles', not found
[        ] Resolve mutations for :printing:prepareLintJarForPublish (Thread[#55,included builds,5,main]) started.
[        ] :printing:prepareLintJarForPublish (Thread[#55,included builds,5,main]) started.
[        ] > Task :printing:prepareLintJarForPublish
[        ] Caching disabled for task ':printing:prepareLintJarForPublish' because:
[        ]   Build cache is disabled
[        ]   Caching has been disabled for the task
[        ] Task ':printing:prepareLintJarForPublish' is not up-to-date because:
[        ]   No history is available.
[        ] Resolve mutations for :printing:mergeDebugJavaResource (Thread[#55,included builds,5,main]) started.
[        ] :printing:mergeDebugJavaResource (Thread[#55,included builds,5,main]) started.
[        ] > Task :printing:mergeDebugJavaResource
[        ] Caching disabled for task ':printing:mergeDebugJavaResource' because:
[        ]   Build cache is disabled
[        ]   Caching has been disabled for the task
[        ] Task ':printing:mergeDebugJavaResource' is not up-to-date because:
[        ]   No history is available.
[        ] The input changes require a full rebuild for incremental task ':printing:mergeDebugJavaResource'.
[        ] Resolve mutations for :printing:syncDebugLibJars (Thread[#55,included builds,5,main]) started.
[        ] :printing:syncDebugLibJars (Thread[#55,included builds,5,main]) started.
[        ] > Task :printing:syncDebugLibJars
[        ] Caching disabled for task ':printing:syncDebugLibJars' because:
[        ]   Build cache is disabled
[        ] Task ':printing:syncDebugLibJars' is not up-to-date because:
[        ]   No history is available.
[        ] Resolve mutations for :printing:bundleDebugAar (Thread[#55,included builds,5,main]) started.
[        ] :printing:bundleDebugAar (Thread[#55,included builds,5,main]) started.
[        ] > Task :printing:bundleDebugAar
[        ] Caching disabled for task ':printing:bundleDebugAar' because:
[        ]   Build cache is disabled
[        ]   Caching has been disabled for the task
[        ] Task ':printing:bundleDebugAar' is not up-to-date because:
[        ]   No history is available.
[        ] file or directory '/home/ubuntu/FFM-source-2d123ad-v67/build/printing/intermediates/public_res/debug/packageDebugResources/public.txt', not found
[        ] file or directory '/home/ubuntu/FFM-source-2d123ad-v67/build/printing/intermediates/navigation_json_for_aar/debug/extractDeepLinksForAarDebug/navigation.json', not found
[        ] file or directory '/home/ubuntu/FFM-source-2d123ad-v67/build/printing/intermediates/annotations_zip/debug/extractDebugAnnotations/annotations.zip', not found
[        ] file or directory '/home/ubuntu/FFM-source-2d123ad-v67/build/printing/intermediates/merged_consumer_proguard_file/debug/mergeDebugConsumerProguardFiles/proguard.txt', not found
[        ] file or directory '/home/ubuntu/FFM-source-2d123ad-v67/build/printing/intermediates/lint_publish_jar/global/prepareLintJarForPublish/lint.jar', not found
[        ] file or directory '/home/ubuntu/FFM-source-2d123ad-v67/build/printing/intermediates/library_art_profile/debug/prepareDebugArtProfile/baseline-prof.txt', not found
[        ] Resolve mutations for :printing:assembleDebug (Thread[#55,included builds,5,main]) started.
[        ] :printing:assembleDebug (Thread[#55,included builds,5,main]) started.
[        ] > Task :printing:assembleDebug
[        ] Skipping task ':printing:assembleDebug' as it has no actions.
[        ] Resolve mutations for :share_plus:checkDebugAarMetadata (Thread[#55,included builds,5,main]) started.
[        ] :share_plus:checkDebugAarMetadata (Thread[#55,included builds,5,main]) started.
[  +98 ms] > Task :share_plus:checkDebugAarMetadata
[        ] Caching disabled for ExtractAarTransform: /home/ubuntu/.gradle/caches/modules-2/files-2.1/androidx.core/core/1.16.0/3a0b0bf75b4649cad42a39b6356fec1eea63cfc8/core-1.16.0.aar because:
[        ]   Build cache is disabled
[        ]   Caching not enabled.
[        ] Caching disabled for AarTransform: /home/ubuntu/.gradle/caches/9.3.1/transforms/11d03124ba77c8321825555efd109a17/transformed/core-1.16.0 because:
[        ]   Build cache is disabled
[        ]   Caching not enabled.
[        ] Caching disabled for ExtractAarTransform: /home/ubuntu/.gradle/caches/modules-2/files-2.1/androidx.core/core-ktx/1.16.0/fb0ea209ea2411dc5106cd1c95b513c81ce8aedb/core-ktx-1.16.0.aar because:
[        ]   Build cache is disabled
[        ]   Caching not enabled.
[        ] Caching disabled for AarTransform: /home/ubuntu/.gradle/caches/9.3.1/transforms/7edd38f723358a62aa3540b814460dac/transformed/core-ktx-1.16.0 because:
[        ]   Build cache is disabled
[        ]   Caching not enabled.
[        ] Caching disabled for task ':share_plus:checkDebugAarMetadata' because:
[        ]   Build cache is disabled
[        ]   Caching has been disabled for the task
[        ] Task ':share_plus:checkDebugAarMetadata' is not up-to-date because:
[        ]   No history is available.
[        ] Resolve mutations for :share_plus:stripDebugDebugSymbols (Thread[#55,included builds,5,main]) started.
[        ] :share_plus:stripDebugDebugSymbols (Thread[#55,included builds,5,main]) started.
[        ] > Task :share_plus:stripDebugDebugSymbols NO-SOURCE
[        ] Skipping task ':share_plus:stripDebugDebugSymbols' as it has no source files and no previous output files.
[        ] Resolve mutations for :share_plus:copyDebugJniLibsProjectAndLocalJars (Thread[#55,included builds,5,main]) started.
[        ] :share_plus:copyDebugJniLibsProjectAndLocalJars (Thread[#55,included builds,5,main]) started.
[        ] > Task :share_plus:copyDebugJniLibsProjectAndLocalJars
[        ] Caching disabled for task ':share_plus:copyDebugJniLibsProjectAndLocalJars' because:
[        ]   Build cache is disabled
[        ]   Caching has been disabled for the task
[        ] Task ':share_plus:copyDebugJniLibsProjectAndLocalJars' is not up-to-date because:
[        ]   No history is available.
[        ] Resolve mutations for :share_plus:extractDebugAnnotations (Thread[#55,included builds,5,main]) started.
[        ] :share_plus:extractDebugAnnotations (Thread[#55,included builds,5,main]) started.
[  +99 ms] > Task :share_plus:extractDebugAnnotations
[        ] Caching disabled for task ':share_plus:extractDebugAnnotations' because:
[        ]   Build cache is disabled
[        ] Task ':share_plus:extractDebugAnnotations' is not up-to-date because:
[        ]   No history is available.
[        ] file or directory '/home/ubuntu/.pub-cache/hosted/pub.dev/share_plus-13.3.0/android/src/main/java', not found
[        ] file or directory '/home/ubuntu/.pub-cache/hosted/pub.dev/share_plus-13.3.0/android/src/debug/java', not found
[        ] file or directory '/home/ubuntu/.pub-cache/hosted/pub.dev/share_plus-13.3.0/android/src/debug/kotlin', not found
[        ] Resolve mutations for :share_plus:extractDeepLinksForAarDebug (Thread[#55,included builds,5,main]) started.
[        ] :share_plus:extractDeepLinksForAarDebug (Thread[#55,included builds,5,main]) started.
[        ] > Task :share_plus:extractDeepLinksForAarDebug
[        ] Caching disabled for task ':share_plus:extractDeepLinksForAarDebug' because:
[        ]   Build cache is disabled
[        ] Task ':share_plus:extractDeepLinksForAarDebug' is not up-to-date because:
[        ]   No history is available.
[        ] Resolve mutations for :share_plus:mergeDebugGeneratedProguardFiles (Thread[#55,included builds,5,main]) started.
[        ] :share_plus:mergeDebugGeneratedProguardFiles (Thread[#55,included builds,5,main]) started.
[  +99 ms] > Task :share_plus:mergeDebugGeneratedProguardFiles
[        ] Caching disabled for task ':share_plus:mergeDebugGeneratedProguardFiles' because:
[        ]   Build cache is disabled
[        ]   Simple merging task
[        ] Task ':share_plus:mergeDebugGeneratedProguardFiles' is not up-to-date because:
[        ]   No history is available.
[        ] Resolve mutations for :share_plus:mergeDebugConsumerProguardFiles (Thread[#55,included builds,5,main]) started.
[        ] :share_plus:mergeDebugConsumerProguardFiles (Thread[#55,included builds,5,main]) started.
[        ] > Task :share_plus:mergeDebugConsumerProguardFiles
[        ] Caching disabled for task ':share_plus:mergeDebugConsumerProguardFiles' because:
[        ]   Build cache is disabled
[        ]   Simple merging task
[        ] Task ':share_plus:mergeDebugConsumerProguardFiles' is not up-to-date because:
[        ]   No history is available.
[        ] Resolve mutations for :share_plus:prepareDebugArtProfile (Thread[#55,included builds,5,main]) started.
[        ] :share_plus:prepareDebugArtProfile (Thread[#55,included builds,5,main]) started.
[        ] > Task :share_plus:prepareDebugArtProfile
[        ] Caching disabled for task ':share_plus:prepareDebugArtProfile' because:
[        ]   Build cache is disabled
[        ]   Caching has been disabled for the task
[        ] Task ':share_plus:prepareDebugArtProfile' is not up-to-date because:
[        ]   No history is available.
[        ] file or directory '/home/ubuntu/.pub-cache/hosted/pub.dev/share_plus-13.3.0/android/src/main/baselineProfiles', not found
[        ] file or directory '/home/ubuntu/.pub-cache/hosted/pub.dev/share_plus-13.3.0/android/src/debug/baselineProfiles', not found
[        ] Resolve mutations for :share_plus:prepareLintJarForPublish (Thread[#55,included builds,5,main]) started.
[        ] :share_plus:prepareLintJarForPublish (Thread[#55,included builds,5,main]) started.
[        ] > Task :share_plus:prepareLintJarForPublish
[        ] Caching disabled for task ':share_plus:prepareLintJarForPublish' because:
[        ]   Build cache is disabled
[        ]   Caching has been disabled for the task
[        ] Task ':share_plus:prepareLintJarForPublish' is not up-to-date because:
[        ]   No history is available.
[        ] Resolve mutations for :share_plus:mergeDebugJavaResource (Thread[#55,included builds,5,main]) started.
[        ] :share_plus:mergeDebugJavaResource (Thread[#55,included builds,5,main]) started.
[        ] > Task :share_plus:mergeDebugJavaResource
[        ] Caching disabled for task ':share_plus:mergeDebugJavaResource' because:
[        ]   Build cache is disabled
[        ]   Caching has been disabled for the task
[        ] Task ':share_plus:mergeDebugJavaResource' is not up-to-date because:
[        ]   No history is available.
[        ] The input changes require a full rebuild for incremental task ':share_plus:mergeDebugJavaResource'.
[        ] Resolve mutations for :share_plus:syncDebugLibJars (Thread[#55,included builds,5,main]) started.
[        ] :share_plus:syncDebugLibJars (Thread[#55,included builds,5,main]) started.
[        ] > Task :share_plus:syncDebugLibJars
[        ] Caching disabled for task ':share_plus:syncDebugLibJars' because:
[        ]   Build cache is disabled
[        ] Task ':share_plus:syncDebugLibJars' is not up-to-date because:
[        ]   No history is available.
[        ] Resolve mutations for :share_plus:bundleDebugAar (Thread[#55,included builds,5,main]) started.
[        ] :share_plus:bundleDebugAar (Thread[#55,included builds,5,main]) started.
[        ] > Task :share_plus:bundleDebugAar
[        ] Caching disabled for task ':share_plus:bundleDebugAar' because:
[        ]   Build cache is disabled
[        ]   Caching has been disabled for the task
[        ] Task ':share_plus:bundleDebugAar' is not up-to-date because:
[        ]   No history is available.
[        ] file or directory '/home/ubuntu/FFM-source-2d123ad-v67/build/share_plus/intermediates/public_res/debug/packageDebugResources/public.txt', not found
[        ] file or directory '/home/ubuntu/FFM-source-2d123ad-v67/build/share_plus/intermediates/navigation_json_for_aar/debug/extractDeepLinksForAarDebug/navigation.json', not found
[        ] file or directory '/home/ubuntu/FFM-source-2d123ad-v67/build/share_plus/intermediates/annotations_zip/debug/extractDebugAnnotations/annotations.zip', not found
[        ] file or directory '/home/ubuntu/FFM-source-2d123ad-v67/build/share_plus/intermediates/merged_consumer_proguard_file/debug/mergeDebugConsumerProguardFiles/proguard.txt', not found
[        ] file or directory '/home/ubuntu/FFM-source-2d123ad-v67/build/share_plus/intermediates/lint_publish_jar/global/prepareLintJarForPublish/lint.jar', not found
[        ] file or directory '/home/ubuntu/FFM-source-2d123ad-v67/build/share_plus/intermediates/library_art_profile/debug/prepareDebugArtProfile/baseline-prof.txt', not found
[        ] Resolve mutations for :share_plus:assembleDebug (Thread[#55,included builds,5,main]) started.
[        ] :share_plus:assembleDebug (Thread[#55,included builds,5,main]) started.
[        ] > Task :share_plus:assembleDebug
[        ] Skipping task ':share_plus:assembleDebug' as it has no actions.
[        ] Resolve mutations for :shared_preferences_android:checkDebugAarMetadata (Thread[#55,included builds,5,main]) started.
[        ] :shared_preferences_android:checkDebugAarMetadata (Thread[#55,included builds,5,main]) started.
[  +97 ms] > Task :shared_preferences_android:checkDebugAarMetadata
[        ] Caching disabled for ExtractAarTransform: /home/ubuntu/.gradle/caches/modules-2/files-2.1/androidx.fragment/fragment-ktx/1.7.1/8d2b3390a01789b8212f5126a78560746baf46bb/fragment-ktx-1.7.1.aar because:
[        ]   Build cache is disabled
[        ]   Caching not enabled.
[        ] Caching disabled for AarTransform: /home/ubuntu/.gradle/caches/9.3.1/transforms/185ef1024ea4b8de184f956b833ac40a/transformed/fragment-ktx-1.7.1 because:
[        ]   Build cache is disabled
[        ]   Caching not enabled.
[        ] Caching disabled for ExtractAarTransform: /home/ubuntu/.gradle/caches/modules-2/files-2.1/androidx.lifecycle/lifecycle-runtime-ktx/2.7.0/99b5608d5971ae4cb95dea85cd0a2bdb1519b89d/lifecycle-runtime-ktx-2.7.0.aar because:
[        ]   Build cache is disabled
[        ]   Caching not enabled.
[        ] Caching disabled for AarTransform: /home/ubuntu/.gradle/caches/9.3.1/transforms/bcc68d1ab496af16533338b8f60a5b3c/transformed/lifecycle-runtime-ktx-2.7.0 because:
[        ]   Build cache is disabled
[        ]   Caching not enabled.
[        ] Caching disabled for ExtractAarTransform: /home/ubuntu/.gradle/caches/modules-2/files-2.1/androidx.lifecycle/lifecycle-viewmodel-ktx/2.7.0/421575b66dd75fa2a1bd425f9ab335461dd10721/lifecycle-viewmodel-ktx-2.7.0.aar because:
[        ]   Build cache is disabled
[        ]   Caching not enabled.
[        ] Caching disabled for AarTransform: /home/ubuntu/.gradle/caches/9.3.1/transforms/fa680d2c652d4a5fee36a8142f0bc47f/transformed/lifecycle-viewmodel-ktx-2.7.0 because:
[        ]   Build cache is disabled
[        ]   Caching not enabled.
[        ] Caching disabled for ExtractAarTransform: /home/ubuntu/.gradle/caches/modules-2/files-2.1/androidx.appcompat/appcompat-resources/1.1.0/a573b2ab146d686244721ef1038d08043f18c67f/appcompat-resources-1.1.0.aar because:
[        ]   Build cache is disabled
[        ]   Caching not enabled.
[        ] Caching disabled for AarTransform: /home/ubuntu/.gradle/caches/9.3.1/transforms/61070a8fba1ea80b750da88bf19a92c7/transformed/appcompat-resources-1.1.0 because:
[        ]   Build cache is disabled
[        ]   Caching not enabled.
[        ] Caching disabled for ExtractAarTransform: /home/ubuntu/.gradle/caches/modules-2/files-2.1/androidx.savedstate/savedstate-ktx/1.2.1/b86d338d91b1c26193a42b1d87be9bb02123fa16/savedstate-ktx-1.2.1.aar because:
[        ]   Build cache is disabled
[        ]   Caching not enabled.
[        ] Caching disabled for AarTransform: /home/ubuntu/.gradle/caches/9.3.1/transforms/87fc5e4fc92461a94440f9843cba1254/transformed/savedstate-ktx-1.2.1 because:
[        ]   Build cache is disabled
[        ]   Caching not enabled.
[        ] Caching disabled for ExtractAarTransform: /home/ubuntu/.gradle/caches/modules-2/files-2.1/androidx.appcompat/appcompat/1.1.0/351d3409fe51f3d862bd2b1bcc0f3b6ded29460e/appcompat-1.1.0.aar because:
[        ]   Build cache is disabled
[        ]   Caching not enabled.
[        ] Caching disabled for AarTransform: /home/ubuntu/.gradle/caches/9.3.1/transforms/01d73e21b5ac055796b537161fdf2798/transformed/appcompat-1.1.0 because:
[        ]   Build cache is disabled
[        ]   Caching not enabled.
[        ] Caching disabled for task ':shared_preferences_android:checkDebugAarMetadata' because:
[        ]   Build cache is disabled
[        ]   Caching has been disabled for the task
[        ] Task ':shared_preferences_android:checkDebugAarMetadata' is not up-to-date because:
[        ]   No history is available.
[        ] Resolve mutations for :shared_preferences_android:stripDebugDebugSymbols (Thread[#55,included builds,5,main]) started.
[        ] :shared_preferences_android:stripDebugDebugSymbols (Thread[#55,included builds,5,main]) started.
[        ] > Task :shared_preferences_android:stripDebugDebugSymbols NO-SOURCE
[        ] Skipping task ':shared_preferences_android:stripDebugDebugSymbols' as it has no source files and no previous output files.
[        ] Resolve mutations for :shared_preferences_android:copyDebugJniLibsProjectAndLocalJars (Thread[#55,included builds,5,main]) started.
[        ] :shared_preferences_android:copyDebugJniLibsProjectAndLocalJars (Thread[#55,included builds,5,main]) started.
[        ] > Task :shared_preferences_android:copyDebugJniLibsProjectAndLocalJars
[        ] Caching disabled for task ':shared_preferences_android:copyDebugJniLibsProjectAndLocalJars' because:
[        ]   Build cache is disabled
[        ]   Caching has been disabled for the task
[        ] Task ':shared_preferences_android:copyDebugJniLibsProjectAndLocalJars' is not up-to-date because:
[        ]   No history is available.
[        ] Resolve mutations for :shared_preferences_android:extractDebugAnnotations (Thread[#55,included builds,5,main]) started.
[        ] :shared_preferences_android:extractDebugAnnotations (Thread[#55,included builds,5,main]) started.
[  +98 ms] > Task :shared_preferences_android:extractDebugAnnotations
[        ] Caching disabled for task ':shared_preferences_android:extractDebugAnnotations' because:
[        ]   Build cache is disabled
[        ] Task ':shared_preferences_android:extractDebugAnnotations' is not up-to-date because:
[        ]   No history is available.
[        ] file or directory '/home/ubuntu/.pub-cache/hosted/pub.dev/shared_preferences_android-2.4.27/android/src/main/java', not found
[        ] file or directory '/home/ubuntu/.pub-cache/hosted/pub.dev/shared_preferences_android-2.4.27/android/src/debug/java', not found
[        ] file or directory '/home/ubuntu/.pub-cache/hosted/pub.dev/shared_preferences_android-2.4.27/android/src/debug/kotlin', not found
[        ] Resolve mutations for :shared_preferences_android:extractDeepLinksForAarDebug (Thread[#55,included builds,5,main]) started.
[        ] :shared_preferences_android:extractDeepLinksForAarDebug (Thread[#55,included builds,5,main]) started.
[        ] > Task :shared_preferences_android:extractDeepLinksForAarDebug
[        ] Caching disabled for task ':shared_preferences_android:extractDeepLinksForAarDebug' because:
[        ]   Build cache is disabled
[        ] Task ':shared_preferences_android:extractDeepLinksForAarDebug' is not up-to-date because:
[        ]   No history is available.
[        ] Resolve mutations for :shared_preferences_android:mergeDebugGeneratedProguardFiles (Thread[#55,included builds,5,main]) started.
[        ] :shared_preferences_android:mergeDebugGeneratedProguardFiles (Thread[#55,included builds,5,main]) started.
[        ] > Task :shared_preferences_android:mergeDebugGeneratedProguardFiles
[        ] Caching disabled for task ':shared_preferences_android:mergeDebugGeneratedProguardFiles' because:
[        ]   Build cache is disabled
[        ]   Simple merging task
[        ] Task ':shared_preferences_android:mergeDebugGeneratedProguardFiles' is not up-to-date because:
[        ]   No history is available.
[        ] Resolve mutations for :shared_preferences_android:mergeDebugConsumerProguardFiles (Thread[#55,included builds,5,main]) started.
[        ] :shared_preferences_android:mergeDebugConsumerProguardFiles (Thread[#55,included builds,5,main]) started.
[        ] > Task :shared_preferences_android:mergeDebugConsumerProguardFiles
[        ] Caching disabled for task ':shared_preferences_android:mergeDebugConsumerProguardFiles' because:
[        ]   Build cache is disabled
[        ]   Simple merging task
[        ] Task ':shared_preferences_android:mergeDebugConsumerProguardFiles' is not up-to-date because:
[        ]   No history is available.
[        ] Resolve mutations for :shared_preferences_android:prepareDebugArtProfile (Thread[#55,included builds,5,main]) started.
[        ] :shared_preferences_android:prepareDebugArtProfile (Thread[#55,included builds,5,main]) started.
[        ] > Task :shared_preferences_android:prepareDebugArtProfile
[        ] Caching disabled for task ':shared_preferences_android:prepareDebugArtProfile' because:
[        ]   Build cache is disabled
[        ]   Caching has been disabled for the task
[        ] Task ':shared_preferences_android:prepareDebugArtProfile' is not up-to-date because:
[        ]   No history is available.
[        ] file or directory '/home/ubuntu/.pub-cache/hosted/pub.dev/shared_preferences_android-2.4.27/android/src/main/baselineProfiles', not found
[        ] file or directory '/home/ubuntu/.pub-cache/hosted/pub.dev/shared_preferences_android-2.4.27/android/src/debug/baselineProfiles', not found
[        ] Resolve mutations for :shared_preferences_android:prepareLintJarForPublish (Thread[#55,included builds,5,main]) started.
[        ] :shared_preferences_android:prepareLintJarForPublish (Thread[#55,included builds,5,main]) started.
[        ] > Task :shared_preferences_android:prepareLintJarForPublish
[        ] Caching disabled for task ':shared_preferences_android:prepareLintJarForPublish' because:
[        ]   Build cache is disabled
[        ]   Caching has been disabled for the task
[        ] Task ':shared_preferences_android:prepareLintJarForPublish' is not up-to-date because:
[        ]   No history is available.
[        ] Resolve mutations for :shared_preferences_android:mergeDebugJavaResource (Thread[#55,included builds,5,main]) started.
[        ] :shared_preferences_android:mergeDebugJavaResource (Thread[#55,included builds,5,main]) started.
[        ] > Task :shared_preferences_android:mergeDebugJavaResource
[        ] Caching disabled for task ':shared_preferences_android:mergeDebugJavaResource' because:
[        ]   Build cache is disabled
[        ]   Caching has been disabled for the task
[        ] Task ':shared_preferences_android:mergeDebugJavaResource' is not up-to-date because:
[        ]   No history is available.
[        ] The input changes require a full rebuild for incremental task ':shared_preferences_android:mergeDebugJavaResource'.
[        ] Resolve mutations for :shared_preferences_android:syncDebugLibJars (Thread[#55,included builds,5,main]) started.
[        ] :shared_preferences_android:syncDebugLibJars (Thread[#55,included builds,5,main]) started.
[        ] > Task :shared_preferences_android:syncDebugLibJars
[        ] Caching disabled for task ':shared_preferences_android:syncDebugLibJars' because:
[        ]   Build cache is disabled
[        ] Task ':shared_preferences_android:syncDebugLibJars' is not up-to-date because:
[        ]   No history is available.
[        ] Resolve mutations for :shared_preferences_android:bundleDebugAar (Thread[#55,included builds,5,main]) started.
[        ] :shared_preferences_android:bundleDebugAar (Thread[#55,included builds,5,main]) started.
[        ] > Task :shared_preferences_android:bundleDebugAar
[        ] Caching disabled for task ':shared_preferences_android:bundleDebugAar' because:
[        ]   Build cache is disabled
[        ]   Caching has been disabled for the task
[        ] Task ':shared_preferences_android:bundleDebugAar' is not up-to-date because:
[        ]   No history is available.
[        ] file or directory '/home/ubuntu/FFM-source-2d123ad-v67/build/shared_preferences_android/intermediates/public_res/debug/packageDebugResources/public.txt', not found
[        ] file or directory '/home/ubuntu/FFM-source-2d123ad-v67/build/shared_preferences_android/intermediates/navigation_json_for_aar/debug/extractDeepLinksForAarDebug/navigation.json', not found
[        ] file or directory '/home/ubuntu/FFM-source-2d123ad-v67/build/shared_preferences_android/intermediates/annotations_zip/debug/extractDebugAnnotations/annotations.zip', not found
[        ] file or directory '/home/ubuntu/FFM-source-2d123ad-v67/build/shared_preferences_android/intermediates/merged_consumer_proguard_file/debug/mergeDebugConsumerProguardFiles/proguard.txt', not found
[        ] file or directory '/home/ubuntu/FFM-source-2d123ad-v67/build/shared_preferences_android/intermediates/lint_publish_jar/global/prepareLintJarForPublish/lint.jar', not found
[        ] file or directory '/home/ubuntu/FFM-source-2d123ad-v67/build/shared_preferences_android/intermediates/library_art_profile/debug/prepareDebugArtProfile/baseline-prof.txt', not found
[        ] Resolve mutations for :shared_preferences_android:assembleDebug (Thread[#55,included builds,5,main]) started.
[        ] :shared_preferences_android:assembleDebug (Thread[#55,included builds,5,main]) started.
[        ] > Task :shared_preferences_android:assembleDebug
[        ] Skipping task ':shared_preferences_android:assembleDebug' as it has no actions.
[        ] Resolve mutations for :speech_to_text:checkDebugAarMetadata (Thread[#55,included builds,5,main]) started.
[        ] :speech_to_text:checkDebugAarMetadata (Thread[#55,included builds,5,main]) started.
[  +98 ms] > Task :speech_to_text:checkDebugAarMetadata
[        ] Caching disabled for task ':speech_to_text:checkDebugAarMetadata' because:
[        ]   Build cache is disabled
[        ]   Caching has been disabled for the task
[        ] Task ':speech_to_text:checkDebugAarMetadata' is not up-to-date because:
[        ]   No history is available.
[        ] Resolve mutations for :speech_to_text:stripDebugDebugSymbols (Thread[#55,included builds,5,main]) started.
[        ] :speech_to_text:stripDebugDebugSymbols (Thread[#55,included builds,5,main]) started.
[        ] > Task :speech_to_text:stripDebugDebugSymbols NO-SOURCE
[        ] Skipping task ':speech_to_text:stripDebugDebugSymbols' as it has no source files and no previous output files.
[        ] Resolve mutations for :speech_to_text:copyDebugJniLibsProjectAndLocalJars (Thread[#55,included builds,5,main]) started.
[        ] :speech_to_text:copyDebugJniLibsProjectAndLocalJars (Thread[#55,included builds,5,main]) started.
[        ] > Task :speech_to_text:copyDebugJniLibsProjectAndLocalJars
[        ] Caching disabled for task ':speech_to_text:copyDebugJniLibsProjectAndLocalJars' because:
[        ]   Build cache is disabled
[        ]   Caching has been disabled for the task
[        ] Task ':speech_to_text:copyDebugJniLibsProjectAndLocalJars' is not up-to-date because:
[        ]   No history is available.
[        ] Resolve mutations for :speech_to_text:extractDebugAnnotations (Thread[#55,included builds,5,main]) started.
[        ] :speech_to_text:extractDebugAnnotations (Thread[#55,included builds,5,main]) started.
[        ] > Task :speech_to_text:extractDebugAnnotations
[        ] Caching disabled for task ':speech_to_text:extractDebugAnnotations' because:
[        ]   Build cache is disabled
[        ] Task ':speech_to_text:extractDebugAnnotations' is not up-to-date because:
[        ]   No history is available.
[        ] file or directory '/home/ubuntu/.pub-cache/hosted/pub.dev/speech_to_text-7.4.0/android/src/main/java', not found
[        ] file or directory '/home/ubuntu/.pub-cache/hosted/pub.dev/speech_to_text-7.4.0/android/src/debug/java', not found
[        ] file or directory '/home/ubuntu/.pub-cache/hosted/pub.dev/speech_to_text-7.4.0/android/src/debug/kotlin', not found
[        ] Resolve mutations for :speech_to_text:extractDeepLinksForAarDebug (Thread[#55,included builds,5,main]) started.
[        ] :speech_to_text:extractDeepLinksForAarDebug (Thread[#55,included builds,5,main]) started.
[        ] > Task :speech_to_text:extractDeepLinksForAarDebug
[        ] Caching disabled for task ':speech_to_text:extractDeepLinksForAarDebug' because:
[        ]   Build cache is disabled
[        ] Task ':speech_to_text:extractDeepLinksForAarDebug' is not up-to-date because:
[        ]   No history is available.
[        ] Resolve mutations for :speech_to_text:mergeDebugGeneratedProguardFiles (Thread[#55,included builds,5,main]) started.
[        ] :speech_to_text:mergeDebugGeneratedProguardFiles (Thread[#55,included builds,5,main]) started.
[        ] > Task :speech_to_text:mergeDebugGeneratedProguardFiles
[        ] Caching disabled for task ':speech_to_text:mergeDebugGeneratedProguardFiles' because:
[        ]   Build cache is disabled
[        ]   Simple merging task
[        ] Task ':speech_to_text:mergeDebugGeneratedProguardFiles' is not up-to-date because:
[        ]   No history is available.
[        ] Resolve mutations for :speech_to_text:mergeDebugConsumerProguardFiles (Thread[#55,included builds,5,main]) started.
[        ] :speech_to_text:mergeDebugConsumerProguardFiles (Thread[#55,included builds,5,main]) started.
[        ] > Task :speech_to_text:mergeDebugConsumerProguardFiles
[        ] Caching disabled for task ':speech_to_text:mergeDebugConsumerProguardFiles' because:
[        ]   Build cache is disabled
[        ]   Simple merging task
[        ] Task ':speech_to_text:mergeDebugConsumerProguardFiles' is not up-to-date because:
[        ]   No history is available.
[        ] Resolve mutations for :speech_to_text:prepareDebugArtProfile (Thread[#55,included builds,5,main]) started.
[        ] :speech_to_text:prepareDebugArtProfile (Thread[#55,included builds,5,main]) started.
[        ] > Task :speech_to_text:prepareDebugArtProfile
[        ] Caching disabled for task ':speech_to_text:prepareDebugArtProfile' because:
[        ]   Build cache is disabled
[        ]   Caching has been disabled for the task
[        ] Task ':speech_to_text:prepareDebugArtProfile' is not up-to-date because:
[        ]   No history is available.
[        ] file or directory '/home/ubuntu/.pub-cache/hosted/pub.dev/speech_to_text-7.4.0/android/src/main/baselineProfiles', not found
[        ] file or directory '/home/ubuntu/.pub-cache/hosted/pub.dev/speech_to_text-7.4.0/android/src/debug/baselineProfiles', not found
[        ] Resolve mutations for :speech_to_text:prepareLintJarForPublish (Thread[#55,included builds,5,main]) started.
[        ] :speech_to_text:prepareLintJarForPublish (Thread[#55,included builds,5,main]) started.
[        ] > Task :speech_to_text:prepareLintJarForPublish
[        ] Caching disabled for task ':speech_to_text:prepareLintJarForPublish' because:
[        ]   Build cache is disabled
[        ]   Caching has been disabled for the task
[        ] Task ':speech_to_text:prepareLintJarForPublish' is not up-to-date because:
[        ]   No history is available.
[        ] Resolve mutations for :speech_to_text:mergeDebugJavaResource (Thread[#55,included builds,5,main]) started.
[        ] :speech_to_text:mergeDebugJavaResource (Thread[#55,included builds,5,main]) started.
[        ] > Task :speech_to_text:mergeDebugJavaResource
[        ] Caching disabled for task ':speech_to_text:mergeDebugJavaResource' because:
[        ]   Build cache is disabled
[        ]   Caching has been disabled for the task
[        ] Task ':speech_to_text:mergeDebugJavaResource' is not up-to-date because:
[        ]   No history is available.
[        ] The input changes require a full rebuild for incremental task ':speech_to_text:mergeDebugJavaResource'.
[        ] Resolve mutations for :speech_to_text:syncDebugLibJars (Thread[#55,included builds,5,main]) started.
[        ] :speech_to_text:syncDebugLibJars (Thread[#55,included builds,5,main]) started.
[        ] > Task :speech_to_text:syncDebugLibJars
[        ] Caching disabled for task ':speech_to_text:syncDebugLibJars' because:
[        ]   Build cache is disabled
[        ] Task ':speech_to_text:syncDebugLibJars' is not up-to-date because:
[        ]   No history is available.
[        ] Resolve mutations for :speech_to_text:bundleDebugAar (Thread[#55,included builds,5,main]) started.
[        ] :speech_to_text:bundleDebugAar (Thread[#55,included builds,5,main]) started.
[        ] > Task :speech_to_text:bundleDebugAar
[        ] Caching disabled for task ':speech_to_text:bundleDebugAar' because:
[        ]   Build cache is disabled
[        ]   Caching has been disabled for the task
[        ] Task ':speech_to_text:bundleDebugAar' is not up-to-date because:
[        ]   No history is available.
[        ] file or directory '/home/ubuntu/FFM-source-2d123ad-v67/build/speech_to_text/intermediates/public_res/debug/packageDebugResources/public.txt', not found
[        ] file or directory '/home/ubuntu/FFM-source-2d123ad-v67/build/speech_to_text/intermediates/navigation_json_for_aar/debug/extractDeepLinksForAarDebug/navigation.json', not found
[        ] file or directory '/home/ubuntu/FFM-source-2d123ad-v67/build/speech_to_text/intermediates/annotations_zip/debug/extractDebugAnnotations/annotations.zip', not found
[        ] file or directory '/home/ubuntu/FFM-source-2d123ad-v67/build/speech_to_text/intermediates/merged_consumer_proguard_file/debug/mergeDebugConsumerProguardFiles/proguard.txt', not found
[        ] file or directory '/home/ubuntu/FFM-source-2d123ad-v67/build/speech_to_text/intermediates/lint_publish_jar/global/prepareLintJarForPublish/lint.jar', not found
[        ] file or directory '/home/ubuntu/FFM-source-2d123ad-v67/build/speech_to_text/intermediates/library_art_profile/debug/prepareDebugArtProfile/baseline-prof.txt', not found
[        ] Resolve mutations for :speech_to_text:assembleDebug (Thread[#55,included builds,5,main]) started.
[        ] :speech_to_text:assembleDebug (Thread[#55,included builds,5,main]) started.
[        ] > Task :speech_to_text:assembleDebug
[        ] Skipping task ':speech_to_text:assembleDebug' as it has no actions.
[        ] Resolve mutations for :whisper_cpp_flutter_plus:checkDebugAarMetadata (Thread[#55,included builds,5,main]) started.
[        ] :whisper_cpp_flutter_plus:checkDebugAarMetadata (Thread[#55,included builds,5,main]) started.
[        ] > Task :whisper_cpp_flutter_plus:checkDebugAarMetadata
[        ] Caching disabled for task ':whisper_cpp_flutter_plus:checkDebugAarMetadata' because:
[        ]   Build cache is disabled
[        ]   Caching has been disabled for the task
[        ] Task ':whisper_cpp_flutter_plus:checkDebugAarMetadata' is not up-to-date because:
[        ]   No history is available.
[        ] Resolve mutations for :whisper_cpp_flutter_plus:stripDebugDebugSymbols (Thread[#55,included builds,5,main]) started.
[        ] :whisper_cpp_flutter_plus:stripDebugDebugSymbols (Thread[#55,included builds,5,main]) started.
[  +98 ms] > Task :whisper_cpp_flutter_plus:stripDebugDebugSymbols
[        ] Caching disabled for task ':whisper_cpp_flutter_plus:stripDebugDebugSymbols' because:
[        ]   Build cache is disabled
[        ]   Caching has been disabled for the task
[        ] Task ':whisper_cpp_flutter_plus:stripDebugDebugSymbols' is not up-to-date because:
[        ]   No history is available.
[        ] The input changes require a full rebuild for incremental task ':whisper_cpp_flutter_plus:stripDebugDebugSymbols'.
[        ] C/C++: android.ndkVersion from module build.gradle is [28.2.13676358]
[        ] C/C++: android.ndkPath from module build.gradle is not set
[        ] C/C++: ndk.dir in local.properties is not set
[        ] C/C++: Not considering ANDROID_NDK_HOME because support was removed after deprecation period.
[        ] C/C++: sdkFolder is /home/ubuntu/android-sdk
[        ] Starting process 'command '/home/ubuntu/android-sdk/ndk/28.2.13676358/toolchains/llvm/prebuilt/linux-x86_64/bin/llvm-strip''. Working directory: /home/ubuntu/.pub-cache/hosted/pub.dev/whisper_cpp_flutter_plus-0.4.0/android Command: /home/ubuntu/android-sdk/ndk/28.2.13676358/toolchains/llvm/prebuilt/linux-x86_64/bin/llvm-strip --strip-unneeded -o /home/ubuntu/FFM-source-2d123ad-v67/build/whisper_cpp_flutter_plus/intermediates/stripped_native_libs/debug/stripDebugDebugSymbols/out/lib/arm64-v8a/libggml-base.so /home/ubuntu/FFM-source-2d123ad-v67/build/whisper_cpp_flutter_plus/intermediates/merged_native_libs/debug/mergeDebugNativeLibs/out/lib/arm64-v8a/libggml-base.so
[        ] Successfully started process 'command '/home/ubuntu/android-sdk/ndk/28.2.13676358/toolchains/llvm/prebuilt/linux-x86_64/bin/llvm-strip''
[        ] C/C++: android.ndkVersion from module build.gradle is [28.2.13676358]
[        ] C/C++: android.ndkPath from module build.gradle is not set
[        ] C/C++: ndk.dir in local.properties is not set
[        ] C/C++: Not considering ANDROID_NDK_HOME because support was removed after deprecation period.
[        ] C/C++: sdkFolder is /home/ubuntu/android-sdk
[        ] Starting process 'command '/home/ubuntu/android-sdk/ndk/28.2.13676358/toolchains/llvm/prebuilt/linux-x86_64/bin/llvm-strip''. Working directory: /home/ubuntu/.pub-cache/hosted/pub.dev/whisper_cpp_flutter_plus-0.4.0/android Command: /home/ubuntu/android-sdk/ndk/28.2.13676358/toolchains/llvm/prebuilt/linux-x86_64/bin/llvm-strip --strip-unneeded -o /home/ubuntu/FFM-source-2d123ad-v67/build/whisper_cpp_flutter_plus/intermediates/stripped_native_libs/debug/stripDebugDebugSymbols/out/lib/arm64-v8a/libggml-cpu.so /home/ubuntu/FFM-source-2d123ad-v67/build/whisper_cpp_flutter_plus/intermediates/merged_native_libs/debug/mergeDebugNativeLibs/out/lib/arm64-v8a/libggml-cpu.so
[        ] Successfully started process 'command '/home/ubuntu/android-sdk/ndk/28.2.13676358/toolchains/llvm/prebuilt/linux-x86_64/bin/llvm-strip''
[        ] C/C++: android.ndkVersion from module build.gradle is [28.2.13676358]
[        ] C/C++: android.ndkPath from module build.gradle is not set
[        ] C/C++: ndk.dir in local.properties is not set
[        ] C/C++: Not considering ANDROID_NDK_HOME because support was removed after deprecation period.
[        ] C/C++: sdkFolder is /home/ubuntu/android-sdk
[        ] Starting process 'command '/home/ubuntu/android-sdk/ndk/28.2.13676358/toolchains/llvm/prebuilt/linux-x86_64/bin/llvm-strip''. Working directory: /home/ubuntu/.pub-cache/hosted/pub.dev/whisper_cpp_flutter_plus-0.4.0/android Command: /home/ubuntu/android-sdk/ndk/28.2.13676358/toolchains/llvm/prebuilt/linux-x86_64/bin/llvm-strip --strip-unneeded -o /home/ubuntu/FFM-source-2d123ad-v67/build/whisper_cpp_flutter_plus/intermediates/stripped_native_libs/debug/stripDebugDebugSymbols/out/lib/arm64-v8a/libggml.so /home/ubuntu/FFM-source-2d123ad-v67/build/whisper_cpp_flutter_plus/intermediates/merged_native_libs/debug/mergeDebugNativeLibs/out/lib/arm64-v8a/libggml.so
[        ] Successfully started process 'command '/home/ubuntu/android-sdk/ndk/28.2.13676358/toolchains/llvm/prebuilt/linux-x86_64/bin/llvm-strip''
[        ] C/C++: android.ndkVersion from module build.gradle is [28.2.13676358]
[        ] C/C++: android.ndkPath from module build.gradle is not set
[        ] C/C++: ndk.dir in local.properties is not set
[        ] C/C++: Not considering ANDROID_NDK_HOME because support was removed after deprecation period.
[        ] C/C++: sdkFolder is /home/ubuntu/android-sdk
[        ] Starting process 'command '/home/ubuntu/android-sdk/ndk/28.2.13676358/toolchains/llvm/prebuilt/linux-x86_64/bin/llvm-strip''. Working directory: /home/ubuntu/.pub-cache/hosted/pub.dev/whisper_cpp_flutter_plus-0.4.0/android Command: /home/ubuntu/android-sdk/ndk/28.2.13676358/toolchains/llvm/prebuilt/linux-x86_64/bin/llvm-strip --strip-unneeded -o /home/ubuntu/FFM-source-2d123ad-v67/build/whisper_cpp_flutter_plus/intermediates/stripped_native_libs/debug/stripDebugDebugSymbols/out/lib/arm64-v8a/libparakeet.so /home/ubuntu/FFM-source-2d123ad-v67/build/whisper_cpp_flutter_plus/intermediates/merged_native_libs/debug/mergeDebugNativeLibs/out/lib/arm64-v8a/libparakeet.so
[        ] Successfully started process 'command '/home/ubuntu/android-sdk/ndk/28.2.13676358/toolchains/llvm/prebuilt/linux-x86_64/bin/llvm-strip''
[        ] C/C++: android.ndkVersion from module build.gradle is [28.2.13676358]
[        ] C/C++: android.ndkPath from module build.gradle is not set
[        ] C/C++: ndk.dir in local.properties is not set
[        ] C/C++: Not considering ANDROID_NDK_HOME because support was removed after deprecation period.
[        ] C/C++: sdkFolder is /home/ubuntu/android-sdk
[        ] Starting process 'command '/home/ubuntu/android-sdk/ndk/28.2.13676358/toolchains/llvm/prebuilt/linux-x86_64/bin/llvm-strip''. Working directory: /home/ubuntu/.pub-cache/hosted/pub.dev/whisper_cpp_flutter_plus-0.4.0/android Command: /home/ubuntu/android-sdk/ndk/28.2.13676358/toolchains/llvm/prebuilt/linux-x86_64/bin/llvm-strip --strip-unneeded -o /home/ubuntu/FFM-source-2d123ad-v67/build/whisper_cpp_flutter_plus/intermediates/stripped_native_libs/debug/stripDebugDebugSymbols/out/lib/arm64-v8a/libwhisper.so /home/ubuntu/FFM-source-2d123ad-v67/build/whisper_cpp_flutter_plus/intermediates/merged_native_libs/debug/mergeDebugNativeLibs/out/lib/arm64-v8a/libwhisper.so
[        ] Successfully started process 'command '/home/ubuntu/android-sdk/ndk/28.2.13676358/toolchains/llvm/prebuilt/linux-x86_64/bin/llvm-strip''
[        ] C/C++: android.ndkVersion from module build.gradle is [28.2.13676358]
[        ] C/C++: android.ndkPath from module build.gradle is not set
[        ] C/C++: ndk.dir in local.properties is not set
[        ] C/C++: Not considering ANDROID_NDK_HOME because support was removed after deprecation period.
[        ] C/C++: sdkFolder is /home/ubuntu/android-sdk
[        ] Starting process 'command '/home/ubuntu/android-sdk/ndk/28.2.13676358/toolchains/llvm/prebuilt/linux-x86_64/bin/llvm-strip''. Working directory: /home/ubuntu/.pub-cache/hosted/pub.dev/whisper_cpp_flutter_plus-0.4.0/android Command: /home/ubuntu/android-sdk/ndk/28.2.13676358/toolchains/llvm/prebuilt/linux-x86_64/bin/llvm-strip --strip-unneeded -o /home/ubuntu/FFM-source-2d123ad-v67/build/whisper_cpp_flutter_plus/intermediates/stripped_native_libs/debug/stripDebugDebugSymbols/out/lib/arm64-v8a/libwhisper_flutter.so /home/ubuntu/FFM-source-2d123ad-v67/build/whisper_cpp_flutter_plus/intermediates/merged_native_libs/debug/mergeDebugNativeLibs/out/lib/arm64-v8a/libwhisper_flutter.so
[        ] Successfully started process 'command '/home/ubuntu/android-sdk/ndk/28.2.13676358/toolchains/llvm/prebuilt/linux-x86_64/bin/llvm-strip''
[        ] C/C++: android.ndkVersion from module build.gradle is [28.2.13676358]
[        ] C/C++: android.ndkPath from module build.gradle is not set
[        ] C/C++: ndk.dir in local.properties is not set
[        ] C/C++: Not considering ANDROID_NDK_HOME because support was removed after deprecation period.
[        ] C/C++: sdkFolder is /home/ubuntu/android-sdk
[        ] Starting process 'command '/home/ubuntu/android-sdk/ndk/28.2.13676358/toolchains/llvm/prebuilt/linux-x86_64/bin/llvm-strip''. Working directory: /home/ubuntu/.pub-cache/hosted/pub.dev/whisper_cpp_flutter_plus-0.4.0/android Command: /home/ubuntu/android-sdk/ndk/28.2.13676358/toolchains/llvm/prebuilt/linux-x86_64/bin/llvm-strip --strip-unneeded -o /home/ubuntu/FFM-source-2d123ad-v67/build/whisper_cpp_flutter_plus/intermediates/stripped_native_libs/debug/stripDebugDebugSymbols/out/lib/armeabi-v7a/libggml-base.so /home/ubuntu/FFM-source-2d123ad-v67/build/whisper_cpp_flutter_plus/intermediates/merged_native_libs/debug/mergeDebugNativeLibs/out/lib/armeabi-v7a/libggml-base.so
[        ] Successfully started process 'command '/home/ubuntu/android-sdk/ndk/28.2.13676358/toolchains/llvm/prebuilt/linux-x86_64/bin/llvm-strip''
[        ] C/C++: android.ndkVersion from module build.gradle is [28.2.13676358]
[        ] C/C++: android.ndkPath from module build.gradle is not set
[        ] C/C++: ndk.dir in local.properties is not set
[        ] C/C++: Not considering ANDROID_NDK_HOME because support was removed after deprecation period.
[        ] C/C++: sdkFolder is /home/ubuntu/android-sdk
[        ] Starting process 'command '/home/ubuntu/android-sdk/ndk/28.2.13676358/toolchains/llvm/prebuilt/linux-x86_64/bin/llvm-strip''. Working directory: /home/ubuntu/.pub-cache/hosted/pub.dev/whisper_cpp_flutter_plus-0.4.0/android Command: /home/ubuntu/android-sdk/ndk/28.2.13676358/toolchains/llvm/prebuilt/linux-x86_64/bin/llvm-strip --strip-unneeded -o /home/ubuntu/FFM-source-2d123ad-v67/build/whisper_cpp_flutter_plus/intermediates/stripped_native_libs/debug/stripDebugDebugSymbols/out/lib/armeabi-v7a/libggml-cpu.so /home/ubuntu/FFM-source-2d123ad-v67/build/whisper_cpp_flutter_plus/intermediates/merged_native_libs/debug/mergeDebugNativeLibs/out/lib/armeabi-v7a/libggml-cpu.so
[        ] Successfully started process 'command '/home/ubuntu/android-sdk/ndk/28.2.13676358/toolchains/llvm/prebuilt/linux-x86_64/bin/llvm-strip''
[        ] C/C++: android.ndkVersion from module build.gradle is [28.2.13676358]
[        ] C/C++: android.ndkPath from module build.gradle is not set
[        ] C/C++: ndk.dir in local.properties is not set
[        ] C/C++: Not considering ANDROID_NDK_HOME because support was removed after deprecation period.
[        ] C/C++: sdkFolder is /home/ubuntu/android-sdk
[        ] Starting process 'command '/home/ubuntu/android-sdk/ndk/28.2.13676358/toolchains/llvm/prebuilt/linux-x86_64/bin/llvm-strip''. Working directory: /home/ubuntu/.pub-cache/hosted/pub.dev/whisper_cpp_flutter_plus-0.4.0/android Command: /home/ubuntu/android-sdk/ndk/28.2.13676358/toolchains/llvm/prebuilt/linux-x86_64/bin/llvm-strip --strip-unneeded -o /home/ubuntu/FFM-source-2d123ad-v67/build/whisper_cpp_flutter_plus/intermediates/stripped_native_libs/debug/stripDebugDebugSymbols/out/lib/armeabi-v7a/libggml.so /home/ubuntu/FFM-source-2d123ad-v67/build/whisper_cpp_flutter_plus/intermediates/merged_native_libs/debug/mergeDebugNativeLibs/out/lib/armeabi-v7a/libggml.so
[        ] Successfully started process 'command '/home/ubuntu/android-sdk/ndk/28.2.13676358/toolchains/llvm/prebuilt/linux-x86_64/bin/llvm-strip''
[        ] C/C++: android.ndkVersion from module build.gradle is [28.2.13676358]
[        ] C/C++: android.ndkPath from module build.gradle is not set
[        ] C/C++: ndk.dir in local.properties is not set
[        ] C/C++: Not considering ANDROID_NDK_HOME because support was removed after deprecation period.
[        ] C/C++: sdkFolder is /home/ubuntu/android-sdk
[        ] Starting process 'command '/home/ubuntu/android-sdk/ndk/28.2.13676358/toolchains/llvm/prebuilt/linux-x86_64/bin/llvm-strip''. Working directory: /home/ubuntu/.pub-cache/hosted/pub.dev/whisper_cpp_flutter_plus-0.4.0/android Command: /home/ubuntu/android-sdk/ndk/28.2.13676358/toolchains/llvm/prebuilt/linux-x86_64/bin/llvm-strip --strip-unneeded -o /home/ubuntu/FFM-source-2d123ad-v67/build/whisper_cpp_flutter_plus/intermediates/stripped_native_libs/debug/stripDebugDebugSymbols/out/lib/armeabi-v7a/libparakeet.so /home/ubuntu/FFM-source-2d123ad-v67/build/whisper_cpp_flutter_plus/intermediates/merged_native_libs/debug/mergeDebugNativeLibs/out/lib/armeabi-v7a/libparakeet.so
[        ] Successfully started process 'command '/home/ubuntu/android-sdk/ndk/28.2.13676358/toolchains/llvm/prebuilt/linux-x86_64/bin/llvm-strip''
[        ] C/C++: android.ndkVersion from module build.gradle is [28.2.13676358]
[        ] C/C++: android.ndkPath from module build.gradle is not set
[        ] C/C++: ndk.dir in local.properties is not set
[        ] C/C++: Not considering ANDROID_NDK_HOME because support was removed after deprecation period.
[        ] C/C++: sdkFolder is /home/ubuntu/android-sdk
[        ] Starting process 'command '/home/ubuntu/android-sdk/ndk/28.2.13676358/toolchains/llvm/prebuilt/linux-x86_64/bin/llvm-strip''. Working directory: /home/ubuntu/.pub-cache/hosted/pub.dev/whisper_cpp_flutter_plus-0.4.0/android Command: /home/ubuntu/android-sdk/ndk/28.2.13676358/toolchains/llvm/prebuilt/linux-x86_64/bin/llvm-strip --strip-unneeded -o /home/ubuntu/FFM-source-2d123ad-v67/build/whisper_cpp_flutter_plus/intermediates/stripped_native_libs/debug/stripDebugDebugSymbols/out/lib/armeabi-v7a/libwhisper.so /home/ubuntu/FFM-source-2d123ad-v67/build/whisper_cpp_flutter_plus/intermediates/merged_native_libs/debug/mergeDebugNativeLibs/out/lib/armeabi-v7a/libwhisper.so
[        ] Successfully started process 'command '/home/ubuntu/android-sdk/ndk/28.2.13676358/toolchains/llvm/prebuilt/linux-x86_64/bin/llvm-strip''
[        ] C/C++: android.ndkVersion from module build.gradle is [28.2.13676358]
[        ] C/C++: android.ndkPath from module build.gradle is not set
[        ] C/C++: ndk.dir in local.properties is not set
[        ] C/C++: Not considering ANDROID_NDK_HOME because support was removed after deprecation period.
[        ] C/C++: sdkFolder is /home/ubuntu/android-sdk
[        ] Starting process 'command '/home/ubuntu/android-sdk/ndk/28.2.13676358/toolchains/llvm/prebuilt/linux-x86_64/bin/llvm-strip''. Working directory: /home/ubuntu/.pub-cache/hosted/pub.dev/whisper_cpp_flutter_plus-0.4.0/android Command: /home/ubuntu/android-sdk/ndk/28.2.13676358/toolchains/llvm/prebuilt/linux-x86_64/bin/llvm-strip --strip-unneeded -o /home/ubuntu/FFM-source-2d123ad-v67/build/whisper_cpp_flutter_plus/intermediates/stripped_native_libs/debug/stripDebugDebugSymbols/out/lib/armeabi-v7a/libwhisper_flutter.so /home/ubuntu/FFM-source-2d123ad-v67/build/whisper_cpp_flutter_plus/intermediates/merged_native_libs/debug/mergeDebugNativeLibs/out/lib/armeabi-v7a/libwhisper_flutter.so
[        ] Successfully started process 'command '/home/ubuntu/android-sdk/ndk/28.2.13676358/toolchains/llvm/prebuilt/linux-x86_64/bin/llvm-strip''
[        ] Resolve mutations for :whisper_cpp_flutter_plus:copyDebugJniLibsProjectAndLocalJars (Thread[#55,included builds,5,main]) started.
[        ] :whisper_cpp_flutter_plus:copyDebugJniLibsProjectAndLocalJars (Thread[#55,included builds,5,main]) started.
[        ] > Task :whisper_cpp_flutter_plus:copyDebugJniLibsProjectAndLocalJars
[        ] Caching disabled for task ':whisper_cpp_flutter_plus:copyDebugJniLibsProjectAndLocalJars' because:
[        ]   Build cache is disabled
[        ]   Caching has been disabled for the task
[        ] Task ':whisper_cpp_flutter_plus:copyDebugJniLibsProjectAndLocalJars' is not up-to-date because:
[        ]   No history is available.
[        ] Resolve mutations for :whisper_cpp_flutter_plus:extractDebugAnnotations (Thread[#55,included builds,5,main]) started.
[        ] :whisper_cpp_flutter_plus:extractDebugAnnotations (Thread[#55,included builds,5,main]) started.
[        ] > Task :whisper_cpp_flutter_plus:extractDebugAnnotations
[        ] Caching disabled for task ':whisper_cpp_flutter_plus:extractDebugAnnotations' because:
[        ]   Build cache is disabled
[        ] Task ':whisper_cpp_flutter_plus:extractDebugAnnotations' is not up-to-date because:
[        ]   No history is available.
[        ] file or directory '/home/ubuntu/.pub-cache/hosted/pub.dev/whisper_cpp_flutter_plus-0.4.0/android/src/main/java', not found
[        ] file or directory '/home/ubuntu/.pub-cache/hosted/pub.dev/whisper_cpp_flutter_plus-0.4.0/android/src/debug/java', not found
[        ] file or directory '/home/ubuntu/.pub-cache/hosted/pub.dev/whisper_cpp_flutter_plus-0.4.0/android/src/debug/kotlin', not found
[        ] Resolve mutations for :whisper_cpp_flutter_plus:extractDeepLinksForAarDebug (Thread[#55,included builds,5,main]) started.
[        ] :whisper_cpp_flutter_plus:extractDeepLinksForAarDebug (Thread[#55,included builds,5,main]) started.
[        ] > Task :whisper_cpp_flutter_plus:extractDeepLinksForAarDebug
[        ] Caching disabled for task ':whisper_cpp_flutter_plus:extractDeepLinksForAarDebug' because:
[        ]   Build cache is disabled
[        ] Task ':whisper_cpp_flutter_plus:extractDeepLinksForAarDebug' is not up-to-date because:
[        ]   No history is available.
[        ] Resolve mutations for :whisper_cpp_flutter_plus:mergeDebugGeneratedProguardFiles (Thread[#55,included builds,5,main]) started.
[        ] :whisper_cpp_flutter_plus:mergeDebugGeneratedProguardFiles (Thread[#55,included builds,5,main]) started.
[        ] > Task :whisper_cpp_flutter_plus:mergeDebugGeneratedProguardFiles
[        ] Caching disabled for task ':whisper_cpp_flutter_plus:mergeDebugGeneratedProguardFiles' because:
[        ]   Build cache is disabled
[        ]   Simple merging task
[        ] Task ':whisper_cpp_flutter_plus:mergeDebugGeneratedProguardFiles' is not up-to-date because:
[        ]   No history is available.
[        ] Resolve mutations for :whisper_cpp_flutter_plus:mergeDebugConsumerProguardFiles (Thread[#55,included builds,5,main]) started.
[        ] :whisper_cpp_flutter_plus:mergeDebugConsumerProguardFiles (Thread[#55,included builds,5,main]) started.
[        ] > Task :whisper_cpp_flutter_plus:mergeDebugConsumerProguardFiles
[        ] Caching disabled for task ':whisper_cpp_flutter_plus:mergeDebugConsumerProguardFiles' because:
[        ]   Build cache is disabled
[        ]   Simple merging task
[        ] Task ':whisper_cpp_flutter_plus:mergeDebugConsumerProguardFiles' is not up-to-date because:
[        ]   No history is available.
[        ] Resolve mutations for :whisper_cpp_flutter_plus:prepareDebugArtProfile (Thread[#55,included builds,5,main]) started.
[        ] :whisper_cpp_flutter_plus:prepareDebugArtProfile (Thread[#55,included builds,5,main]) started.
[        ] > Task :whisper_cpp_flutter_plus:prepareDebugArtProfile
[        ] Caching disabled for task ':whisper_cpp_flutter_plus:prepareDebugArtProfile' because:
[        ]   Build cache is disabled
[        ]   Caching has been disabled for the task
[        ] Task ':whisper_cpp_flutter_plus:prepareDebugArtProfile' is not up-to-date because:
[        ]   No history is available.
[        ] file or directory '/home/ubuntu/.pub-cache/hosted/pub.dev/whisper_cpp_flutter_plus-0.4.0/android/src/main/baselineProfiles', not found
[        ] file or directory '/home/ubuntu/.pub-cache/hosted/pub.dev/whisper_cpp_flutter_plus-0.4.0/android/src/debug/baselineProfiles', not found
[        ] Resolve mutations for :whisper_cpp_flutter_plus:prepareLintJarForPublish (Thread[#55,included builds,5,main]) started.
[        ] :whisper_cpp_flutter_plus:prepareLintJarForPublish (Thread[#55,included builds,5,main]) started.
[        ] > Task :whisper_cpp_flutter_plus:prepareLintJarForPublish
[        ] Caching disabled for task ':whisper_cpp_flutter_plus:prepareLintJarForPublish' because:
[        ]   Build cache is disabled
[        ]   Caching has been disabled for the task
[        ] Task ':whisper_cpp_flutter_plus:prepareLintJarForPublish' is not up-to-date because:
[        ]   No history is available.
[        ] Resolve mutations for :whisper_cpp_flutter_plus:mergeDebugJavaResource (Thread[#55,included builds,5,main]) started.
[        ] :whisper_cpp_flutter_plus:mergeDebugJavaResource (Thread[#55,included builds,5,main]) started.
[        ] > Task :whisper_cpp_flutter_plus:mergeDebugJavaResource
[        ] Caching disabled for task ':whisper_cpp_flutter_plus:mergeDebugJavaResource' because:
[        ]   Build cache is disabled
[        ]   Caching has been disabled for the task
[        ] Task ':whisper_cpp_flutter_plus:mergeDebugJavaResource' is not up-to-date because:
[        ]   No history is available.
[        ] The input changes require a full rebuild for incremental task ':whisper_cpp_flutter_plus:mergeDebugJavaResource'.
[        ] Resolve mutations for :whisper_cpp_flutter_plus:syncDebugLibJars (Thread[#55,included builds,5,main]) started.
[        ] :whisper_cpp_flutter_plus:syncDebugLibJars (Thread[#55,included builds,5,main]) started.
[        ] > Task :whisper_cpp_flutter_plus:syncDebugLibJars
[        ] Caching disabled for task ':whisper_cpp_flutter_plus:syncDebugLibJars' because:
[        ]   Build cache is disabled
[        ] Task ':whisper_cpp_flutter_plus:syncDebugLibJars' is not up-to-date because:
[        ]   No history is available.
[        ] Resolve mutations for :whisper_cpp_flutter_plus:bundleDebugAar (Thread[#55,included builds,5,main]) started.
[        ] :whisper_cpp_flutter_plus:bundleDebugAar (Thread[#55,included builds,5,main]) started.
[ +196 ms] > Task :whisper_cpp_flutter_plus:bundleDebugAar
[        ] Caching disabled for task ':whisper_cpp_flutter_plus:bundleDebugAar' because:
[        ]   Build cache is disabled
[        ]   Caching has been disabled for the task
[        ] Task ':whisper_cpp_flutter_plus:bundleDebugAar' is not up-to-date because:
[        ]   No history is available.
[        ] file or directory '/home/ubuntu/FFM-source-2d123ad-v67/build/whisper_cpp_flutter_plus/intermediates/public_res/debug/packageDebugResources/public.txt', not found
[        ] file or directory '/home/ubuntu/FFM-source-2d123ad-v67/build/whisper_cpp_flutter_plus/intermediates/navigation_json_for_aar/debug/extractDeepLinksForAarDebug/navigation.json', not found
[        ] file or directory '/home/ubuntu/FFM-source-2d123ad-v67/build/whisper_cpp_flutter_plus/intermediates/annotations_zip/debug/extractDebugAnnotations/annotations.zip', not found
[        ] file or directory '/home/ubuntu/FFM-source-2d123ad-v67/build/whisper_cpp_flutter_plus/intermediates/merged_consumer_proguard_file/debug/mergeDebugConsumerProguardFiles/proguard.txt', not found
[        ] file or directory '/home/ubuntu/FFM-source-2d123ad-v67/build/whisper_cpp_flutter_plus/intermediates/lint_publish_jar/global/prepareLintJarForPublish/lint.jar', not found
[        ] file or directory '/home/ubuntu/FFM-source-2d123ad-v67/build/whisper_cpp_flutter_plus/intermediates/library_art_profile/debug/prepareDebugArtProfile/baseline-prof.txt', not found
[        ] Resolve mutations for :whisper_cpp_flutter_plus:assembleDebug (Thread[#55,included builds,5,main]) started.
[        ] :whisper_cpp_flutter_plus:assembleDebug (Thread[#55,included builds,5,main]) started.
[        ] > Task :whisper_cpp_flutter_plus:assembleDebug
[        ] Skipping task ':whisper_cpp_flutter_plus:assembleDebug' as it has no actions.
[        ] Build e64fc641-8b08-4cf1-8dfb-7013bef5f10c is closed
[        ] Build 3b292ad8-8840-487d-b7fa-67324053c1ce is closed
[        ] [Incubating] Problems report is available at: file:///home/ubuntu/FFM-source-2d123ad-v67/build/reports/problems/problems-report.html
[        ] Deprecated Gradle features were used in this build, making it incompatible with Gradle 10.
[        ] You can use '--warning-mode all' to show the individual deprecation warnings and determine if they come from your own scripts or plugins.
[        ] For more on this, please refer to https://docs.gradle.org/9.3.1/userguide/command_line_interface.html#sec:command_line_warnings in the Gradle documentation.
[        ] BUILD SUCCESSFUL in 1m 3s
[        ] 422 actionable tasks: 158 executed, 264 up-to-date
[ +386 ms] Running Gradle task 'assembleDebug'... (completed in 63.5s)
[   +1 ms] Calculate SHA1: LocalDirectory: '/home/ubuntu/FFM-source-2d123ad-v67/build/app/outputs/flutter-apk'/app-debug.apk
[ +505 ms] ✓ Built build/app/outputs/flutter-apk/app-debug.apk
[   +2 ms] "flutter apk" took 64,645ms.
[   +1 ms] Running 1 shutdown hook
[        ] Shutdown hooks complete
[        ] exiting with code 0
