[  +25 ms] Artifact Instance of 'MaterialFonts' is not required, skipping update.
[        ] Artifact Instance of 'GradleWrapper' is not required, skipping update.
[        ] Artifact Instance of 'AndroidGenSnapshotArtifacts' is not required, skipping update.
[        ] Artifact Instance of 'AndroidInternalBuildArtifacts' is not required, skipping update.
[        ] Artifact Instance of 'IOSEngineArtifacts' is not required, skipping update.
[        ] Artifact Instance of 'FlutterWebSdk' is not required, skipping update.
[        ] Artifact Instance of 'LegacyCanvasKitRemover' is not required, skipping update.
[        ] Artifact Instance of 'FlutterSdk' is not required, skipping update.
[        ] Artifact Instance of 'WindowsEngineArtifacts' is not required, skipping update.
[        ] Artifact Instance of 'MacOSEngineArtifacts' is not required, skipping update.
[        ] Artifact Instance of 'LinuxEngineArtifacts' is not required, skipping update.
[        ] Artifact Instance of 'LinuxFuchsiaSDKArtifacts' is not required, skipping update.
[        ] Artifact Instance of 'MacOSFuchsiaSDKArtifacts' is not required, skipping update.
[        ] Artifact Instance of 'FlutterRunnerSDKArtifacts' is not required, skipping update.
[        ] Artifact Instance of 'FlutterRunnerDebugSymbols' is not required, skipping update.
[        ] Artifact Instance of 'IosUsbArtifacts' is not required, skipping update.
[        ] Artifact Instance of 'IosUsbArtifacts' is not required, skipping update.
[        ] Artifact Instance of 'IosUsbArtifacts' is not required, skipping update.
[        ] Artifact Instance of 'IosUsbArtifacts' is not required, skipping update.
[        ] Artifact Instance of 'IosUsbArtifacts' is not required, skipping update.
[        ] Artifact Instance of 'IosUsbArtifacts' is not required, skipping update.
[        ] Artifact Instance of 'FontSubsetArtifacts' is not required, skipping update.
[        ] Artifact Instance of 'PubDependencies' is not required, skipping update.
[   +4 ms] Artifact Instance of 'AndroidGenSnapshotArtifacts' is not required, skipping update.
[        ] Artifact Instance of 'AndroidInternalBuildArtifacts' is not required, skipping update.
[        ] Artifact Instance of 'IOSEngineArtifacts' is not required, skipping update.
[        ] Artifact Instance of 'FlutterWebSdk' is not required, skipping update.
[        ] Artifact Instance of 'FlutterEngineStamp' is not required, skipping update.
[        ] Artifact Instance of 'LegacyCanvasKitRemover' is not required, skipping update.
[        ] Artifact Instance of 'WindowsEngineArtifacts' is not required, skipping update.
[        ] Artifact Instance of 'MacOSEngineArtifacts' is not required, skipping update.
[        ] Artifact Instance of 'LinuxEngineArtifacts' is not required, skipping update.
[        ] Artifact Instance of 'LinuxFuchsiaSDKArtifacts' is not required, skipping update.
[        ] Artifact Instance of 'MacOSFuchsiaSDKArtifacts' is not required, skipping update.
[        ] Artifact Instance of 'FlutterRunnerSDKArtifacts' is not required, skipping update.
[        ] Artifact Instance of 'FlutterRunnerDebugSymbols' is not required, skipping update.
[  +14 ms] Artifact Instance of 'MaterialFonts' is not required, skipping update.
[        ] Artifact Instance of 'GradleWrapper' is not required, skipping update.
[   +1 ms] Artifact Instance of 'AndroidInternalBuildArtifacts' is not required, skipping update.
[        ] Artifact Instance of 'IOSEngineArtifacts' is not required, skipping update.
[        ] Artifact Instance of 'FlutterWebSdk' is not required, skipping update.
[        ] Artifact Instance of 'FlutterEngineStamp' is not required, skipping update.
[        ] Artifact Instance of 'LegacyCanvasKitRemover' is not required, skipping update.
[        ] Artifact Instance of 'FlutterSdk' is not required, skipping update.
[        ] Artifact Instance of 'WindowsEngineArtifacts' is not required, skipping update.
[        ] Artifact Instance of 'MacOSEngineArtifacts' is not required, skipping update.
[        ] Artifact Instance of 'LinuxEngineArtifacts' is not required, skipping update.
[        ] Artifact Instance of 'LinuxFuchsiaSDKArtifacts' is not required, skipping update.
[        ] Artifact Instance of 'MacOSFuchsiaSDKArtifacts' is not required, skipping update.
[        ] Artifact Instance of 'FlutterRunnerSDKArtifacts' is not required, skipping update.
[        ] Artifact Instance of 'FlutterRunnerDebugSymbols' is not required, skipping update.
[        ] Artifact Instance of 'IosUsbArtifacts' is not required, skipping update.
[        ] Artifact Instance of 'IosUsbArtifacts' is not required, skipping update.
[        ] Artifact Instance of 'IosUsbArtifacts' is not required, skipping update.
[        ] Artifact Instance of 'IosUsbArtifacts' is not required, skipping update.
[        ] Artifact Instance of 'IosUsbArtifacts' is not required, skipping update.
[        ] Artifact Instance of 'IosUsbArtifacts' is not required, skipping update.
[        ] Artifact Instance of 'FontSubsetArtifacts' is not required, skipping update.
[        ] Artifact Instance of 'PubDependencies' is not required, skipping update.
[  +37 ms] Skipping pub get: version match.
[  +60 ms] Found plugin whisper_cpp_flutter_plus at /home/ubuntu/.pub-cache/hosted/pub.dev/whisper_cpp_flutter_plus-0.4.0/
[   +3 ms] Found plugin path_provider at /home/ubuntu/.pub-cache/hosted/pub.dev/path_provider-2.1.6/
[        ] Found plugin path_provider_windows at /home/ubuntu/.pub-cache/hosted/pub.dev/path_provider_windows-2.3.0/
[   +2 ms] Found plugin path_provider_linux at /home/ubuntu/.pub-cache/hosted/pub.dev/path_provider_linux-2.2.2/
[   +1 ms] Found plugin path_provider_foundation at /home/ubuntu/.pub-cache/hosted/pub.dev/path_provider_foundation-2.6.0/
[   +1 ms] Found plugin path_provider_android at /home/ubuntu/.pub-cache/hosted/pub.dev/path_provider_android-2.3.1/
[        ] Found plugin jni_flutter at /home/ubuntu/.pub-cache/hosted/pub.dev/jni_flutter-1.0.2/
[        ] Found plugin jni at /home/ubuntu/.pub-cache/hosted/pub.dev/jni-1.0.3/
[   +2 ms] Found plugin speech_to_text at /home/ubuntu/.pub-cache/hosted/pub.dev/speech_to_text-7.4.0/
[   +1 ms] Found plugin speech_to_text_windows at /home/ubuntu/.pub-cache/hosted/pub.dev/speech_to_text_windows-1.0.1/
[   +1 ms] Found plugin shared_preferences at /home/ubuntu/.pub-cache/hosted/pub.dev/shared_preferences-2.5.5/
[        ] Found plugin shared_preferences_windows at /home/ubuntu/.pub-cache/hosted/pub.dev/shared_preferences_windows-2.4.1/
[   +1 ms] Found plugin shared_preferences_web at /home/ubuntu/.pub-cache/hosted/pub.dev/shared_preferences_web-2.4.3/
[        ] Found plugin shared_preferences_linux at /home/ubuntu/.pub-cache/hosted/pub.dev/shared_preferences_linux-2.4.1/
[        ] Found plugin shared_preferences_foundation at /home/ubuntu/.pub-cache/hosted/pub.dev/shared_preferences_foundation-2.5.6/
[        ] Found plugin shared_preferences_android at /home/ubuntu/.pub-cache/hosted/pub.dev/shared_preferences_android-2.4.27/
[        ] Found plugin share_plus at /home/ubuntu/.pub-cache/hosted/pub.dev/share_plus-13.3.0/
[   +1 ms] Found plugin url_launcher_windows at /home/ubuntu/.pub-cache/hosted/pub.dev/url_launcher_windows-3.1.5/
[        ] Found plugin url_launcher_web at /home/ubuntu/.pub-cache/hosted/pub.dev/url_launcher_web-2.4.3/
[        ] Found plugin url_launcher_linux at /home/ubuntu/.pub-cache/hosted/pub.dev/url_launcher_linux-3.2.2/
[   +1 ms] Found plugin printing at /home/ubuntu/.pub-cache/hosted/pub.dev/printing-5.14.3/
[   +3 ms] Found plugin local_auth at /home/ubuntu/.pub-cache/hosted/pub.dev/local_auth-3.0.2/
[        ] Found plugin local_auth_windows at /home/ubuntu/.pub-cache/hosted/pub.dev/local_auth_windows-2.0.1/
[        ] Found plugin local_auth_darwin at /home/ubuntu/.pub-cache/hosted/pub.dev/local_auth_darwin-2.0.3/
[        ] Found plugin local_auth_android at /home/ubuntu/.pub-cache/hosted/pub.dev/local_auth_android-2.0.9/
[        ] Found plugin flutter_plugin_android_lifecycle at /home/ubuntu/.pub-cache/hosted/pub.dev/flutter_plugin_android_lifecycle-2.0.35/
[        ] Found plugin image_picker at /home/ubuntu/.pub-cache/hosted/pub.dev/image_picker-1.2.3/
[        ] Found plugin image_picker_windows at /home/ubuntu/.pub-cache/hosted/pub.dev/image_picker_windows-0.2.2/
[        ] Found plugin file_selector_windows at /home/ubuntu/.pub-cache/hosted/pub.dev/file_selector_windows-0.9.3+5/
[        ] Found plugin image_picker_macos at /home/ubuntu/.pub-cache/hosted/pub.dev/image_picker_macos-0.2.2+1/
[        ] Found plugin file_selector_macos at /home/ubuntu/.pub-cache/hosted/pub.dev/file_selector_macos-0.9.5/
[        ] Found plugin image_picker_linux at /home/ubuntu/.pub-cache/hosted/pub.dev/image_picker_linux-0.2.2/
[        ] Found plugin file_selector_linux at /home/ubuntu/.pub-cache/hosted/pub.dev/file_selector_linux-0.9.4/
[        ] Found plugin image_picker_ios at /home/ubuntu/.pub-cache/hosted/pub.dev/image_picker_ios-0.8.13+6/
[        ] Found plugin image_picker_for_web at /home/ubuntu/.pub-cache/hosted/pub.dev/image_picker_for_web-3.1.1/
[        ] Found plugin image_picker_android at /home/ubuntu/.pub-cache/hosted/pub.dev/image_picker_android-0.8.13+19/
[   +1 ms] Found plugin flutter_secure_storage at /home/ubuntu/.pub-cache/hosted/pub.dev/flutter_secure_storage-11.0.0/
[        ] Found plugin flutter_secure_storage_windows at /home/ubuntu/.pub-cache/hosted/pub.dev/flutter_secure_storage_windows-4.2.2/
[        ] Found plugin flutter_secure_storage_web at /home/ubuntu/.pub-cache/hosted/pub.dev/flutter_secure_storage_web-2.1.1/
[        ] Found plugin flutter_secure_storage_linux at /home/ubuntu/.pub-cache/hosted/pub.dev/flutter_secure_storage_linux-3.0.2/
[        ] Found plugin flutter_secure_storage_darwin at /home/ubuntu/.pub-cache/hosted/pub.dev/flutter_secure_storage_darwin-0.4.0/
[        ] Found plugin flutter_local_notifications at /home/ubuntu/.pub-cache/hosted/pub.dev/flutter_local_notifications-22.3.0/
[        ] Found plugin flutter_local_notifications_windows at /home/ubuntu/.pub-cache/hosted/pub.dev/flutter_local_notifications_windows-3.1.1/
[        ] Found plugin flutter_local_notifications_web at /home/ubuntu/.pub-cache/hosted/pub.dev/flutter_local_notifications_web-1.0.0/
[        ] Found plugin flutter_local_notifications_linux at /home/ubuntu/.pub-cache/hosted/pub.dev/flutter_local_notifications_linux-8.0.1/
[   +2 ms] Found plugin file_picker at /home/ubuntu/.pub-cache/hosted/pub.dev/file_picker-12.0.0/
[        ] Found plugin windows_file_picker at /home/ubuntu/.pub-cache/hosted/pub.dev/windows_file_picker-1.0.1/
[        ] Found plugin file_picker_web at /home/ubuntu/.pub-cache/hosted/pub.dev/file_picker_web-3.0.1/
[        ] Found plugin file_picker_linux at /home/ubuntu/.pub-cache/hosted/pub.dev/file_picker_linux-1.0.1/
[        ] Found plugin file_picker_darwin at /home/ubuntu/.pub-cache/hosted/pub.dev/file_picker_darwin-1.0.1/
[        ] Found plugin android_file_picker at /home/ubuntu/.pub-cache/hosted/pub.dev/android_file_picker-1.0.1/
[  +34 ms] Found plugin whisper_cpp_flutter_plus at /home/ubuntu/.pub-cache/hosted/pub.dev/whisper_cpp_flutter_plus-0.4.0/
[        ] Found plugin path_provider at /home/ubuntu/.pub-cache/hosted/pub.dev/path_provider-2.1.6/
[        ] Found plugin path_provider_windows at /home/ubuntu/.pub-cache/hosted/pub.dev/path_provider_windows-2.3.0/
[   +1 ms] Found plugin path_provider_linux at /home/ubuntu/.pub-cache/hosted/pub.dev/path_provider_linux-2.2.2/
[        ] Found plugin path_provider_foundation at /home/ubuntu/.pub-cache/hosted/pub.dev/path_provider_foundation-2.6.0/
[        ] Found plugin path_provider_android at /home/ubuntu/.pub-cache/hosted/pub.dev/path_provider_android-2.3.1/
[        ] Found plugin jni_flutter at /home/ubuntu/.pub-cache/hosted/pub.dev/jni_flutter-1.0.2/
[        ] Found plugin jni at /home/ubuntu/.pub-cache/hosted/pub.dev/jni-1.0.3/
[   +1 ms] Found plugin speech_to_text at /home/ubuntu/.pub-cache/hosted/pub.dev/speech_to_text-7.4.0/
[        ] Found plugin speech_to_text_windows at /home/ubuntu/.pub-cache/hosted/pub.dev/speech_to_text_windows-1.0.1/
[        ] Found plugin shared_preferences at /home/ubuntu/.pub-cache/hosted/pub.dev/shared_preferences-2.5.5/
[        ] Found plugin shared_preferences_windows at /home/ubuntu/.pub-cache/hosted/pub.dev/shared_preferences_windows-2.4.1/
[        ] Found plugin shared_preferences_web at /home/ubuntu/.pub-cache/hosted/pub.dev/shared_preferences_web-2.4.3/
[        ] Found plugin shared_preferences_linux at /home/ubuntu/.pub-cache/hosted/pub.dev/shared_preferences_linux-2.4.1/
[        ] Found plugin shared_preferences_foundation at /home/ubuntu/.pub-cache/hosted/pub.dev/shared_preferences_foundation-2.5.6/
[        ] Found plugin shared_preferences_android at /home/ubuntu/.pub-cache/hosted/pub.dev/shared_preferences_android-2.4.27/
[        ] Found plugin share_plus at /home/ubuntu/.pub-cache/hosted/pub.dev/share_plus-13.3.0/
[        ] Found plugin url_launcher_windows at /home/ubuntu/.pub-cache/hosted/pub.dev/url_launcher_windows-3.1.5/
[        ] Found plugin url_launcher_web at /home/ubuntu/.pub-cache/hosted/pub.dev/url_launcher_web-2.4.3/
[        ] Found plugin url_launcher_linux at /home/ubuntu/.pub-cache/hosted/pub.dev/url_launcher_linux-3.2.2/
[        ] Found plugin printing at /home/ubuntu/.pub-cache/hosted/pub.dev/printing-5.14.3/
[   +2 ms] Found plugin local_auth at /home/ubuntu/.pub-cache/hosted/pub.dev/local_auth-3.0.2/
[        ] Found plugin local_auth_windows at /home/ubuntu/.pub-cache/hosted/pub.dev/local_auth_windows-2.0.1/
[        ] Found plugin local_auth_darwin at /home/ubuntu/.pub-cache/hosted/pub.dev/local_auth_darwin-2.0.3/
[        ] Found plugin local_auth_android at /home/ubuntu/.pub-cache/hosted/pub.dev/local_auth_android-2.0.9/
[        ] Found plugin flutter_plugin_android_lifecycle at /home/ubuntu/.pub-cache/hosted/pub.dev/flutter_plugin_android_lifecycle-2.0.35/
[        ] Found plugin image_picker at /home/ubuntu/.pub-cache/hosted/pub.dev/image_picker-1.2.3/
[        ] Found plugin image_picker_windows at /home/ubuntu/.pub-cache/hosted/pub.dev/image_picker_windows-0.2.2/
[        ] Found plugin file_selector_windows at /home/ubuntu/.pub-cache/hosted/pub.dev/file_selector_windows-0.9.3+5/
[        ] Found plugin image_picker_macos at /home/ubuntu/.pub-cache/hosted/pub.dev/image_picker_macos-0.2.2+1/
[        ] Found plugin file_selector_macos at /home/ubuntu/.pub-cache/hosted/pub.dev/file_selector_macos-0.9.5/
[        ] Found plugin image_picker_linux at /home/ubuntu/.pub-cache/hosted/pub.dev/image_picker_linux-0.2.2/
[        ] Found plugin file_selector_linux at /home/ubuntu/.pub-cache/hosted/pub.dev/file_selector_linux-0.9.4/
[        ] Found plugin image_picker_ios at /home/ubuntu/.pub-cache/hosted/pub.dev/image_picker_ios-0.8.13+6/
[        ] Found plugin image_picker_for_web at /home/ubuntu/.pub-cache/hosted/pub.dev/image_picker_for_web-3.1.1/
[        ] Found plugin image_picker_android at /home/ubuntu/.pub-cache/hosted/pub.dev/image_picker_android-0.8.13+19/
[        ] Found plugin flutter_secure_storage at /home/ubuntu/.pub-cache/hosted/pub.dev/flutter_secure_storage-11.0.0/
[        ] Found plugin flutter_secure_storage_windows at /home/ubuntu/.pub-cache/hosted/pub.dev/flutter_secure_storage_windows-4.2.2/
[        ] Found plugin flutter_secure_storage_web at /home/ubuntu/.pub-cache/hosted/pub.dev/flutter_secure_storage_web-2.1.1/
[        ] Found plugin flutter_secure_storage_linux at /home/ubuntu/.pub-cache/hosted/pub.dev/flutter_secure_storage_linux-3.0.2/
[        ] Found plugin flutter_secure_storage_darwin at /home/ubuntu/.pub-cache/hosted/pub.dev/flutter_secure_storage_darwin-0.4.0/
[        ] Found plugin flutter_local_notifications at /home/ubuntu/.pub-cache/hosted/pub.dev/flutter_local_notifications-22.3.0/
[        ] Found plugin flutter_local_notifications_windows at /home/ubuntu/.pub-cache/hosted/pub.dev/flutter_local_notifications_windows-3.1.1/
[        ] Found plugin flutter_local_notifications_web at /home/ubuntu/.pub-cache/hosted/pub.dev/flutter_local_notifications_web-1.0.0/
[        ] Found plugin flutter_local_notifications_linux at /home/ubuntu/.pub-cache/hosted/pub.dev/flutter_local_notifications_linux-8.0.1/
[   +1 ms] Found plugin file_picker at /home/ubuntu/.pub-cache/hosted/pub.dev/file_picker-12.0.0/
[        ] Found plugin windows_file_picker at /home/ubuntu/.pub-cache/hosted/pub.dev/windows_file_picker-1.0.1/
[        ] Found plugin file_picker_web at /home/ubuntu/.pub-cache/hosted/pub.dev/file_picker_web-3.0.1/
[        ] Found plugin file_picker_linux at /home/ubuntu/.pub-cache/hosted/pub.dev/file_picker_linux-1.0.1/
[        ] Found plugin file_picker_darwin at /home/ubuntu/.pub-cache/hosted/pub.dev/file_picker_darwin-1.0.1/
[        ] Found plugin android_file_picker at /home/ubuntu/.pub-cache/hosted/pub.dev/android_file_picker-1.0.1/
[   +3 ms] Generating /home/ubuntu/FFM-source-2d123ad-v67/android/app/src/main/java/io/flutter/plugins/GeneratedPluginRegistrant.java
[   +4 ms] Skipping generating GeneratedPluginRegistrant.java because it is up-to-date.
[  +15 ms] Top-level Gradle build file not found, skipping migration of task "clean".
[        ] Android Studio version could not be detected, skipping Gradle-Java version compatibility check.
[   +1 ms] CMake project not found, skipping support Android 15 16k page size migration.
[        ] The developer has already configured the Built-In Kotlin flag, skipping migration.
[        ] The developer has already configured the new DSL flag, skipping migration.
[   +1 ms] Using gradle from /home/ubuntu/FFM-source-2d123ad-v67/android/gradlew.
[   +6 ms] LocalFile: '/home/ubuntu/FFM-source-2d123ad-v67/android/build.gradle.kts' doesn't provide an AGP version. Checking settings.
[        ] LocalFile: '/home/ubuntu/FFM-source-2d123ad-v67/android/settings.gradle.kts' provides AGP version: 9.1.0
[        ] Running Gradle task 'assembleDebug'...
[        ] executing: [/home/ubuntu/FFM-source-2d123ad-v67/android/] /home/ubuntu/FFM-source-2d123ad-v67/android/gradlew --full-stacktrace --info -Pverbose=true -Ptarget-platform=android-arm64 -Ptarget=lib/main.dart -Pbase-application-name=android.app.Application -Pdart-defines=RkxVVFRFUl9CVUlMRF9OQU1FPTAuMS42Nw==,RkxVVFRFUl9CVUlMRF9OVU1CRVI9Njc=,RkxVVFRFUl9WRVJTSU9OPTMuNDcuMQ==,RkxVVFRFUl9DSEFOTkVMPXN0YWJsZQ==,RkxVVFRFUl9HSVRfVVJMPWh0dHBzOi8vZ2l0aHViLmNvbS9mbHV0dGVyL2ZsdXR0ZXIuZ2l0,RkxVVFRFUl9GUkFNRVdPUktfUkVWSVNJT049NjY1NTQ4MmVjMA==,RkxVVFRFUl9FTkdJTkVfUkVWSVNJT049NWQ1MzE3ODg2OQ==,RkxVVFRFUl9EQVJUX1ZFUlNJT049My4xMy4x -Pdart-obfuscation=false -Ptrack-widget-creation=true -Ptree-shake-icons=false -Pflutter.androidSdkRoot=/home/ubuntu/android-sdk -Pflutter.installedNdkVersions=26.3.11579264,28.2.13676358 -Pflutter.sdkManagerPath=/home/ubuntu/android-sdk/cmdline-tools/latest/bin/sdkmanager assembleDebug
[ +315 ms] Initialized native services in: /home/ubuntu/.gradle/native
[        ] Initialized jansi services in: /home/ubuntu/.gradle/native
[ +215 ms] To honour the JVM settings for this build a single-use Daemon process will be forked. For more on this, please refer to https://docs.gradle.org/9.3.1/userguide/gradle_daemon.html#sec:disabling_the_daemon in the Gradle documentation.
[   +1 ms] Starting process 'Gradle build daemon'. Working directory: /home/ubuntu/.gradle/daemon/9.3.1 Command: /usr/lib/jvm/java-21-openjdk-amd64/bin/java --add-opens=java.base/java.lang=ALL-UNNAMED --add-opens=java.base/java.lang.invoke=ALL-UNNAMED --add-opens=java.base/java.util=ALL-UNNAMED --add-opens=java.prefs/java.util.prefs=ALL-UNNAMED --add-exports=jdk.compiler/com.sun.tools.javac.api=ALL-UNNAMED --add-exports=jdk.compiler/com.sun.tools.javac.util=ALL-UNNAMED --add-opens=java.base/java.util=ALL-UNNAMED --add-opens=java.prefs/java.util.prefs=ALL-UNNAMED --add-opens=java.base/java.nio.charset=ALL-UNNAMED --add-opens=java.base/java.net=ALL-UNNAMED --add-opens=java.base/java.util.concurrent=ALL-UNNAMED --add-opens=java.base/java.util.concurrent.atomic=ALL-UNNAMED --add-opens=java.xml/javax.xml.namespace=ALL-UNNAMED --add-opens=java.base/java.time=ALL-UNNAMED -XX:MaxMetaspaceSize=512m -XX:ReservedCodeCacheSize=128m -XX:+HeapDumpOnOutOfMemoryError -Xmx1536m -Dfile.encoding=UTF-8 -Duser.country -Duser.language=en -Duser.variant -cp /home/ubuntu/.gradle/wrapper/dists/gradle-9.3.1-all/9ot9r568e8zfvvd4mn8rbu1j0/gradle-9.3.1/lib/gradle-daemon-main-9.3.1.jar -javaagent:/home/ubuntu/.gradle/wrapper/dists/gradle-9.3.1-all/9ot9r568e8zfvvd4mn8rbu1j0/gradle-9.3.1/lib/agents/gradle-instrumentation-agent-9.3.1.jar org.gradle.launcher.daemon.bootstrap.GradleDaemon 9.3.1
[        ] Successfully started process 'Gradle build daemon'
[ +698 ms] An attempt to start the daemon took 0.69 secs.
[        ] The client will now receive all logging from the daemon (pid: 18019). The daemon log file: /home/ubuntu/.gradle/daemon/9.3.1/daemon-18019.out.log
[        ] Daemon will be stopped at the end of the build 
[ +299 ms] Using 1 worker leases.
[        ] Operational build model parameters: {requiresToolingModels=false, parallelProjectExecution=false, configureOnDemand=false, configurationCache=false, configurationCacheParallelStore=false, configurationCacheParallelLoad=true, isolatedProjects=false, parallelProjectConfiguration=false, intermediateModelCache=false, parallelToolingApiActions=false, invalidateCoupledProjects=false, modelAsProjectDependency=false, resilientModelBuilding=false}
[ +299 ms] Received JVM installation metadata from '/usr/lib/jvm/java-21-openjdk-amd64': {JAVA_HOME=/usr/lib/jvm/java-21-openjdk-amd64, JAVA_VERSION=21.0.11, JAVA_VENDOR=Ubuntu, RUNTIME_NAME=OpenJDK Runtime Environment, RUNTIME_VERSION=21.0.11+10-1-24.04.2-Ubuntu, VM_NAME=OpenJDK 64-Bit Server VM, VM_VERSION=21.0.11+10-1-24.04.2-Ubuntu, VM_VENDOR=Ubuntu, OS_ARCH=amd64}
[ +200 ms] Watching the file system is configured to be enabled if available
[        ] Now considering [/home/ubuntu/FFM-source-2d123ad-v67/android] as hierarchies to watch
[        ] File system watching is active
[ +299 ms] Starting Build
[ +400 ms] Now considering [/home/ubuntu/flutter/packages/flutter_tools/gradle, /home/ubuntu/FFM-source-2d123ad-v67/android] as hierarchies to watch
[+2100 ms] > Configure project :gradle
[        ] Evaluating project ':gradle' using build file '/home/ubuntu/flutter/packages/flutter_tools/gradle/build.gradle.kts'.
[        ] Resolved plugin [id: 'org.gradle.java-gradle-plugin']
[        ] Resolved plugin [id: 'org.gradle.groovy']
[        ] Resolved plugin [id: 'org.gradle.kotlin.kotlin-dsl', version: '6.4.2']
[        ] Resolved plugin [id: 'org.jetbrains.kotlin.jvm', version: '2.2.20']
[        ] Build 835e8675-6444-49bf-8a69-556d2353f0a4 is started
[        ] Using Kotlin Gradle Plugin gradle813 variant
[        ] kotlin scripting plugin: created the scripting discovery configuration: kotlinScriptDef
[        ] kotlin scripting plugin: created the scripting discovery configuration: testKotlinScriptDef
[        ] file or directory '/home/ubuntu/flutter/packages/flutter_tools/gradle/src/main/java', not found
[        ] Resolved plugin [id: 'dev.flutter.flutter-plugin-loader', version: '1.0.0']
[        ] Resolved plugin [id: 'com.android.application', version: '9.1.0', apply: false]
[        ] Resolved plugin [id: 'org.jetbrains.kotlin.android', version: '2.4.0', apply: false]
[  +98 ms] Resolve mutations for :gradle:checkKotlinGradlePluginConfigurationErrors (Thread[#55,included builds,5,main]) started.
[        ] :gradle:checkKotlinGradlePluginConfigurationErrors (Thread[#55,included builds,5,main]) started.
[        ] > Task :gradle:checkKotlinGradlePluginConfigurationErrors SKIPPED
[        ] Skipping task ':gradle:checkKotlinGradlePluginConfigurationErrors' as task onlyIf 'errorDiagnostics are present' is false.
[  +99 ms] Resolve mutations for :gradle:compileKotlin (Thread[#55,included builds,5,main]) started.
[        ] :gradle:compileKotlin (Thread[#55,included builds,5,main]) started.
[ +199 ms] > Task :gradle:compileKotlin UP-TO-DATE
[        ] Caching disabled for task ':gradle:compileKotlin' because:
[        ]   Build cache is disabled
[        ] Skipping task ':gradle:compileKotlin' as it is up-to-date.
[        ] Resolve mutations for :gradle:compileJava (Thread[#55,included builds,5,main]) started.
[        ] :gradle:compileJava (Thread[#55,included builds,5,main]) started.
[        ] > Task :gradle:compileJava NO-SOURCE
[        ] Skipping task ':gradle:compileJava' as it has no source files and no previous output files.
[        ] Resolve mutations for :gradle:compileGroovy (Thread[#55,included builds,5,main]) started.
[        ] :gradle:compileGroovy (Thread[#55,included builds,5,main]) started.
[        ] > Task :gradle:compileGroovy NO-SOURCE
[        ] Skipping task ':gradle:compileGroovy' as it has no source files and no previous output files.
[        ] Resolve mutations for :gradle:pluginDescriptors (Thread[#55,included builds,5,main]) started.
[        ] :gradle:pluginDescriptors (Thread[#55,included builds,5,main]) started.
[        ] > Task :gradle:pluginDescriptors UP-TO-DATE
[        ] Caching disabled for task ':gradle:pluginDescriptors' because:
[        ]   Build cache is disabled
[        ]   Not worth caching
[        ] Skipping task ':gradle:pluginDescriptors' as it is up-to-date.
[        ] Resolve mutations for :gradle:processResources (Thread[#55,included builds,5,main]) started.
[        ] :gradle:processResources (Thread[#55,included builds,5,main]) started.
[        ] > Task :gradle:processResources UP-TO-DATE
[        ] Caching disabled for task ':gradle:processResources' because:
[        ]   Build cache is disabled
[        ]   Not worth caching
[        ] Skipping task ':gradle:processResources' as it is up-to-date.
[        ] Resolve mutations for :gradle:classes (Thread[#55,included builds,5,main]) started.
[        ] :gradle:classes (Thread[#55,included builds,5,main]) started.
[        ] > Task :gradle:classes UP-TO-DATE
[        ] Skipping task ':gradle:classes' as it has no actions.
[        ] Resolve mutations for :gradle:jar (Thread[#55,included builds,5,main]) started.
[        ] :gradle:jar (Thread[#55,included builds,5,main]) started.
[        ] > Task :gradle:jar UP-TO-DATE
[        ] Caching disabled for task ':gradle:jar' because:
[        ]   Build cache is disabled
[        ]   Not worth caching
[        ] Skipping task ':gradle:jar' as it is up-to-date.
[ +998 ms] Settings evaluated using settings file '/home/ubuntu/FFM-source-2d123ad-v67/android/settings.gradle.kts'.
[        ] Projects loaded. Root project using build file '/home/ubuntu/FFM-source-2d123ad-v67/android/build.gradle.kts'.
[        ] Included projects: [root project 'android', project ':android_file_picker', project ':app', project ':flutter_local_notifications', project ':flutter_plugin_android_lifecycle', project ':flutter_secure_storage', project ':image_picker_android', project ':jni', project ':jni_flutter', project ':local_auth_android', project ':printing', project ':share_plus', project ':shared_preferences_android', project ':speech_to_text', project ':whisper_cpp_flutter_plus']
[+2000 ms] > Configure project :
[        ] Evaluating root project 'android' using build file '/home/ubuntu/FFM-source-2d123ad-v67/android/build.gradle.kts'.
[ +299 ms] > Configure project :app
[        ] Evaluating project ':app' using build file '/home/ubuntu/FFM-source-2d123ad-v67/android/app/build.gradle.kts'.
[        ] Resolved plugin [id: 'com.android.application']
[        ] Resolved plugin [id: 'dev.flutter.flutter-gradle-plugin']
[        ] WARNING: The option setting 'android.builtInKotlin=false' is deprecated.
[        ] The current default is 'true'.
[        ] It will be removed in version 10.0 of the Android Gradle plugin.
[        ] WARNING: The option setting 'android.newDsl=false' is deprecated.
[        ] The current default is 'true'.
[        ] It will be removed in version 10.0 of the Android Gradle plugin.
[        ] Using default execution profile
[        ] Build 911e1f7e-3537-41d2-bf5a-738ab7041f3c is started
[        ] Using Kotlin Gradle Plugin gradle813 variant
[        ] Using Kotlin Gradle Plugin gradle813 variant
[        ] Using Kotlin Gradle Plugin gradle813 variant
[        ] Using Kotlin Gradle Plugin gradle813 variant
[        ] Using Kotlin Gradle Plugin gradle813 variant
[        ] Using Kotlin Gradle Plugin gradle813 variant
[        ] Using Kotlin Gradle Plugin gradle813 variant
[        ] Using Kotlin Gradle Plugin gradle813 variant
[        ] Using Kotlin Gradle Plugin gradle813 variant
[        ] Using Kotlin Gradle Plugin gradle813 variant
[        ] Using Kotlin Gradle Plugin gradle813 variant
[        ] Using Kotlin Gradle Plugin gradle813 variant
[        ] C/C++: android.ndkVersion from module build.gradle is [28.2.13676358]
[        ] C/C++: android.ndkPath from module build.gradle is not set
[        ] C/C++: ndk.dir in local.properties is not set
[        ] C/C++: Not considering ANDROID_NDK_HOME because support was removed after deprecation period.
[        ] C/C++: sdkFolder is /home/ubuntu/android-sdk
[        ] C/C++: android.ndkVersion from module build.gradle is [28.2.13676358]
[        ] C/C++: android.ndkPath from module build.gradle is not set
[        ] C/C++: ndk.dir in local.properties is not set
[        ] C/C++: Not considering ANDROID_NDK_HOME because support was removed after deprecation period.
[        ] C/C++: sdkFolder is /home/ubuntu/android-sdk
[        ] C/C++: android.ndkVersion from module build.gradle is [28.2.13676358]
[        ] C/C++: android.ndkPath from module build.gradle is not set
[        ] C/C++: ndk.dir in local.properties is not set
[        ] C/C++: Not considering ANDROID_NDK_HOME because support was removed after deprecation period.
[        ] C/C++: sdkFolder is /home/ubuntu/android-sdk
[        ] C/C++: android.ndkVersion from module build.gradle is [28.2.13676358]
[        ] C/C++: android.ndkPath from module build.gradle is not set
[        ] C/C++: ndk.dir in local.properties is not set
[        ] C/C++: Not considering ANDROID_NDK_HOME because support was removed after deprecation period.
[        ] C/C++: sdkFolder is /home/ubuntu/android-sdk
[        ] C/C++: android.ndkVersion from module build.gradle is [28.2.13676358]
[        ] C/C++: android.ndkPath from module build.gradle is not set
[        ] C/C++: ndk.dir in local.properties is not set
[        ] C/C++: Not considering ANDROID_NDK_HOME because support was removed after deprecation period.
[        ] C/C++: sdkFolder is /home/ubuntu/android-sdk
[        ] C/C++: android.ndkVersion from module build.gradle is [28.2.13676358]
[        ] C/C++: android.ndkPath from module build.gradle is not set
[        ] C/C++: ndk.dir in local.properties is not set
[        ] C/C++: Not considering ANDROID_NDK_HOME because support was removed after deprecation period.
[        ] C/C++: sdkFolder is /home/ubuntu/android-sdk
[        ] C/C++: android.ndkVersion from module build.gradle is [28.2.13676358]
[        ] C/C++: android.ndkPath from module build.gradle is not set
[        ] C/C++: ndk.dir in local.properties is not set
[        ] C/C++: Not considering ANDROID_NDK_HOME because support was removed after deprecation period.
[        ] C/C++: sdkFolder is /home/ubuntu/android-sdk
[        ] C/C++: android.ndkVersion from module build.gradle is [28.2.13676358]
[        ] C/C++: android.ndkPath from module build.gradle is not set
[        ] C/C++: ndk.dir in local.properties is not set
[        ] C/C++: Not considering ANDROID_NDK_HOME because support was removed after deprecation period.
[        ] C/C++: sdkFolder is /home/ubuntu/android-sdk
[        ] C/C++: android.ndkVersion from module build.gradle is [28.2.13676358]
[        ] C/C++: android.ndkPath from module build.gradle is not set
[        ] C/C++: ndk.dir in local.properties is not set
[        ] C/C++: Not considering ANDROID_NDK_HOME because support was removed after deprecation period.
[        ] C/C++: sdkFolder is /home/ubuntu/android-sdk
[        ] C/C++: android.ndkVersion from module build.gradle is [28.2.13676358]
[        ] C/C++: android.ndkPath from module build.gradle is not set
[        ] C/C++: ndk.dir in local.properties is not set
[        ] C/C++: Not considering ANDROID_NDK_HOME because support was removed after deprecation period.
[        ] C/C++: sdkFolder is /home/ubuntu/android-sdk
[        ] C/C++: android.ndkVersion from module build.gradle is [28.2.13676358]
[        ] C/C++: android.ndkPath from module build.gradle is not set
[        ] C/C++: ndk.dir in local.properties is not set
[        ] C/C++: Not considering ANDROID_NDK_HOME because support was removed after deprecation period.
[        ] C/C++: sdkFolder is /home/ubuntu/android-sdk
[        ] C/C++: android.ndkVersion from module build.gradle is [28.2.13676358]
[        ] C/C++: android.ndkPath from module build.gradle is not set
[        ] C/C++: ndk.dir in local.properties is not set
[        ] C/C++: Not considering ANDROID_NDK_HOME because support was removed after deprecation period.
[        ] C/C++: sdkFolder is /home/ubuntu/android-sdk
[        ] C/C++: android.ndkVersion from module build.gradle is [28.2.13676358]
[        ] C/C++: android.ndkPath from module build.gradle is not set
[        ] C/C++: ndk.dir in local.properties is not set
[        ] C/C++: Not considering ANDROID_NDK_HOME because support was removed after deprecation period.
[        ] C/C++: sdkFolder is /home/ubuntu/android-sdk
[        ] C/C++: android.ndkVersion from module build.gradle is [28.2.13676358]
[        ] C/C++: android.ndkPath from module build.gradle is not set
[        ] C/C++: ndk.dir in local.properties is not set
[        ] C/C++: Not considering ANDROID_NDK_HOME because support was removed after deprecation period.
[        ] C/C++: sdkFolder is /home/ubuntu/android-sdk
[        ] C/C++: android.ndkVersion from module build.gradle is [28.2.13676358]
[        ] C/C++: android.ndkPath from module build.gradle is not set
[        ] C/C++: ndk.dir in local.properties is not set
[        ] C/C++: Not considering ANDROID_NDK_HOME because support was removed after deprecation period.
[        ] C/C++: sdkFolder is /home/ubuntu/android-sdk
[        ] C/C++: android.ndkVersion from module build.gradle is [28.2.13676358]
[        ] C/C++: android.ndkPath from module build.gradle is not set
[        ] C/C++: ndk.dir in local.properties is not set
[        ] C/C++: Not considering ANDROID_NDK_HOME because support was removed after deprecation period.
[        ] C/C++: sdkFolder is /home/ubuntu/android-sdk
[        ] C/C++: android.ndkVersion from module build.gradle is [28.2.13676358]
[        ] C/C++: android.ndkPath from module build.gradle is not set
[        ] C/C++: ndk.dir in local.properties is not set
[        ] C/C++: Not considering ANDROID_NDK_HOME because support was removed after deprecation period.
[        ] C/C++: sdkFolder is /home/ubuntu/android-sdk
[        ] C/C++: android.ndkVersion from module build.gradle is [28.2.13676358]
[        ] C/C++: android.ndkPath from module build.gradle is not set
[        ] C/C++: ndk.dir in local.properties is not set
[        ] C/C++: Not considering ANDROID_NDK_HOME because support was removed after deprecation period.
[        ] C/C++: sdkFolder is /home/ubuntu/android-sdk
[        ] C/C++: android.ndkVersion from module build.gradle is [28.2.13676358]
[        ] C/C++: android.ndkPath from module build.gradle is not set
[        ] C/C++: ndk.dir in local.properties is not set
[        ] C/C++: Not considering ANDROID_NDK_HOME because support was removed after deprecation period.
[        ] C/C++: sdkFolder is /home/ubuntu/android-sdk
[        ] w: [33m[1m⚠️ Deprecated 'org.jetbrains.kotlin.android' plugin usage[0m[0m
[        ] The 'org.jetbrains.kotlin.android' plugin in project ':app' is no longer required for Kotlin support since AGP 9.0.
[        ] [32m[1mSolution:[0m[0m
[        ] [32m[3mRemove both `android.builtInKotlin=true` and `android.newDsl=false` from `gradle.properties`, then migrate to built-in Kotlin.[0m[0m
[        ] [36mSee [0m[34mhttps://kotl.in/gradle/agp-built-in-kotlin[0m[36m for more details.[0m
[ +895 ms] > Configure project :android_file_picker
[        ] Evaluating project ':android_file_picker' using build file '/home/ubuntu/.pub-cache/hosted/pub.dev/android_file_picker-1.0.1/android/build.gradle.kts'.
[        ] Using default execution profile
[        ] Using Kotlin Gradle Plugin gradle813 variant
[        ] w: [33m[1m⚠️ Deprecated 'org.jetbrains.kotlin.android' plugin usage[0m[0m
[        ] The 'org.jetbrains.kotlin.android' plugin in project ':android_file_picker' is no longer required for Kotlin support since AGP 9.0.
[        ] [32m[1mSolution:[0m[0m
[        ] [32m[3mRemove both `android.builtInKotlin=true` and `android.newDsl=false` from `gradle.properties`, then migrate to built-in Kotlin.[0m[0m
[        ] [36mSee [0m[34mhttps://kotl.in/gradle/agp-built-in-kotlin[0m[36m for more details.[0m
[ +598 ms] > Configure project :flutter_local_notifications
[        ] Evaluating project ':flutter_local_notifications' using build file '/home/ubuntu/.pub-cache/hosted/pub.dev/flutter_local_notifications-22.3.0/android/build.gradle'.
[        ] Using default execution profile
[        ] w: [33m[1m⚠️ Deprecated 'org.jetbrains.kotlin.android' plugin usage[0m[0m
[        ] The 'org.jetbrains.kotlin.android' plugin in project ':flutter_local_notifications' is no longer required for Kotlin support since AGP 9.0.
[        ] [32m[1mSolution:[0m[0m
[        ] [32m[3mRemove both `android.builtInKotlin=true` and `android.newDsl=false` from `gradle.properties`, then migrate to built-in Kotlin.[0m[0m
[        ] [36mSee [0m[34mhttps://kotl.in/gradle/agp-built-in-kotlin[0m[36m for more details.[0m
[ +499 ms] > Configure project :flutter_plugin_android_lifecycle
[        ] Evaluating project ':flutter_plugin_android_lifecycle' using build file '/home/ubuntu/.pub-cache/hosted/pub.dev/flutter_plugin_android_lifecycle-2.0.35/android/build.gradle.kts'.
[        ] Resolved plugin [id: 'com.android.library']
[        ] Using default execution profile
[        ] w: [33m[1m⚠️ Deprecated 'org.jetbrains.kotlin.android' plugin usage[0m[0m
[        ] The 'org.jetbrains.kotlin.android' plugin in project ':flutter_plugin_android_lifecycle' is no longer required for Kotlin support since AGP 9.0.
[        ] [32m[1mSolution:[0m[0m
[        ] [32m[3mRemove both `android.builtInKotlin=true` and `android.newDsl=false` from `gradle.properties`, then migrate to built-in Kotlin.[0m[0m
[        ] [36mSee [0m[34mhttps://kotl.in/gradle/agp-built-in-kotlin[0m[36m for more details.[0m
[  +99 ms] > Configure project :flutter_secure_storage
[        ] Evaluating project ':flutter_secure_storage' using build file '/home/ubuntu/.pub-cache/hosted/pub.dev/flutter_secure_storage-11.0.0/android/build.gradle'.
[        ] Resolved plugin [id: 'com.android.library']
[        ] Resolved plugin [id: 'jacoco']
[        ] Using default execution profile
[        ] w: [33m[1m⚠️ Deprecated 'org.jetbrains.kotlin.android' plugin usage[0m[0m
[        ] The 'org.jetbrains.kotlin.android' plugin in project ':flutter_secure_storage' is no longer required for Kotlin support since AGP 9.0.
[        ] [32m[1mSolution:[0m[0m
[        ] [32m[3mRemove both `android.builtInKotlin=true` and `android.newDsl=false` from `gradle.properties`, then migrate to built-in Kotlin.[0m[0m
[        ] [36mSee [0m[34mhttps://kotl.in/gradle/agp-built-in-kotlin[0m[36m for more details.[0m
[+1999 ms] > Configure project :image_picker_android
[        ] Evaluating project ':image_picker_android' using build file '/home/ubuntu/.pub-cache/hosted/pub.dev/image_picker_android-0.8.13+19/android/build.gradle.kts'.
[        ] Caching disabled for Kotlin DSL script compilation (Project/TopLevel/stage1) because:
[        ]   Build cache is disabled
[+1299 ms] Resolved plugin [id: 'com.android.library']
[ +300 ms] Using default execution profile
[  +99 ms] Caching disabled for Kotlin DSL script compilation (Project/TopLevel/stage2) because:
[        ]   Build cache is disabled
[ +999 ms] w: file:///home/ubuntu/.pub-cache/hosted/pub.dev/image_picker_android-0.8.13+19/android/build.gradle.kts:34:1: 'fun Project.android(configure: Action<LibraryExtension>): Unit' is deprecated. Replaced by com.android.build.api.dsl.LibraryExtension.
[        ] This class is not used for the public extensions in AGP when android.newDsl=true, which is the default in AGP 9.0, and will be removed in AGP 10.0.
[ +200 ms] w: [33m[1m⚠️ Deprecated 'org.jetbrains.kotlin.android' plugin usage[0m[0m
[        ] The 'org.jetbrains.kotlin.android' plugin in project ':image_picker_android' is no longer required for Kotlin support since AGP 9.0.
[        ] [32m[1mSolution:[0m[0m
[        ] [32m[3mRemove both `android.builtInKotlin=true` and `android.newDsl=false` from `gradle.properties`, then migrate to built-in Kotlin.[0m[0m
[        ] [36mSee [0m[34mhttps://kotl.in/gradle/agp-built-in-kotlin[0m[36m for more details.[0m
[ +199 ms] > Configure project :jni
[        ] Evaluating project ':jni' using build file '/home/ubuntu/.pub-cache/hosted/pub.dev/jni-1.0.3/android/build.gradle'.
[        ] Using default execution profile
[        ] C/C++: android.ndkVersion from module build.gradle is [28.2.13676358]
[        ] C/C++: android.ndkPath from module build.gradle is not set
[        ] C/C++: ndk.dir in local.properties is not set
[        ] C/C++: Not considering ANDROID_NDK_HOME because support was removed after deprecation period.
[        ] C/C++: sdkFolder is /home/ubuntu/android-sdk
[        ] C/C++: android.ndkVersion from module build.gradle is [28.2.13676358]
[        ] C/C++: android.ndkPath from module build.gradle is not set
[        ] C/C++: ndk.dir in local.properties is not set
[        ] C/C++: Not considering ANDROID_NDK_HOME because support was removed after deprecation period.
[        ] C/C++: sdkFolder is /home/ubuntu/android-sdk
[        ] C/C++: android.ndkVersion from module build.gradle is [28.2.13676358]
[        ] C/C++: android.ndkPath from module build.gradle is not set
[        ] C/C++: ndk.dir in local.properties is not set
[        ] C/C++: Not considering ANDROID_NDK_HOME because support was removed after deprecation period.
[        ] C/C++: sdkFolder is /home/ubuntu/android-sdk
[        ] C/C++: android.ndkVersion from module build.gradle is [28.2.13676358]
[        ] C/C++: android.ndkPath from module build.gradle is not set
[        ] C/C++: ndk.dir in local.properties is not set
[        ] C/C++: Not considering ANDROID_NDK_HOME because support was removed after deprecation period.
[        ] C/C++: sdkFolder is /home/ubuntu/android-sdk
[        ] C/C++: android.ndkVersion from module build.gradle is [28.2.13676358]
[        ] C/C++: android.ndkPath from module build.gradle is not set
[        ] C/C++: ndk.dir in local.properties is not set
[        ] C/C++: Not considering ANDROID_NDK_HOME because support was removed after deprecation period.
[        ] C/C++: sdkFolder is /home/ubuntu/android-sdk
[        ] C/C++: android.ndkVersion from module build.gradle is [28.2.13676358]
[        ] C/C++: android.ndkPath from module build.gradle is not set
[        ] C/C++: ndk.dir in local.properties is not set
[        ] C/C++: Not considering ANDROID_NDK_HOME because support was removed after deprecation period.
[        ] C/C++: sdkFolder is /home/ubuntu/android-sdk
[        ] C/C++: android.ndkVersion from module build.gradle is [28.2.13676358]
[        ] C/C++: android.ndkPath from module build.gradle is not set
[        ] C/C++: ndk.dir in local.properties is not set
[        ] C/C++: Not considering ANDROID_NDK_HOME because support was removed after deprecation period.
[        ] C/C++: sdkFolder is /home/ubuntu/android-sdk
[        ] C/C++: android.ndkVersion from module build.gradle is [28.2.13676358]
[        ] C/C++: android.ndkPath from module build.gradle is not set
[        ] C/C++: ndk.dir in local.properties is not set
[        ] C/C++: Not considering ANDROID_NDK_HOME because support was removed after deprecation period.
[        ] C/C++: sdkFolder is /home/ubuntu/android-sdk
[        ] C/C++: android.ndkVersion from module build.gradle is [28.2.13676358]
[        ] C/C++: android.ndkPath from module build.gradle is not set
[        ] C/C++: ndk.dir in local.properties is not set
[        ] C/C++: Not considering ANDROID_NDK_HOME because support was removed after deprecation period.
[        ] C/C++: sdkFolder is /home/ubuntu/android-sdk
[        ] C/C++: android.ndkVersion from module build.gradle is [28.2.13676358]
[        ] C/C++: android.ndkPath from module build.gradle is not set
[        ] C/C++: ndk.dir in local.properties is not set
[        ] C/C++: Not considering ANDROID_NDK_HOME because support was removed after deprecation period.
[        ] C/C++: sdkFolder is /home/ubuntu/android-sdk
[        ] C/C++: android.ndkVersion from module build.gradle is [28.2.13676358]
[        ] C/C++: android.ndkPath from module build.gradle is not set
[        ] C/C++: ndk.dir in local.properties is not set
[        ] C/C++: Not considering ANDROID_NDK_HOME because support was removed after deprecation period.
[        ] C/C++: sdkFolder is /home/ubuntu/android-sdk
[        ] C/C++: android.ndkVersion from module build.gradle is [28.2.13676358]
[        ] C/C++: android.ndkPath from module build.gradle is not set
[        ] C/C++: ndk.dir in local.properties is not set
[        ] C/C++: Not considering ANDROID_NDK_HOME because support was removed after deprecation period.
[        ] C/C++: sdkFolder is /home/ubuntu/android-sdk
[        ] C/C++: android.ndkVersion from module build.gradle is [28.2.13676358]
[        ] C/C++: android.ndkPath from module build.gradle is not set
[        ] C/C++: ndk.dir in local.properties is not set
[        ] C/C++: Not considering ANDROID_NDK_HOME because support was removed after deprecation period.
[        ] C/C++: sdkFolder is /home/ubuntu/android-sdk
[        ] C/C++: android.ndkVersion from module build.gradle is [28.2.13676358]
[        ] C/C++: android.ndkPath from module build.gradle is not set
[        ] C/C++: ndk.dir in local.properties is not set
[        ] C/C++: Not considering ANDROID_NDK_HOME because support was removed after deprecation period.
[        ] C/C++: sdkFolder is /home/ubuntu/android-sdk
[        ] C/C++: android.ndkVersion from module build.gradle is [28.2.13676358]
[        ] C/C++: android.ndkPath from module build.gradle is not set
[        ] C/C++: ndk.dir in local.properties is not set
[        ] C/C++: Not considering ANDROID_NDK_HOME because support was removed after deprecation period.
[        ] C/C++: sdkFolder is /home/ubuntu/android-sdk
[        ] C/C++: android.ndkVersion from module build.gradle is [28.2.13676358]
[        ] C/C++: android.ndkPath from module build.gradle is not set
[        ] C/C++: ndk.dir in local.properties is not set
[        ] C/C++: Not considering ANDROID_NDK_HOME because support was removed after deprecation period.
[        ] C/C++: sdkFolder is /home/ubuntu/android-sdk
[        ] C/C++: android.ndkVersion from module build.gradle is [28.2.13676358]
[        ] C/C++: android.ndkPath from module build.gradle is not set
[        ] C/C++: ndk.dir in local.properties is not set
[        ] C/C++: Not considering ANDROID_NDK_HOME because support was removed after deprecation period.
[        ] C/C++: sdkFolder is /home/ubuntu/android-sdk
[        ] C/C++: android.ndkVersion from module build.gradle is [28.2.13676358]
[        ] C/C++: android.ndkPath from module build.gradle is not set
[        ] C/C++: ndk.dir in local.properties is not set
[        ] C/C++: Not considering ANDROID_NDK_HOME because support was removed after deprecation period.
[        ] C/C++: sdkFolder is /home/ubuntu/android-sdk
[        ] C/C++: android.ndkVersion from module build.gradle is [28.2.13676358]
[        ] C/C++: android.ndkPath from module build.gradle is not set
[        ] C/C++: ndk.dir in local.properties is not set
[        ] C/C++: Not considering ANDROID_NDK_HOME because support was removed after deprecation period.
[        ] C/C++: sdkFolder is /home/ubuntu/android-sdk
[        ] w: [33m[1m⚠️ Deprecated 'org.jetbrains.kotlin.android' plugin usage[0m[0m
[        ] The 'org.jetbrains.kotlin.android' plugin in project ':jni' is no longer required for Kotlin support since AGP 9.0.
[        ] [32m[1mSolution:[0m[0m
[        ] [32m[3mRemove both `android.builtInKotlin=true` and `android.newDsl=false` from `gradle.properties`, then migrate to built-in Kotlin.[0m[0m
[        ] [36mSee [0m[34mhttps://kotl.in/gradle/agp-built-in-kotlin[0m[36m for more details.[0m
[  +96 ms] > Configure project :jni_flutter
[        ] Evaluating project ':jni_flutter' using build file '/home/ubuntu/.pub-cache/hosted/pub.dev/jni_flutter-1.0.2/android/build.gradle'.
[        ] Using default execution profile
[        ] w: [33m[1m⚠️ Deprecated 'org.jetbrains.kotlin.android' plugin usage[0m[0m
[        ] The 'org.jetbrains.kotlin.android' plugin in project ':jni_flutter' is no longer required for Kotlin support since AGP 9.0.
[        ] [32m[1mSolution:[0m[0m
[        ] [32m[3mRemove both `android.builtInKotlin=true` and `android.newDsl=false` from `gradle.properties`, then migrate to built-in Kotlin.[0m[0m
[        ] [36mSee [0m[34mhttps://kotl.in/gradle/agp-built-in-kotlin[0m[36m for more details.[0m
[  +99 ms] > Configure project :local_auth_android
[        ] Evaluating project ':local_auth_android' using build file '/home/ubuntu/.pub-cache/hosted/pub.dev/local_auth_android-2.0.9/android/build.gradle.kts'.
[        ] Resolved plugin [id: 'com.android.library']
[        ] Using default execution profile
[        ] w: [33m[1m⚠️ Deprecated 'org.jetbrains.kotlin.android' plugin usage[0m[0m
[        ] The 'org.jetbrains.kotlin.android' plugin in project ':local_auth_android' is no longer required for Kotlin support since AGP 9.0.
[        ] [32m[1mSolution:[0m[0m
[        ] [32m[3mRemove both `android.builtInKotlin=true` and `android.newDsl=false` from `gradle.properties`, then migrate to built-in Kotlin.[0m[0m
[        ] [36mSee [0m[34mhttps://kotl.in/gradle/agp-built-in-kotlin[0m[36m for more details.[0m
[ +399 ms] > Configure project :printing
[        ] Evaluating project ':printing' using build file '/home/ubuntu/.pub-cache/hosted/pub.dev/printing-5.14.3/android/build.gradle'.
[        ] Using default execution profile
[        ] w: [33m[1m⚠️ Deprecated 'org.jetbrains.kotlin.android' plugin usage[0m[0m
[        ] The 'org.jetbrains.kotlin.android' plugin in project ':printing' is no longer required for Kotlin support since AGP 9.0.
[        ] [32m[1mSolution:[0m[0m
[        ] [32m[3mRemove both `android.builtInKotlin=true` and `android.newDsl=false` from `gradle.properties`, then migrate to built-in Kotlin.[0m[0m
[        ] [36mSee [0m[34mhttps://kotl.in/gradle/agp-built-in-kotlin[0m[36m for more details.[0m
[ +599 ms] > Configure project :share_plus
[        ] Evaluating project ':share_plus' using build file '/home/ubuntu/.pub-cache/hosted/pub.dev/share_plus-13.3.0/android/build.gradle.kts'.
[        ] Resolved plugin [id: 'com.android.library']
[        ] Using default execution profile
[        ] w: [33m[1m⚠️ Deprecated 'org.jetbrains.kotlin.android' plugin usage[0m[0m
[        ] The 'org.jetbrains.kotlin.android' plugin in project ':share_plus' is no longer required for Kotlin support since AGP 9.0.
[        ] [32m[1mSolution:[0m[0m
[        ] [32m[3mRemove both `android.builtInKotlin=true` and `android.newDsl=false` from `gradle.properties`, then migrate to built-in Kotlin.[0m[0m
[        ] [36mSee [0m[34mhttps://kotl.in/gradle/agp-built-in-kotlin[0m[36m for more details.[0m
[ +298 ms] > Configure project :shared_preferences_android
[        ] Evaluating project ':shared_preferences_android' using build file '/home/ubuntu/.pub-cache/hosted/pub.dev/shared_preferences_android-2.4.27/android/build.gradle.kts'.
[        ] Resolved plugin [id: 'com.android.library']
[        ] Using default execution profile
[        ] w: [33m[1m⚠️ Deprecated 'org.jetbrains.kotlin.android' plugin usage[0m[0m
[        ] The 'org.jetbrains.kotlin.android' plugin in project ':shared_preferences_android' is no longer required for Kotlin support since AGP 9.0.
[        ] [32m[1mSolution:[0m[0m
[        ] [32m[3mRemove both `android.builtInKotlin=true` and `android.newDsl=false` from `gradle.properties`, then migrate to built-in Kotlin.[0m[0m
[        ] [36mSee [0m[34mhttps://kotl.in/gradle/agp-built-in-kotlin[0m[36m for more details.[0m
[  +99 ms] > Configure project :speech_to_text
[        ] Evaluating project ':speech_to_text' using build file '/home/ubuntu/.pub-cache/hosted/pub.dev/speech_to_text-7.4.0/android/build.gradle'.
[        ] Using default execution profile
[        ] Using Kotlin Gradle Plugin gradle813 variant
[        ] w: [33m[1m⚠️ Deprecated 'org.jetbrains.kotlin.android' plugin usage[0m[0m
[        ] The 'org.jetbrains.kotlin.android' plugin in project ':speech_to_text' is no longer required for Kotlin support since AGP 9.0.
[        ] [32m[1mSolution:[0m[0m
[        ] [32m[3mRemove both `android.builtInKotlin=true` and `android.newDsl=false` from `gradle.properties`, then migrate to built-in Kotlin.[0m[0m
[        ] [36mSee [0m[34mhttps://kotl.in/gradle/agp-built-in-kotlin[0m[36m for more details.[0m
[ +403 ms] > Configure project :whisper_cpp_flutter_plus
[        ] Evaluating project ':whisper_cpp_flutter_plus' using build file '/home/ubuntu/.pub-cache/hosted/pub.dev/whisper_cpp_flutter_plus-0.4.0/android/build.gradle'.
[        ] Using default execution profile
[        ] C/C++: android.ndkVersion from module build.gradle is [28.2.13676358]
[        ] C/C++: android.ndkPath from module build.gradle is not set
[        ] C/C++: ndk.dir in local.properties is not set
[        ] C/C++: Not considering ANDROID_NDK_HOME because support was removed after deprecation period.
[        ] C/C++: sdkFolder is /home/ubuntu/android-sdk
[        ] C/C++: android.ndkVersion from module build.gradle is [28.2.13676358]
[        ] C/C++: android.ndkPath from module build.gradle is not set
[        ] C/C++: ndk.dir in local.properties is not set
[        ] C/C++: Not considering ANDROID_NDK_HOME because support was removed after deprecation period.
[        ] C/C++: sdkFolder is /home/ubuntu/android-sdk
[        ] C/C++: android.ndkVersion from module build.gradle is [28.2.13676358]
[        ] C/C++: android.ndkPath from module build.gradle is not set
[        ] C/C++: ndk.dir in local.properties is not set
[        ] C/C++: Not considering ANDROID_NDK_HOME because support was removed after deprecation period.
[        ] C/C++: sdkFolder is /home/ubuntu/android-sdk
[        ] C/C++: android.ndkVersion from module build.gradle is [28.2.13676358]
[        ] C/C++: android.ndkPath from module build.gradle is not set
[        ] C/C++: ndk.dir in local.properties is not set
[        ] C/C++: Not considering ANDROID_NDK_HOME because support was removed after deprecation period.
[        ] C/C++: sdkFolder is /home/ubuntu/android-sdk
[        ] C/C++: android.ndkVersion from module build.gradle is [28.2.13676358]
[        ] C/C++: android.ndkPath from module build.gradle is not set
[        ] C/C++: ndk.dir in local.properties is not set
[        ] C/C++: Not considering ANDROID_NDK_HOME because support was removed after deprecation period.
[        ] C/C++: sdkFolder is /home/ubuntu/android-sdk
[        ] C/C++: android.ndkVersion from module build.gradle is [28.2.13676358]
[        ] C/C++: android.ndkPath from module build.gradle is not set
[        ] C/C++: ndk.dir in local.properties is not set
[        ] C/C++: Not considering ANDROID_NDK_HOME because support was removed after deprecation period.
[        ] C/C++: sdkFolder is /home/ubuntu/android-sdk
[        ] C/C++: android.ndkVersion from module build.gradle is [28.2.13676358]
[        ] C/C++: android.ndkPath from module build.gradle is not set
[        ] C/C++: ndk.dir in local.properties is not set
[        ] C/C++: Not considering ANDROID_NDK_HOME because support was removed after deprecation period.
[        ] C/C++: sdkFolder is /home/ubuntu/android-sdk
[        ] C/C++: android.ndkVersion from module build.gradle is [28.2.13676358]
[        ] C/C++: android.ndkPath from module build.gradle is not set
[        ] C/C++: ndk.dir in local.properties is not set
[        ] C/C++: Not considering ANDROID_NDK_HOME because support was removed after deprecation period.
[        ] C/C++: sdkFolder is /home/ubuntu/android-sdk
[        ] C/C++: android.ndkVersion from module build.gradle is [28.2.13676358]
[        ] C/C++: android.ndkPath from module build.gradle is not set
[        ] C/C++: ndk.dir in local.properties is not set
[        ] C/C++: Not considering ANDROID_NDK_HOME because support was removed after deprecation period.
[        ] C/C++: sdkFolder is /home/ubuntu/android-sdk
[        ] C/C++: android.ndkVersion from module build.gradle is [28.2.13676358]
[        ] C/C++: android.ndkPath from module build.gradle is not set
[        ] C/C++: ndk.dir in local.properties is not set
[        ] C/C++: Not considering ANDROID_NDK_HOME because support was removed after deprecation period.
[        ] C/C++: sdkFolder is /home/ubuntu/android-sdk
[        ] C/C++: android.ndkVersion from module build.gradle is [28.2.13676358]
[        ] C/C++: android.ndkPath from module build.gradle is not set
[        ] C/C++: ndk.dir in local.properties is not set
[        ] C/C++: Not considering ANDROID_NDK_HOME because support was removed after deprecation period.
[        ] C/C++: sdkFolder is /home/ubuntu/android-sdk
[        ] C/C++: android.ndkVersion from module build.gradle is [28.2.13676358]
[        ] C/C++: android.ndkPath from module build.gradle is not set
[        ] C/C++: ndk.dir in local.properties is not set
[        ] C/C++: Not considering ANDROID_NDK_HOME because support was removed after deprecation period.
[        ] C/C++: sdkFolder is /home/ubuntu/android-sdk
[        ] C/C++: android.ndkVersion from module build.gradle is [28.2.13676358]
[        ] C/C++: android.ndkPath from module build.gradle is not set
[        ] C/C++: ndk.dir in local.properties is not set
[        ] C/C++: Not considering ANDROID_NDK_HOME because support was removed after deprecation period.
[        ] C/C++: sdkFolder is /home/ubuntu/android-sdk
[        ] C/C++: android.ndkVersion from module build.gradle is [28.2.13676358]
[        ] C/C++: android.ndkPath from module build.gradle is not set
[        ] C/C++: ndk.dir in local.properties is not set
[        ] C/C++: Not considering ANDROID_NDK_HOME because support was removed after deprecation period.
[        ] C/C++: sdkFolder is /home/ubuntu/android-sdk
[        ] C/C++: android.ndkVersion from module build.gradle is [28.2.13676358]
[        ] C/C++: android.ndkPath from module build.gradle is not set
[        ] C/C++: ndk.dir in local.properties is not set
[        ] C/C++: Not considering ANDROID_NDK_HOME because support was removed after deprecation period.
[        ] C/C++: sdkFolder is /home/ubuntu/android-sdk
[        ] C/C++: android.ndkVersion from module build.gradle is [28.2.13676358]
[        ] C/C++: android.ndkPath from module build.gradle is not set
[        ] C/C++: ndk.dir in local.properties is not set
[        ] C/C++: Not considering ANDROID_NDK_HOME because support was removed after deprecation period.
[        ] C/C++: sdkFolder is /home/ubuntu/android-sdk
[        ] C/C++: android.ndkVersion from module build.gradle is [28.2.13676358]
[        ] C/C++: android.ndkPath from module build.gradle is not set
[        ] C/C++: ndk.dir in local.properties is not set
[        ] C/C++: Not considering ANDROID_NDK_HOME because support was removed after deprecation period.
[        ] C/C++: sdkFolder is /home/ubuntu/android-sdk
[        ] C/C++: android.ndkVersion from module build.gradle is [28.2.13676358]
[        ] C/C++: android.ndkPath from module build.gradle is not set
[        ] C/C++: ndk.dir in local.properties is not set
[        ] C/C++: Not considering ANDROID_NDK_HOME because support was removed after deprecation period.
[        ] C/C++: sdkFolder is /home/ubuntu/android-sdk
[        ] C/C++: android.ndkVersion from module build.gradle is [28.2.13676358]
[        ] C/C++: android.ndkPath from module build.gradle is not set
[        ] C/C++: ndk.dir in local.properties is not set
[        ] C/C++: Not considering ANDROID_NDK_HOME because support was removed after deprecation period.
[        ] C/C++: sdkFolder is /home/ubuntu/android-sdk
[        ] w: [33m[1m⚠️ Deprecated 'org.jetbrains.kotlin.android' plugin usage[0m[0m
[        ] The 'org.jetbrains.kotlin.android' plugin in project ':whisper_cpp_flutter_plus' is no longer required for Kotlin support since AGP 9.0.
[        ] [32m[1mSolution:[0m[0m
[        ] [32m[3mRemove both `android.builtInKotlin=true` and `android.newDsl=false` from `gradle.properties`, then migrate to built-in Kotlin.[0m[0m
[        ] [36mSee [0m[34mhttps://kotl.in/gradle/agp-built-in-kotlin[0m[36m for more details.[0m
[        ] All projects evaluated.
[        ] Task name matched 'assembleDebug'
[        ] Selected primary task 'assembleDebug' from project :
[        ] WARNING: Your app uses the following plugins that apply Kotlin Gradle Plugin (KGP): speech_to_text
[        ] Future versions of Flutter will fail to build if your app uses plugins that apply KGP.
[        ] Please check the changelogs of these plugins and upgrade to a version that supports Built-in Kotlin.
[        ] If no such version exists, report the issue to the plugin. If necessary, here is a guide on filing
[        ] an issue against a plugin: https://docs.flutter.dev/release/breaking-changes/migrate-to-built-in-kotlin/for-app-developers#report-incompatible-kotlin-gradle-plugin-usage-to-plugin-authors
[        ] If you are a plugin author, please migrate your plugin to Built-in Kotlin using this guide: https://docs.flutter.dev/release/breaking-changes/migrate-to-built-in-kotlin/for-plugin-authors
[ +591 ms] Adding -Xuse-inline-scopes-numbers Kotlin compiler flag for task :app:compileDebugKotlin
[ +900 ms] Adding -Xuse-inline-scopes-numbers Kotlin compiler flag for task :app:compileDebugAndroidTestKotlin
[        ] Adding -Xuse-inline-scopes-numbers Kotlin compiler flag for task :app:compileProfileKotlin
[ +101 ms] Tasks to be executed: [task ':android_file_picker:preBuild', task ':android_file_picker:preDebugBuild', task ':android_file_picker:checkDebugAarMetadata', task ':android_file_picker:mergeDebugJniLibFolders', task ':android_file_picker:mergeDebugNativeLibs', task ':android_file_picker:stripDebugDebugSymbols', task ':android_file_picker:copyDebugJniLibsProjectAndLocalJars', task ':android_file_picker:checkKotlinGradlePluginConfigurationErrors', task ':android_file_picker:generateDebugResources', task ':android_file_picker:packageDebugResources', task ':android_file_picker:processDebugNavigationResources', task ':android_file_picker:parseDebugLocalResources', task ':android_file_picker:generateDebugRFile', task ':android_file_picker:compileDebugKotlin', task ':android_file_picker:extractDebugAnnotations', task ':android_file_picker:extractDeepLinksForAarDebug', task ':android_file_picker:generateDebugAssets', task ':android_file_picker:mergeDebugAssets', task ':android_file_picker:javaPreCompileDebug', task ':android_file_picker:compileDebugJavaWithJavac', task ':android_file_picker:mergeDebugGeneratedProguardFiles', task ':android_file_picker:mergeDebugConsumerProguardFiles', task ':android_file_picker:prepareDebugArtProfile', task ':android_file_picker:prepareLintJarForPublish', task ':android_file_picker:processDebugManifest', task ':android_file_picker:processDebugJavaRes', task ':android_file_picker:mergeDebugJavaResource', task ':android_file_picker:syncDebugLibJars', task ':android_file_picker:writeDebugAarMetadata', task ':android_file_picker:bundleDebugAar', task ':android_file_picker:assembleDebug', task ':app:DebugMinSdkCheck', task ':app:validateCompileSdkVersion', task ':app:preBuild', task ':app:preDebugBuild', task ':app:mergeDebugNativeDebugMetadata', task ':android_file_picker:bundleLibCompileToJarDebug', task ':app:checkKotlinGradlePluginConfigurationErrors', task ':app:cleanMergeDebugAssets', task ':app:compileFlutterBuildDebug', task ':app:generateDebugAssets', task ':flutter_local_notifications:generateDebugAssets', task ':flutter_local_notifications:preBuild', task ':flutter_local_notifications:preDebugBuild', task ':flutter_local_notifications:mergeDebugAssets', task ':flutter_plugin_android_lifecycle:generateDebugAssets', task ':flutter_plugin_android_lifecycle:preBuild', task ':flutter_plugin_android_lifecycle:preDebugBuild', task ':flutter_plugin_android_lifecycle:mergeDebugAssets', task ':flutter_secure_storage:generateDebugAssets', task ':flutter_secure_storage:preBuild', task ':flutter_secure_storage:preDebugBuild', task ':flutter_secure_storage:mergeDebugAssets', task ':image_picker_android:generateDebugAssets', task ':image_picker_android:preBuild', task ':image_picker_android:preDebugBuild', task ':image_picker_android:mergeDebugAssets', task ':jni:generateDebugAssets', task ':jni:preBuild', task ':jni:preDebugBuild', task ':jni:mergeDebugAssets', task ':jni_flutter:generateDebugAssets', task ':jni_flutter:preBuild', task ':jni_flutter:preDebugBuild', task ':jni_flutter:mergeDebugAssets', task ':local_auth_android:generateDebugAssets', task ':local_auth_android:preBuild', task ':local_auth_android:preDebugBuild', task ':local_auth_android:mergeDebugAssets', task ':printing:generateDebugAssets', task ':printing:preBuild', task ':printing:preDebugBuild', task ':printing:mergeDebugAssets', task ':share_plus:generateDebugAssets', task ':share_plus:preBuild', task ':share_plus:preDebugBuild', task ':share_plus:mergeDebugAssets', task ':shared_preferences_android:generateDebugAssets', task ':shared_preferences_android:preBuild', task ':shared_preferences_android:preDebugBuild', task ':shared_preferences_android:mergeDebugAssets', task ':speech_to_text:generateDebugAssets', task ':speech_to_text:preBuild', task ':speech_to_text:preDebugBuild', task ':speech_to_text:mergeDebugAssets', task ':whisper_cpp_flutter_plus:generateDebugAssets', task ':whisper_cpp_flutter_plus:preBuild', task ':whisper_cpp_flutter_plus:preDebugBuild', task ':whisper_cpp_flutter_plus:mergeDebugAssets', task ':app:mergeDebugAssets', task ':app:copyFlutterAssetsDebug', task ':app:generateDebugResources', task ':app:packageDebugResources', task ':flutter_local_notifications:processDebugNavigationResources', task ':flutter_plugin_android_lifecycle:processDebugNavigationResources', task ':flutter_secure_storage:processDebugNavigationResources', task ':image_picker_android:processDebugNavigationResources', task ':jni:processDebugNavigationResources', task ':jni_flutter:processDebugNavigationResources', task ':local_auth_android:processDebugNavigationResources', task ':printing:processDebugNavigationResources', task ':share_plus:processDebugNavigationResources', task ':shared_preferences_android:processDebugNavigationResources', task ':speech_to_text:processDebugNavigationResources', task ':whisper_cpp_flutter_plus:processDebugNavigationResources', task ':app:processDebugNavigationResources', task ':app:parseDebugLocalResources', task ':app:generateDebugRFile', task ':flutter_local_notifications:checkKotlinGradlePluginConfigurationErrors', task ':flutter_local_notifications:generateDebugResources', task ':flutter_local_notifications:packageDebugResources', task ':flutter_local_notifications:parseDebugLocalResources', task ':flutter_local_notifications:generateDebugRFile', task ':flutter_local_notifications:compileDebugKotlin', task ':flutter_local_notifications:javaPreCompileDebug', task ':flutter_local_notifications:compileDebugJavaWithJavac', task ':flutter_local_notifications:bundleLibCompileToJarDebug', task ':flutter_plugin_android_lifecycle:checkKotlinGradlePluginConfigurationErrors', task ':flutter_plugin_android_lifecycle:generateDebugResources', task ':flutter_plugin_android_lifecycle:packageDebugResources', task ':flutter_plugin_android_lifecycle:parseDebugLocalResources', task ':flutter_plugin_android_lifecycle:generateDebugRFile', task ':flutter_plugin_android_lifecycle:compileDebugKotlin', task ':flutter_plugin_android_lifecycle:javaPreCompileDebug', task ':flutter_plugin_android_lifecycle:compileDebugJavaWithJavac', task ':flutter_plugin_android_lifecycle:bundleLibCompileToJarDebug', task ':flutter_secure_storage:checkKotlinGradlePluginConfigurationErrors', task ':flutter_secure_storage:generateDebugBuildConfig', task ':flutter_secure_storage:generateDebugResources', task ':flutter_secure_storage:packageDebugResources', task ':flutter_secure_storage:parseDebugLocalResources', task ':flutter_secure_storage:generateDebugRFile', task ':flutter_secure_storage:compileDebugKotlin', task ':flutter_secure_storage:javaPreCompileDebug', task ':flutter_secure_storage:compileDebugJavaWithJavac', task ':flutter_secure_storage:bundleLibCompileToJarDebug', task ':image_picker_android:checkKotlinGradlePluginConfigurationErrors', task ':image_picker_android:generateDebugResources', task ':image_picker_android:packageDebugResources', task ':image_picker_android:parseDebugLocalResources', task ':image_picker_android:generateDebugRFile', task ':image_picker_android:compileDebugKotlin', task ':image_picker_android:javaPreCompileDebug', task ':image_picker_android:compileDebugJavaWithJavac', task ':image_picker_android:bundleLibCompileToJarDebug', task ':jni:checkKotlinGradlePluginConfigurationErrors', task ':jni:generateDebugResources', task ':jni:packageDebugResources', task ':jni:parseDebugLocalResources', task ':jni:generateDebugRFile', task ':jni:compileDebugKotlin', task ':jni:javaPreCompileDebug', task ':jni:compileDebugJavaWithJavac', task ':jni:bundleLibCompileToJarDebug', task ':jni_flutter:checkKotlinGradlePluginConfigurationErrors', task ':jni_flutter:generateDebugResources', task ':jni_flutter:packageDebugResources', task ':jni_flutter:parseDebugLocalResources', task ':jni_flutter:generateDebugRFile', task ':jni_flutter:compileDebugKotlin', task ':jni_flutter:javaPreCompileDebug', task ':jni_flutter:compileDebugJavaWithJavac', task ':jni_flutter:bundleLibCompileToJarDebug', task ':local_auth_android:checkKotlinGradlePluginConfigurationErrors', task ':local_auth_android:generateDebugResources', task ':local_auth_android:packageDebugResources', task ':local_auth_android:parseDebugLocalResources', task ':local_auth_android:generateDebugRFile', task ':local_auth_android:compileDebugKotlin', task ':local_auth_android:javaPreCompileDebug', task ':local_auth_android:compileDebugJavaWithJavac', task ':local_auth_android:bundleLibCompileToJarDebug', task ':printing:checkKotlinGradlePluginConfigurationErrors', task ':printing:generateDebugResources', task ':printing:packageDebugResources', task ':printing:parseDebugLocalResources', task ':printing:generateDebugRFile', task ':printing:compileDebugKotlin', task ':printing:javaPreCompileDebug', task ':printing:compileDebugJavaWithJavac', task ':printing:bundleLibCompileToJarDebug', task ':share_plus:checkKotlinGradlePluginConfigurationErrors', task ':share_plus:generateDebugResources', task ':share_plus:packageDebugResources', task ':share_plus:parseDebugLocalResources', task ':share_plus:generateDebugRFile', task ':share_plus:compileDebugKotlin', task ':share_plus:javaPreCompileDebug', task ':share_plus:compileDebugJavaWithJavac', task ':share_plus:bundleLibCompileToJarDebug', task ':shared_preferences_android:checkKotlinGradlePluginConfigurationErrors', task ':shared_preferences_android:generateDebugResources', task ':shared_preferences_android:packageDebugResources', task ':shared_preferences_android:parseDebugLocalResources', task ':shared_preferences_android:generateDebugRFile', task ':shared_preferences_android:compileDebugKotlin', task ':shared_preferences_android:javaPreCompileDebug', task ':shared_preferences_android:compileDebugJavaWithJavac', task ':shared_preferences_android:bundleLibCompileToJarDebug', task ':speech_to_text:checkKotlinGradlePluginConfigurationErrors', task ':speech_to_text:generateDebugResources', task ':speech_to_text:packageDebugResources', task ':speech_to_text:parseDebugLocalResources', task ':speech_to_text:generateDebugRFile', task ':speech_to_text:compileDebugKotlin', task ':speech_to_text:javaPreCompileDebug', task ':speech_to_text:compileDebugJavaWithJavac', task ':speech_to_text:bundleLibCompileToJarDebug', task ':whisper_cpp_flutter_plus:checkKotlinGradlePluginConfigurationErrors', task ':whisper_cpp_flutter_plus:generateDebugResources', task ':whisper_cpp_flutter_plus:packageDebugResources', task ':whisper_cpp_flutter_plus:parseDebugLocalResources', task ':whisper_cpp_flutter_plus:generateDebugRFile', task ':whisper_cpp_flutter_plus:compileDebugKotlin', task ':whisper_cpp_flutter_plus:javaPreCompileDebug', task ':whisper_cpp_flutter_plus:compileDebugJavaWithJavac', task ':whisper_cpp_flutter_plus:bundleLibCompileToJarDebug', task ':app:compileDebugKotlin', task ':app:javaPreCompileDebug', task ':app:compileDebugJavaWithJavac', task ':app:compressDebugAssets', task ':app:l8DexDesugarLibDebug', task ':android_file_picker:bundleLibRuntimeToJarDebug', task ':flutter_local_notifications:bundleLibRuntimeToJarDebug', task ':image_picker_android:bundleLibRuntimeToJarDebug', task ':local_auth_android:bundleLibRuntimeToJarDebug', task ':flutter_plugin_android_lifecycle:bundleLibRuntimeToJarDebug', task ':flutter_secure_storage:bundleLibRuntimeToJarDebug', task ':jni_flutter:bundleLibRuntimeToJarDebug', task ':jni:bundleLibRuntimeToJarDebug', task ':printing:bundleLibRuntimeToJarDebug', task ':share_plus:bundleLibRuntimeToJarDebug', task ':shared_preferences_android:bundleLibRuntimeToJarDebug', task ':speech_to_text:bundleLibRuntimeToJarDebug', task ':whisper_cpp_flutter_plus:bundleLibRuntimeToJarDebug', task ':app:desugarDebugFileDependencies', task ':android_file_picker:mapDebugSourceSetPaths', task ':android_file_picker:compileDebugLibraryResources', task ':flutter_local_notifications:writeDebugAarMetadata', task ':flutter_plugin_android_lifecycle:writeDebugAarMetadata', task ':flutter_secure_storage:writeDebugAarMetadata', task ':image_picker_android:writeDebugAarMetadata', task ':jni:writeDebugAarMetadata', task ':jni_flutter:writeDebugAarMetadata', task ':local_auth_android:writeDebugAarMetadata', task ':printing:writeDebugAarMetadata', task ':share_plus:writeDebugAarMetadata', task ':shared_preferences_android:writeDebugAarMetadata', task ':speech_to_text:writeDebugAarMetadata', task ':whisper_cpp_flutter_plus:writeDebugAarMetadata', task ':app:checkDebugAarMetadata', task ':app:mapDebugSourceSetPaths', task ':app:compileDebugNavigationResources', task ':app:mergeDebugResources', task ':app:createDebugCompatibleScreenManifests', task ':android_file_picker:extractDeepLinksDebug', task ':app:extractDeepLinksDebug', task ':flutter_local_notifications:extractDeepLinksDebug', task ':flutter_local_notifications:processDebugManifest', task ':flutter_plugin_android_lifecycle:extractDeepLinksDebug', task ':flutter_plugin_android_lifecycle:processDebugManifest', task ':flutter_secure_storage:extractDeepLinksDebug', task ':flutter_secure_storage:processDebugManifest', task ':image_picker_android:extractDeepLinksDebug', task ':image_picker_android:processDebugManifest', task ':jni:extractDeepLinksDebug', task ':jni:processDebugManifest', task ':jni_flutter:extractDeepLinksDebug', task ':jni_flutter:processDebugManifest', task ':local_auth_android:extractDeepLinksDebug', task ':local_auth_android:processDebugManifest', task ':printing:extractDeepLinksDebug', task ':printing:processDebugManifest', task ':share_plus:extractDeepLinksDebug', task ':share_plus:processDebugManifest', task ':shared_preferences_android:extractDeepLinksDebug', task ':shared_preferences_android:processDebugManifest', task ':speech_to_text:extractDeepLinksDebug', task ':speech_to_text:processDebugManifest', task ':whisper_cpp_flutter_plus:extractDeepLinksDebug', task ':whisper_cpp_flutter_plus:processDebugManifest', task ':app:processDebugMainManifest', task ':app:outputDebugAppLinkSettings', task ':app:processDebugManifest', task ':app:processDebugManifestForPackage', task ':flutter_local_notifications:mapDebugSourceSetPaths', task ':flutter_local_notifications:compileDebugLibraryResources', task ':flutter_plugin_android_lifecycle:mapDebugSourceSetPaths', task ':flutter_plugin_android_lifecycle:compileDebugLibraryResources', task ':flutter_secure_storage:mapDebugSourceSetPaths', task ':flutter_secure_storage:compileDebugLibraryResources', task ':image_picker_android:mapDebugSourceSetPaths', task ':image_picker_android:compileDebugLibraryResources', task ':jni:mapDebugSourceSetPaths', task ':jni:compileDebugLibraryResources', task ':jni_flutter:mapDebugSourceSetPaths', task ':jni_flutter:compileDebugLibraryResources', task ':local_auth_android:mapDebugSourceSetPaths', task ':local_auth_android:compileDebugLibraryResources', task ':printing:mapDebugSourceSetPaths', task ':printing:compileDebugLibraryResources', task ':share_plus:mapDebugSourceSetPaths', task ':share_plus:compileDebugLibraryResources', task ':shared_preferences_android:mapDebugSourceSetPaths', task ':shared_preferences_android:compileDebugLibraryResources', task ':speech_to_text:mapDebugSourceSetPaths', task ':speech_to_text:compileDebugLibraryResources', task ':whisper_cpp_flutter_plus:mapDebugSourceSetPaths', task ':whisper_cpp_flutter_plus:compileDebugLibraryResources', task ':app:processDebugResources', task ':app:dexBuilderDebug', task ':app:mergeDebugGlobalSynthetics', task ':app:processDebugJavaRes', task ':flutter_local_notifications:processDebugJavaRes', task ':flutter_plugin_android_lifecycle:processDebugJavaRes', task ':flutter_secure_storage:processDebugJavaRes', task ':image_picker_android:processDebugJavaRes', task ':jni:processDebugJavaRes', task ':jni_flutter:processDebugJavaRes', task ':local_auth_android:processDebugJavaRes', task ':printing:processDebugJavaRes', task ':share_plus:processDebugJavaRes', task ':shared_preferences_android:processDebugJavaRes', task ':speech_to_text:processDebugJavaRes', task ':whisper_cpp_flutter_plus:processDebugJavaRes', task ':app:mergeDebugJavaResource', task ':app:checkDebugDuplicateClasses', task ':app:mergeExtDexDebug', task ':android_file_picker:bundleLibRuntimeToDirDebug', task ':flutter_local_notifications:bundleLibRuntimeToDirDebug', task ':image_picker_android:bundleLibRuntimeToDirDebug', task ':local_auth_android:bundleLibRuntimeToDirDebug', task ':flutter_plugin_android_lifecycle:bundleLibRuntimeToDirDebug', task ':flutter_secure_storage:bundleLibRuntimeToDirDebug', task ':jni_flutter:bundleLibRuntimeToDirDebug', task ':jni:bundleLibRuntimeToDirDebug', task ':printing:bundleLibRuntimeToDirDebug', task ':share_plus:bundleLibRuntimeToDirDebug', task ':shared_preferences_android:bundleLibRuntimeToDirDebug', task ':speech_to_text:bundleLibRuntimeToDirDebug', task ':whisper_cpp_flutter_plus:bundleLibRuntimeToDirDebug', task ':app:mergeLibDexDebug', task ':app:mergeProjectDexDebug', task ':android_file_picker:copyDebugJniLibsProjectOnly', task ':app:preProfileBuild', task ':app:configureCMakeRelease[arm64-v8a]', task ':app:buildCMakeRelease[arm64-v8a]', task ':app:copyJniLibsflutterBuildDebug', task ':app:mergeDebugJniLibFolders', task ':flutter_local_notifications:mergeDebugJniLibFolders', task ':flutter_local_notifications:mergeDebugNativeLibs', task ':flutter_local_notifications:copyDebugJniLibsProjectOnly', task ':flutter_plugin_android_lifecycle:mergeDebugJniLibFolders', task ':flutter_plugin_android_lifecycle:mergeDebugNativeLibs', task ':flutter_plugin_android_lifecycle:copyDebugJniLibsProjectOnly', task ':flutter_secure_storage:mergeDebugJniLibFolders', task ':flutter_secure_storage:mergeDebugNativeLibs', task ':flutter_secure_storage:copyDebugJniLibsProjectOnly', task ':image_picker_android:mergeDebugJniLibFolders', task ':image_picker_android:mergeDebugNativeLibs', task ':image_picker_android:copyDebugJniLibsProjectOnly', task ':jni:preProfileBuild', task ':jni:configureCMakeDebug[arm64-v8a]', task ':jni:buildCMakeDebug[arm64-v8a]', task ':jni:configureCMakeDebug[armeabi-v7a]', task ':jni:buildCMakeDebug[armeabi-v7a]', task ':jni:configureCMakeDebug[x86]', task ':jni:buildCMakeDebug[x86]', task ':jni:configureCMakeDebug[x86_64]', task ':jni:buildCMakeDebug[x86_64]', task ':jni:mergeDebugJniLibFolders', task ':jni:mergeDebugNativeLibs', task ':jni:copyDebugJniLibsProjectOnly', task ':jni_flutter:mergeDebugJniLibFolders', task ':jni_flutter:mergeDebugNativeLibs', task ':jni_flutter:copyDebugJniLibsProjectOnly', task ':local_auth_android:mergeDebugJniLibFolders', task ':local_auth_android:mergeDebugNativeLibs', task ':local_auth_android:copyDebugJniLibsProjectOnly', task ':printing:mergeDebugJniLibFolders', task ':printing:mergeDebugNativeLibs', task ':printing:copyDebugJniLibsProjectOnly', task ':share_plus:mergeDebugJniLibFolders', task ':share_plus:mergeDebugNativeLibs', task ':share_plus:copyDebugJniLibsProjectOnly', task ':shared_preferences_android:mergeDebugJniLibFolders', task ':shared_preferences_android:mergeDebugNativeLibs', task ':shared_preferences_android:copyDebugJniLibsProjectOnly', task ':speech_to_text:mergeDebugJniLibFolders', task ':speech_to_text:mergeDebugNativeLibs', task ':speech_to_text:copyDebugJniLibsProjectOnly', task ':whisper_cpp_flutter_plus:preProfileBuild', task ':whisper_cpp_flutter_plus:configureCMakeDebug[arm64-v8a]', task ':whisper_cpp_flutter_plus:buildCMakeDebug[arm64-v8a]', task ':whisper_cpp_flutter_plus:configureCMakeDebug[armeabi-v7a]', task ':whisper_cpp_flutter_plus:buildCMakeDebug[armeabi-v7a]', task ':whisper_cpp_flutter_plus:mergeDebugJniLibFolders', task ':whisper_cpp_flutter_plus:mergeDebugNativeLibs', task ':whisper_cpp_flutter_plus:copyDebugJniLibsProjectOnly', task ':app:mergeDebugNativeLibs', task ':app:stripDebugDebugSymbols', task ':app:validateSigningDebug', task ':app:writeDebugAppMetadata', task ':app:writeDebugSigningConfigVersions', task ':app:packageDebug', task ':app:createDebugApkListingFileRedirect', task ':app:assembleDebug', task ':flutter_local_notifications:checkDebugAarMetadata', task ':flutter_local_notifications:stripDebugDebugSymbols', task ':flutter_local_notifications:copyDebugJniLibsProjectAndLocalJars', task ':flutter_local_notifications:extractDebugAnnotations', task ':flutter_local_notifications:extractDeepLinksForAarDebug', task ':flutter_local_notifications:mergeDebugGeneratedProguardFiles', task ':flutter_local_notifications:mergeDebugConsumerProguardFiles', task ':flutter_local_notifications:prepareDebugArtProfile', task ':flutter_local_notifications:prepareLintJarForPublish', task ':flutter_local_notifications:mergeDebugJavaResource', task ':flutter_local_notifications:syncDebugLibJars', task ':flutter_local_notifications:bundleDebugAar', task ':flutter_local_notifications:assembleDebug', task ':flutter_plugin_android_lifecycle:checkDebugAarMetadata', task ':flutter_plugin_android_lifecycle:stripDebugDebugSymbols', task ':flutter_plugin_android_lifecycle:copyDebugJniLibsProjectAndLocalJars', task ':flutter_plugin_android_lifecycle:extractDebugAnnotations', task ':flutter_plugin_android_lifecycle:extractDeepLinksForAarDebug', task ':flutter_plugin_android_lifecycle:mergeDebugGeneratedProguardFiles', task ':flutter_plugin_android_lifecycle:mergeDebugConsumerProguardFiles', task ':flutter_plugin_android_lifecycle:prepareDebugArtProfile', task ':flutter_plugin_android_lifecycle:prepareLintJarForPublish', task ':flutter_plugin_android_lifecycle:mergeDebugJavaResource', task ':flutter_plugin_android_lifecycle:syncDebugLibJars', task ':flutter_plugin_android_lifecycle:bundleDebugAar', task ':flutter_plugin_android_lifecycle:assembleDebug', task ':flutter_secure_storage:checkDebugAarMetadata', task ':flutter_secure_storage:stripDebugDebugSymbols', task ':flutter_secure_storage:copyDebugJniLibsProjectAndLocalJars', task ':flutter_secure_storage:extractDebugAnnotations', task ':flutter_secure_storage:extractDeepLinksForAarDebug', task ':flutter_secure_storage:mergeDebugGeneratedProguardFiles', task ':flutter_secure_storage:mergeDebugConsumerProguardFiles', task ':flutter_secure_storage:prepareDebugArtProfile', task ':flutter_secure_storage:prepareLintJarForPublish', task ':flutter_secure_storage:mergeDebugJavaResource', task ':flutter_secure_storage:syncDebugLibJars', task ':flutter_secure_storage:bundleDebugAar', task ':flutter_secure_storage:assembleDebug', task ':image_picker_android:checkDebugAarMetadata', task ':image_picker_android:stripDebugDebugSymbols', task ':image_picker_android:copyDebugJniLibsProjectAndLocalJars', task ':image_picker_android:extractDebugAnnotations', task ':image_picker_android:extractDeepLinksForAarDebug', task ':image_picker_android:mergeDebugGeneratedProguardFiles', task ':image_picker_android:mergeDebugConsumerProguardFiles', task ':image_picker_android:prepareDebugArtProfile', task ':image_picker_android:prepareLintJarForPublish', task ':image_picker_android:mergeDebugJavaResource', task ':image_picker_android:syncDebugLibJars', task ':image_picker_android:bundleDebugAar', task ':image_picker_android:assembleDebug', task ':jni:checkDebugAarMetadata', task ':jni:stripDebugDebugSymbols', task ':jni:copyDebugJniLibsProjectAndLocalJars', task ':jni:extractDebugAnnotations', task ':jni:extractDeepLinksForAarDebug', task ':jni:mergeDebugGeneratedProguardFiles', task ':jni:mergeDebugConsumerProguardFiles', task ':jni:prepareDebugArtProfile', task ':jni:prepareLintJarForPublish', task ':jni:mergeDebugJavaResource', task ':jni:syncDebugLibJars', task ':jni:bundleDebugAar', task ':jni:assembleDebug', task ':jni_flutter:checkDebugAarMetadata', task ':jni_flutter:stripDebugDebugSymbols', task ':jni_flutter:copyDebugJniLibsProjectAndLocalJars', task ':jni_flutter:extractDebugAnnotations', task ':jni_flutter:extractDeepLinksForAarDebug', task ':jni_flutter:mergeDebugGeneratedProguardFiles', task ':jni_flutter:mergeDebugConsumerProguardFiles', task ':jni_flutter:prepareDebugArtProfile', task ':jni_flutter:prepareLintJarForPublish', task ':jni_flutter:mergeDebugJavaResource', task ':jni_flutter:syncDebugLibJars', task ':jni_flutter:bundleDebugAar', task ':jni_flutter:assembleDebug', task ':local_auth_android:checkDebugAarMetadata', task ':local_auth_android:stripDebugDebugSymbols', task ':local_auth_android:copyDebugJniLibsProjectAndLocalJars', task ':local_auth_android:extractDebugAnnotations', task ':local_auth_android:extractDeepLinksForAarDebug', task ':local_auth_android:mergeDebugGeneratedProguardFiles', task ':local_auth_android:mergeDebugConsumerProguardFiles', task ':local_auth_android:prepareDebugArtProfile', task ':local_auth_android:prepareLintJarForPublish', task ':local_auth_android:mergeDebugJavaResource', task ':local_auth_android:syncDebugLibJars', task ':local_auth_android:bundleDebugAar', task ':local_auth_android:assembleDebug', task ':printing:checkDebugAarMetadata', task ':printing:stripDebugDebugSymbols', task ':printing:copyDebugJniLibsProjectAndLocalJars', task ':printing:extractDebugAnnotations', task ':printing:extractDeepLinksForAarDebug', task ':printing:mergeDebugGeneratedProguardFiles', task ':printing:mergeDebugConsumerProguardFiles', task ':printing:prepareDebugArtProfile', task ':printing:prepareLintJarForPublish', task ':printing:mergeDebugJavaResource', task ':printing:syncDebugLibJars', task ':printing:bundleDebugAar', task ':printing:assembleDebug', task ':share_plus:checkDebugAarMetadata', task ':share_plus:stripDebugDebugSymbols', task ':share_plus:copyDebugJniLibsProjectAndLocalJars', task ':share_plus:extractDebugAnnotations', task ':share_plus:extractDeepLinksForAarDebug', task ':share_plus:mergeDebugGeneratedProguardFiles', task ':share_plus:mergeDebugConsumerProguardFiles', task ':share_plus:prepareDebugArtProfile', task ':share_plus:prepareLintJarForPublish', task ':share_plus:mergeDebugJavaResource', task ':share_plus:syncDebugLibJars', task ':share_plus:bundleDebugAar', task ':share_plus:assembleDebug', task ':shared_preferences_android:checkDebugAarMetadata', task ':shared_preferences_android:stripDebugDebugSymbols', task ':shared_preferences_android:copyDebugJniLibsProjectAndLocalJars', task ':shared_preferences_android:extractDebugAnnotations', task ':shared_preferences_android:extractDeepLinksForAarDebug', task ':shared_preferences_android:mergeDebugGeneratedProguardFiles', task ':shared_preferences_android:mergeDebugConsumerProguardFiles', task ':shared_preferences_android:prepareDebugArtProfile', task ':shared_preferences_android:prepareLintJarForPublish', task ':shared_preferences_android:mergeDebugJavaResource', task ':shared_preferences_android:syncDebugLibJars', task ':shared_preferences_android:bundleDebugAar', task ':shared_preferences_android:assembleDebug', task ':speech_to_text:checkDebugAarMetadata', task ':speech_to_text:stripDebugDebugSymbols', task ':speech_to_text:copyDebugJniLibsProjectAndLocalJars', task ':speech_to_text:extractDebugAnnotations', task ':speech_to_text:extractDeepLinksForAarDebug', task ':speech_to_text:mergeDebugGeneratedProguardFiles', task ':speech_to_text:mergeDebugConsumerProguardFiles', task ':speech_to_text:prepareDebugArtProfile', task ':speech_to_text:prepareLintJarForPublish', task ':speech_to_text:mergeDebugJavaResource', task ':speech_to_text:syncDebugLibJars', task ':speech_to_text:bundleDebugAar', task ':speech_to_text:assembleDebug', task ':whisper_cpp_flutter_plus:checkDebugAarMetadata', task ':whisper_cpp_flutter_plus:stripDebugDebugSymbols', task ':whisper_cpp_flutter_plus:copyDebugJniLibsProjectAndLocalJars', task ':whisper_cpp_flutter_plus:extractDebugAnnotations', task ':whisper_cpp_flutter_plus:extractDeepLinksForAarDebug', task ':whisper_cpp_flutter_plus:mergeDebugGeneratedProguardFiles', task ':whisper_cpp_flutter_plus:mergeDebugConsumerProguardFiles', task ':whisper_cpp_flutter_plus:prepareDebugArtProfile', task ':whisper_cpp_flutter_plus:prepareLintJarForPublish', task ':whisper_cpp_flutter_plus:mergeDebugJavaResource', task ':whisper_cpp_flutter_plus:syncDebugLibJars', task ':whisper_cpp_flutter_plus:bundleDebugAar', task ':whisper_cpp_flutter_plus:assembleDebug']
[        ] Tasks that were excluded: []
[        ] work action Parameters of IdentityTransform (Thread[#55,included builds,5,main]) started.
[        ] work action Parameters of DexingNoClasspathTransform (Thread[#55,included builds,5,main]) started.
[        ] work action Parameters of DexingOutputSplitTransform (Thread[#55,included builds,5,main]) started.
[        ] work action Parameters of ClassesDirToClassesTransform (Thread[#55,included builds,5,main]) started.
[        ] work action Parameters of DexingOutputSplitTransform (Thread[#55,included builds,5,main]) started.
[        ] Resolve mutations for :android_file_picker:preBuild (Thread[#55,included builds,5,main]) started.
[        ] :android_file_picker:preBuild (Thread[#55,included builds,5,main]) started.
[        ] > Task :android_file_picker:preBuild UP-TO-DATE
[        ] Skipping task ':android_file_picker:preBuild' as it has no actions.
[        ] Resolve mutations for :android_file_picker:preDebugBuild (Thread[#55,included builds,5,main]) started.
[        ] :android_file_picker:preDebugBuild (Thread[#55,included builds,5,main]) started.
[        ] > Task :android_file_picker:preDebugBuild UP-TO-DATE
[        ] Skipping task ':android_file_picker:preDebugBuild' as it has no actions.
[        ] Resolve mutations for :android_file_picker:checkDebugAarMetadata (Thread[#55,included builds,5,main]) started.
[        ] :android_file_picker:checkDebugAarMetadata (Thread[#55,included builds,5,main]) started.
[  +97 ms] > Task :android_file_picker:checkDebugAarMetadata UP-TO-DATE
[        ] Caching disabled for task ':android_file_picker:checkDebugAarMetadata' because:
[        ]   Build cache is disabled
[        ]   Caching has been disabled for the task
[        ] Skipping task ':android_file_picker:checkDebugAarMetadata' as it is up-to-date.
[        ] Resolve mutations for :android_file_picker:mergeDebugJniLibFolders (Thread[#55,included builds,5,main]) started.
[        ] :android_file_picker:mergeDebugJniLibFolders (Thread[#55,included builds,5,main]) started.
[        ] > Task :android_file_picker:mergeDebugJniLibFolders UP-TO-DATE
[        ] Caching disabled for task ':android_file_picker:mergeDebugJniLibFolders' because:
[        ]   Build cache is disabled
[        ]   Simple merging task
[        ] Skipping task ':android_file_picker:mergeDebugJniLibFolders' as it is up-to-date.
[        ] Resolve mutations for :android_file_picker:mergeDebugNativeLibs (Thread[#55,included builds,5,main]) started.
[        ] :android_file_picker:mergeDebugNativeLibs (Thread[#55,included builds,5,main]) started.
[        ] > Task :android_file_picker:mergeDebugNativeLibs NO-SOURCE
[        ] Skipping task ':android_file_picker:mergeDebugNativeLibs' as it has no source files and no previous output files.
[        ] Resolve mutations for :android_file_picker:stripDebugDebugSymbols (Thread[#55,included builds,5,main]) started.
[        ] :android_file_picker:stripDebugDebugSymbols (Thread[#55,included builds,5,main]) started.
[        ] > Task :android_file_picker:stripDebugDebugSymbols NO-SOURCE
[        ] Skipping task ':android_file_picker:stripDebugDebugSymbols' as it has no source files and no previous output files.
[        ] Resolve mutations for :android_file_picker:copyDebugJniLibsProjectAndLocalJars (Thread[#55,included builds,5,main]) started.
[        ] :android_file_picker:copyDebugJniLibsProjectAndLocalJars (Thread[#55,included builds,5,main]) started.
[        ] > Task :android_file_picker:copyDebugJniLibsProjectAndLocalJars UP-TO-DATE
[        ] Caching disabled for task ':android_file_picker:copyDebugJniLibsProjectAndLocalJars' because:
[        ]   Build cache is disabled
[        ]   Caching has been disabled for the task
[        ] Skipping task ':android_file_picker:copyDebugJniLibsProjectAndLocalJars' as it is up-to-date.
[        ] Resolve mutations for :android_file_picker:checkKotlinGradlePluginConfigurationErrors (Thread[#55,included builds,5,main]) started.
[        ] :android_file_picker:checkKotlinGradlePluginConfigurationErrors (Thread[#55,included builds,5,main]) started.
[        ] > Task :android_file_picker:checkKotlinGradlePluginConfigurationErrors SKIPPED
[        ] Skipping task ':android_file_picker:checkKotlinGradlePluginConfigurationErrors' as task onlyIf 'errorDiagnostics are present' is false.
[        ] Resolve mutations for :android_file_picker:generateDebugResources (Thread[#55,included builds,5,main]) started.
[        ] :android_file_picker:generateDebugResources (Thread[#55,included builds,5,main]) started.
[        ] > Task :android_file_picker:generateDebugResources UP-TO-DATE
[        ] Caching disabled for task ':android_file_picker:generateDebugResources' because:
[        ]   Build cache is disabled
[        ] Skipping task ':android_file_picker:generateDebugResources' as it is up-to-date.
[        ] Resolve mutations for :android_file_picker:packageDebugResources (Thread[#55,included builds,5,main]) started.
[        ] :android_file_picker:packageDebugResources (Thread[#55,included builds,5,main]) started.
[        ] > Task :android_file_picker:packageDebugResources UP-TO-DATE
[        ] Caching disabled for task ':android_file_picker:packageDebugResources' because:
[        ]   Build cache is disabled
[        ] Skipping task ':android_file_picker:packageDebugResources' as it is up-to-date.
[        ] work action resolve packageDebugResources (project :android_file_picker) (Thread[#55,included builds,5,main]) started.
[        ] Resolve mutations for :android_file_picker:processDebugNavigationResources (Thread[#55,included builds,5,main]) started.
[        ] :android_file_picker:processDebugNavigationResources (Thread[#55,included builds,5,main]) started.
[        ] > Task :android_file_picker:processDebugNavigationResources UP-TO-DATE
[        ] Caching disabled for task ':android_file_picker:processDebugNavigationResources' because:
[        ]   Build cache is disabled
[        ] Skipping task ':android_file_picker:processDebugNavigationResources' as it is up-to-date.
[        ] work action resolve debug (project :android_file_picker) (Thread[#55,included builds,5,main]) started.
[        ] Resolve mutations for :android_file_picker:parseDebugLocalResources (Thread[#55,included builds,5,main]) started.
[        ] :android_file_picker:parseDebugLocalResources (Thread[#55,included builds,5,main]) started.
[        ] > Task :android_file_picker:parseDebugLocalResources UP-TO-DATE
[        ] Caching disabled for task ':android_file_picker:parseDebugLocalResources' because:
[        ]   Build cache is disabled
[        ] Skipping task ':android_file_picker:parseDebugLocalResources' as it is up-to-date.
[        ] Resolve mutations for :android_file_picker:generateDebugRFile (Thread[#55,included builds,5,main]) started.
[        ] :android_file_picker:generateDebugRFile (Thread[#55,included builds,5,main]) started.
[        ] > Task :android_file_picker:generateDebugRFile UP-TO-DATE
[        ] Caching disabled for task ':android_file_picker:generateDebugRFile' because:
[        ]   Build cache is disabled
[        ] Skipping task ':android_file_picker:generateDebugRFile' as it is up-to-date.
[        ] work action resolve package-aware-r.txt (project :android_file_picker) (Thread[#55,included builds,5,main]) started.
[        ] Resolve mutations for :android_file_picker:compileDebugKotlin (Thread[#55,included builds,5,main]) started.
[        ] :android_file_picker:compileDebugKotlin (Thread[#55,included builds,5,main]) started.
[  +98 ms] > Task :android_file_picker:compileDebugKotlin UP-TO-DATE
[        ] Adding -Xuse-inline-scopes-numbers Kotlin compiler flag for task :android_file_picker:compileDebugAndroidTestKotlin
[        ] Caching disabled for task ':android_file_picker:compileDebugKotlin' because:
[        ]   Build cache is disabled
[        ] Skipping task ':android_file_picker:compileDebugKotlin' as it is up-to-date.
[        ] Resolve mutations for :android_file_picker:extractDebugAnnotations (Thread[#55,included builds,5,main]) started.
[        ] :android_file_picker:extractDebugAnnotations (Thread[#55,included builds,5,main]) started.
[        ] > Task :android_file_picker:extractDebugAnnotations UP-TO-DATE
[        ] Caching disabled for task ':android_file_picker:extractDebugAnnotations' because:
[        ]   Build cache is disabled
[        ] Skipping task ':android_file_picker:extractDebugAnnotations' as it is up-to-date.
[        ] Resolve mutations for :android_file_picker:extractDeepLinksForAarDebug (Thread[#55,included builds,5,main]) started.
[        ] :android_file_picker:extractDeepLinksForAarDebug (Thread[#55,included builds,5,main]) started.
[        ] > Task :android_file_picker:extractDeepLinksForAarDebug UP-TO-DATE
[        ] Caching disabled for task ':android_file_picker:extractDeepLinksForAarDebug' because:
[        ]   Build cache is disabled
[        ] Skipping task ':android_file_picker:extractDeepLinksForAarDebug' as it is up-to-date.
[        ] Resolve mutations for :android_file_picker:generateDebugAssets (Thread[#55,included builds,5,main]) started.
[        ] :android_file_picker:generateDebugAssets (Thread[#55,included builds,5,main]) started.
[        ] > Task :android_file_picker:generateDebugAssets UP-TO-DATE
[        ] Skipping task ':android_file_picker:generateDebugAssets' as it has no actions.
[        ] Resolve mutations for :android_file_picker:mergeDebugAssets (Thread[#55,included builds,5,main]) started.
[        ] :android_file_picker:mergeDebugAssets (Thread[#55,included builds,5,main]) started.
[        ] > Task :android_file_picker:mergeDebugAssets UP-TO-DATE
[        ] Caching disabled for task ':android_file_picker:mergeDebugAssets' because:
[        ]   Build cache is disabled
[        ]   Simple merging task
[        ] Skipping task ':android_file_picker:mergeDebugAssets' as it is up-to-date.
[        ] work action resolve mergeDebugAssets (project :android_file_picker) (Thread[#55,included builds,5,main]) started.
[        ] Resolve mutations for :android_file_picker:javaPreCompileDebug (Thread[#55,included builds,5,main]) started.
[        ] :android_file_picker:javaPreCompileDebug (Thread[#55,included builds,5,main]) started.
[  +98 ms] > Task :android_file_picker:javaPreCompileDebug UP-TO-DATE
[        ] Caching disabled for task ':android_file_picker:javaPreCompileDebug' because:
[        ]   Build cache is disabled
[        ] Skipping task ':android_file_picker:javaPreCompileDebug' as it is up-to-date.
[        ] Resolve mutations for :android_file_picker:compileDebugJavaWithJavac (Thread[#55,included builds,5,main]) started.
[        ] :android_file_picker:compileDebugJavaWithJavac (Thread[#55,included builds,5,main]) started.
[        ] > Task :android_file_picker:compileDebugJavaWithJavac NO-SOURCE
[        ] Skipping task ':android_file_picker:compileDebugJavaWithJavac' as it has no source files and no previous output files.
[        ] Resolve mutations for :android_file_picker:mergeDebugGeneratedProguardFiles (Thread[#55,included builds,5,main]) started.
[        ] :android_file_picker:mergeDebugGeneratedProguardFiles (Thread[#55,included builds,5,main]) started.
[        ] > Task :android_file_picker:mergeDebugGeneratedProguardFiles UP-TO-DATE
[        ] Caching disabled for task ':android_file_picker:mergeDebugGeneratedProguardFiles' because:
[        ]   Build cache is disabled
[        ]   Simple merging task
[        ] Skipping task ':android_file_picker:mergeDebugGeneratedProguardFiles' as it is up-to-date.
[        ] Resolve mutations for :android_file_picker:mergeDebugConsumerProguardFiles (Thread[#55,included builds,5,main]) started.
[        ] :android_file_picker:mergeDebugConsumerProguardFiles (Thread[#55,included builds,5,main]) started.
[        ] > Task :android_file_picker:mergeDebugConsumerProguardFiles UP-TO-DATE
[        ] Caching disabled for task ':android_file_picker:mergeDebugConsumerProguardFiles' because:
[        ]   Build cache is disabled
[        ]   Simple merging task
[        ] Skipping task ':android_file_picker:mergeDebugConsumerProguardFiles' as it is up-to-date.
[        ] Resolve mutations for :android_file_picker:prepareDebugArtProfile (Thread[#55,included builds,5,main]) started.
[        ] :android_file_picker:prepareDebugArtProfile (Thread[#55,included builds,5,main]) started.
[        ] > Task :android_file_picker:prepareDebugArtProfile UP-TO-DATE
[        ] Caching disabled for task ':android_file_picker:prepareDebugArtProfile' because:
[        ]   Build cache is disabled
[        ]   Caching has been disabled for the task
[        ] Skipping task ':android_file_picker:prepareDebugArtProfile' as it is up-to-date.
[        ] Resolve mutations for :android_file_picker:prepareLintJarForPublish (Thread[#55,included builds,5,main]) started.
[        ] :android_file_picker:prepareLintJarForPublish (Thread[#55,included builds,5,main]) started.
[        ] > Task :android_file_picker:prepareLintJarForPublish UP-TO-DATE
[        ] Caching disabled for task ':android_file_picker:prepareLintJarForPublish' because:
[        ]   Build cache is disabled
[        ]   Caching has been disabled for the task
[        ] Skipping task ':android_file_picker:prepareLintJarForPublish' as it is up-to-date.
[        ] Resolve mutations for :android_file_picker:processDebugManifest (Thread[#55,included builds,5,main]) started.
[        ] :android_file_picker:processDebugManifest (Thread[#55,included builds,5,main]) started.
[        ] > Task :android_file_picker:processDebugManifest UP-TO-DATE
[        ] Caching disabled for task ':android_file_picker:processDebugManifest' because:
[        ]   Build cache is disabled
[        ] Skipping task ':android_file_picker:processDebugManifest' as it is up-to-date.
[        ] work action resolve AndroidManifest.xml (project :android_file_picker) (Thread[#55,included builds,5,main]) started.
[        ] Resolve mutations for :android_file_picker:processDebugJavaRes (Thread[#55,included builds,5,main]) started.
[        ] :android_file_picker:processDebugJavaRes (Thread[#55,included builds,5,main]) started.
[        ] > Task :android_file_picker:processDebugJavaRes UP-TO-DATE
[        ] file or directory '/home/ubuntu/.pub-cache/hosted/pub.dev/android_file_picker-1.0.1/android/src/main/resources', not found
[        ] file or directory '/home/ubuntu/.pub-cache/hosted/pub.dev/android_file_picker-1.0.1/android/src/debug/resources', not found
[        ] Caching disabled for task ':android_file_picker:processDebugJavaRes' because:
[        ]   Build cache is disabled
[        ]   Caching has been disabled for the task
[        ] Skipping task ':android_file_picker:processDebugJavaRes' as it is up-to-date.
[        ] work action resolve out (project :android_file_picker) (Thread[#55,included builds,5,main]) started.
[        ] Resolve mutations for :android_file_picker:mergeDebugJavaResource (Thread[#55,included builds,5,main]) started.
[        ] :android_file_picker:mergeDebugJavaResource (Thread[#55,included builds,5,main]) started.
[        ] > Task :android_file_picker:mergeDebugJavaResource UP-TO-DATE
[        ] Caching disabled for task ':android_file_picker:mergeDebugJavaResource' because:
[        ]   Build cache is disabled
[        ]   Caching has been disabled for the task
[        ] Skipping task ':android_file_picker:mergeDebugJavaResource' as it is up-to-date.
[        ] Resolve mutations for :android_file_picker:syncDebugLibJars (Thread[#55,included builds,5,main]) started.
[        ] :android_file_picker:syncDebugLibJars (Thread[#55,included builds,5,main]) started.
[        ] > Task :android_file_picker:syncDebugLibJars UP-TO-DATE
[        ] Caching disabled for task ':android_file_picker:syncDebugLibJars' because:
[        ]   Build cache is disabled
[        ] Skipping task ':android_file_picker:syncDebugLibJars' as it is up-to-date.
[        ] Resolve mutations for :android_file_picker:writeDebugAarMetadata (Thread[#55,included builds,5,main]) started.
[        ] :android_file_picker:writeDebugAarMetadata (Thread[#55,included builds,5,main]) started.
[        ] > Task :android_file_picker:writeDebugAarMetadata UP-TO-DATE
[        ] Caching disabled for task ':android_file_picker:writeDebugAarMetadata' because:
[        ]   Build cache is disabled
[        ]   Caching has been disabled for the task
[        ] Skipping task ':android_file_picker:writeDebugAarMetadata' as it is up-to-date.
[        ] work action resolve aar-metadata.properties (project :android_file_picker) (Thread[#55,included builds,5,main]) started.
[        ] Resolve mutations for :android_file_picker:bundleDebugAar (Thread[#55,included builds,5,main]) started.
[        ] :android_file_picker:bundleDebugAar (Thread[#55,included builds,5,main]) started.
[        ] > Task :android_file_picker:bundleDebugAar UP-TO-DATE
[        ] Caching disabled for task ':android_file_picker:bundleDebugAar' because:
[        ]   Build cache is disabled
[        ]   Caching has been disabled for the task
[        ] Skipping task ':android_file_picker:bundleDebugAar' as it is up-to-date.
[        ] Resolve mutations for :android_file_picker:assembleDebug (Thread[#55,included builds,5,main]) started.
[        ] :android_file_picker:assembleDebug (Thread[#55,included builds,5,main]) started.
[        ] > Task :android_file_picker:assembleDebug UP-TO-DATE
[        ] Skipping task ':android_file_picker:assembleDebug' as it has no actions.
[        ] Resolve mutations for :app:DebugMinSdkCheck (Thread[#55,included builds,5,main]) started.
[        ] :app:DebugMinSdkCheck (Thread[#55,included builds,5,main]) started.
[        ] > Task :app:DebugMinSdkCheck
[        ] Caching disabled for task ':app:DebugMinSdkCheck' because:
[        ]   Build cache is disabled
[        ] Task ':app:DebugMinSdkCheck' is not up-to-date because:
[        ]   Task has not declared any outputs despite executing actions.
[        ] Resolve mutations for :app:validateCompileSdkVersion (Thread[#55,included builds,5,main]) started.
[        ] :app:validateCompileSdkVersion (Thread[#55,included builds,5,main]) started.
[        ] > Task :app:validateCompileSdkVersion
[        ] Caching disabled for task ':app:validateCompileSdkVersion' because:
[        ]   Build cache is disabled
[        ] Task ':app:validateCompileSdkVersion' is not up-to-date because:
[        ]   Task has not declared any outputs despite executing actions.
[        ] Resolve mutations for :app:preBuild (Thread[#55,included builds,5,main]) started.
[        ] :app:preBuild (Thread[#55,included builds,5,main]) started.
[        ] > Task :app:preBuild
[        ] Skipping task ':app:preBuild' as it has no actions.
[        ] Resolve mutations for :app:preDebugBuild (Thread[#55,included builds,5,main]) started.
[        ] :app:preDebugBuild (Thread[#55,included builds,5,main]) started.
[        ] > Task :app:preDebugBuild
[        ] Skipping task ':app:preDebugBuild' as it has no actions.
[        ] Resolve mutations for :app:mergeDebugNativeDebugMetadata (Thread[#55,included builds,5,main]) started.
[        ] :app:mergeDebugNativeDebugMetadata (Thread[#55,included builds,5,main]) started.
[        ] > Task :app:mergeDebugNativeDebugMetadata NO-SOURCE
[        ] Skipping task ':app:mergeDebugNativeDebugMetadata' as it has no source files and no previous output files.
[        ] Resolve mutations for :android_file_picker:bundleLibCompileToJarDebug (Thread[#55,included builds,5,main]) started.
[        ] :android_file_picker:bundleLibCompileToJarDebug (Thread[#55,included builds,5,main]) started.
[        ] > Task :android_file_picker:bundleLibCompileToJarDebug UP-TO-DATE
[        ] Caching disabled for task ':android_file_picker:bundleLibCompileToJarDebug' because:
[        ]   Build cache is disabled
[        ]   Simple merging task
[        ] Skipping task ':android_file_picker:bundleLibCompileToJarDebug' as it is up-to-date.
[        ] work action resolve classes.jar (project :android_file_picker) (Thread[#55,included builds,5,main]) started.
[        ] Resolve mutations for :app:checkKotlinGradlePluginConfigurationErrors (Thread[#55,included builds,5,main]) started.
[        ] :app:checkKotlinGradlePluginConfigurationErrors (Thread[#55,included builds,5,main]) started.
[        ] > Task :app:checkKotlinGradlePluginConfigurationErrors SKIPPED
[        ] Skipping task ':app:checkKotlinGradlePluginConfigurationErrors' as task onlyIf 'errorDiagnostics are present' is false.
[        ] Resolve mutations for :app:cleanMergeDebugAssets (Thread[#55,included builds,5,main]) started.
[        ] :app:cleanMergeDebugAssets (Thread[#55,included builds,5,main]) started.
[        ] > Task :app:cleanMergeDebugAssets
[        ] Caching disabled for task ':app:cleanMergeDebugAssets' because:
[        ]   Build cache is disabled
[        ] Task ':app:cleanMergeDebugAssets' is not up-to-date because:
[        ]   Task has not declared any outputs despite executing actions.
[        ] Resolve mutations for :app:compileFlutterBuildDebug (Thread[#55,included builds,5,main]) started.
[        ] :app:compileFlutterBuildDebug (Thread[#55,included builds,5,main]) started.
[+1997 ms] > Task :app:compileFlutterBuildDebug
[        ] Caching disabled for task ':app:compileFlutterBuildDebug' because:
[        ]   Build cache is disabled
[        ]   Caching has not been enabled for the task
[        ] Task ':app:compileFlutterBuildDebug' is not up-to-date because:
[        ]   Input property 'sourceFiles' file /home/ubuntu/FFM-source-2d123ad-v67/lib/core/di/injection.dart has changed.
[        ]   Input property 'sourceFiles' file /home/ubuntu/FFM-source-2d123ad-v67/lib/features/assistant/data/ffm_assistant_interpreter.dart has changed.
[        ]   Input property 'sourceFiles' file /home/ubuntu/FFM-source-2d123ad-v67/lib/features/assistant/data/ffm_assistant_local_model_gateway.dart has changed.
[        ]   and more...
[        ] Starting process 'command '/home/ubuntu/flutter/bin/flutter''. Working directory: /home/ubuntu/FFM-source-2d123ad-v67 Command: /home/ubuntu/flutter/bin/flutter --verbose assemble --no-version-check --depfile /home/ubuntu/FFM-source-2d123ad-v67/build/app/intermediates/flutter/debug/flutter_build.d --output /home/ubuntu/FFM-source-2d123ad-v67/build/app/intermediates/flutter/debug -dTargetFile=lib/main.dart -dTargetPlatform=android -dBuildMode=debug -dTrackWidgetCreation=true --DartDefines=RkxVVFRFUl9CVUlMRF9OQU1FPTAuMS42Nw==,RkxVVFRFUl9CVUlMRF9OVU1CRVI9Njc=,RkxVVFRFUl9WRVJTSU9OPTMuNDcuMQ==,RkxVVFRFUl9DSEFOTkVMPXN0YWJsZQ==,RkxVVFRFUl9HSVRfVVJMPWh0dHBzOi8vZ2l0aHViLmNvbS9mbHV0dGVyL2ZsdXR0ZXIuZ2l0,RkxVVFRFUl9GUkFNRVdPUktfUkVWSVNJT049NjY1NTQ4MmVjMA==,RkxVVFRFUl9FTkdJTkVfUkVWSVNJT049NWQ1MzE3ODg2OQ==,RkxVVFRFUl9EQVJUX1ZFUlNJT049My4xMy4x -dFlavor= -dAndroidArchs=android-arm64 -dMinSdkVersion=26 debug_android_application
[        ] Successfully started process 'command '/home/ubuntu/flutter/bin/flutter''
[        ] [  +31 ms] Artifact Instance of 'MaterialFonts' is not required, skipping update.
[        ] [        ] Artifact Instance of 'GradleWrapper' is not required, skipping update.
[        ] [        ] Artifact Instance of 'AndroidGenSnapshotArtifacts' is not required, skipping update.
[        ] [        ] Artifact Instance of 'AndroidInternalBuildArtifacts' is not required, skipping update.
[        ] [        ] Artifact Instance of 'IOSEngineArtifacts' is not required, skipping update.
[        ] [        ] Artifact Instance of 'FlutterWebSdk' is not required, skipping update.
[        ] [        ] Artifact Instance of 'LegacyCanvasKitRemover' is not required, skipping update.
[        ] [        ] Artifact Instance of 'FlutterSdk' is not required, skipping update.
[        ] [        ] Artifact Instance of 'WindowsEngineArtifacts' is not required, skipping update.
[        ] [        ] Artifact Instance of 'MacOSEngineArtifacts' is not required, skipping update.
[        ] [        ] Artifact Instance of 'LinuxEngineArtifacts' is not required, skipping update.
[        ] [        ] Artifact Instance of 'LinuxFuchsiaSDKArtifacts' is not required, skipping update.
[        ] [        ] Artifact Instance of 'MacOSFuchsiaSDKArtifacts' is not required, skipping update.
[        ] [        ] Artifact Instance of 'FlutterRunnerSDKArtifacts' is not required, skipping update.
[        ] [        ] Artifact Instance of 'FlutterRunnerDebugSymbols' is not required, skipping update.
[        ] [        ] Artifact Instance of 'IosUsbArtifacts' is not required, skipping update.
[        ] [        ] Artifact Instance of 'IosUsbArtifacts' is not required, skipping update.
[        ] [        ] Artifact Instance of 'IosUsbArtifacts' is not required, skipping update.
[        ] [        ] Artifact Instance of 'IosUsbArtifacts' is not required, skipping update.
[        ] [        ] Artifact Instance of 'IosUsbArtifacts' is not required, skipping update.
[        ] [        ] Artifact Instance of 'IosUsbArtifacts' is not required, skipping update.
[        ] [        ] Artifact Instance of 'FontSubsetArtifacts' is not required, skipping update.
[        ] [        ] Artifact Instance of 'PubDependencies' is not required, skipping update.
[        ] [   +5 ms] Artifact Instance of 'AndroidGenSnapshotArtifacts' is not required, skipping update.
[        ] [        ] Artifact Instance of 'AndroidInternalBuildArtifacts' is not required, skipping update.
[        ] [        ] Artifact Instance of 'IOSEngineArtifacts' is not required, skipping update.
[        ] [        ] Artifact Instance of 'FlutterWebSdk' is not required, skipping update.
[        ] [        ] Artifact Instance of 'FlutterEngineStamp' is not required, skipping update.
[        ] [        ] Artifact Instance of 'LegacyCanvasKitRemover' is not required, skipping update.
[        ] [        ] Artifact Instance of 'WindowsEngineArtifacts' is not required, skipping update.
[        ] [        ] Artifact Instance of 'MacOSEngineArtifacts' is not required, skipping update.
[        ] [        ] Artifact Instance of 'LinuxEngineArtifacts' is not required, skipping update.
[        ] [        ] Artifact Instance of 'LinuxFuchsiaSDKArtifacts' is not required, skipping update.
[        ] [        ] Artifact Instance of 'MacOSFuchsiaSDKArtifacts' is not required, skipping update.
[        ] [        ] Artifact Instance of 'FlutterRunnerSDKArtifacts' is not required, skipping update.
[        ] [        ] Artifact Instance of 'FlutterRunnerDebugSymbols' is not required, skipping update.
[        ] [  +32 ms] Artifact Instance of 'MaterialFonts' is not required, skipping update.
[        ] [        ] Artifact Instance of 'GradleWrapper' is not required, skipping update.
[        ] [        ] Artifact Instance of 'AndroidInternalBuildArtifacts' is not required, skipping update.
[        ] [        ] Artifact Instance of 'IOSEngineArtifacts' is not required, skipping update.
[        ] [        ] Artifact Instance of 'FlutterWebSdk' is not required, skipping update.
[        ] [        ] Artifact Instance of 'FlutterEngineStamp' is not required, skipping update.
[        ] [        ] Artifact Instance of 'LegacyCanvasKitRemover' is not required, skipping update.
[        ] [        ] Artifact Instance of 'FlutterSdk' is not required, skipping update.
[        ] [        ] Artifact Instance of 'WindowsEngineArtifacts' is not required, skipping update.
[        ] [        ] Artifact Instance of 'MacOSEngineArtifacts' is not required, skipping update.
[        ] [        ] Artifact Instance of 'LinuxEngineArtifacts' is not required, skipping update.
[        ] [        ] Artifact Instance of 'LinuxFuchsiaSDKArtifacts' is not required, skipping update.
[        ] [        ] Artifact Instance of 'MacOSFuchsiaSDKArtifacts' is not required, skipping update.
[        ] [        ] Artifact Instance of 'FlutterRunnerSDKArtifacts' is not required, skipping update.
[        ] [        ] Artifact Instance of 'FlutterRunnerDebugSymbols' is not required, skipping update.
[        ] [        ] Artifact Instance of 'IosUsbArtifacts' is not required, skipping update.
[        ] [        ] Artifact Instance of 'IosUsbArtifacts' is not required, skipping update.
[        ] [        ] Artifact Instance of 'IosUsbArtifacts' is not required, skipping update.
[        ] [        ] Artifact Instance of 'IosUsbArtifacts' is not required, skipping update.
[        ] [        ] Artifact Instance of 'IosUsbArtifacts' is not required, skipping update.
[        ] [        ] Artifact Instance of 'IosUsbArtifacts' is not required, skipping update.
[        ] [        ] Artifact Instance of 'FontSubsetArtifacts' is not required, skipping update.
[        ] [        ] Artifact Instance of 'PubDependencies' is not required, skipping update.
[        ] [   +9 ms] Initializing file store
[        ] [  +12 ms] Done initializing file store
[        ] [ +117 ms] build_hooks: Starting due to {InvalidatedReasonKind.inputChanged: The following inputs have updated contents: /home/ubuntu/FFM-source-2d123ad-v67/.dart_tool/package_config.json,/home/ubuntu/FFM-source-2d123ad-v67/.dart_tool/package_config.json,/home/ubuntu/FFM-source-2d123ad-v67/pubspec.yaml}
[        ] [   +1 ms] Skipping target: gen_localizations
[        ] [   +1 ms] gen_dart_plugin_registrant: Starting due to {InvalidatedReasonKind.inputChanged: The following inputs have updated contents: /home/ubuntu/FFM-source-2d123ad-v67/.dart_tool/package_config.json,/home/ubuntu/FFM-source-2d123ad-v67/.dart_tool/flutter_build/dart_plugin_registrant.dart}
[        ] [  +79 ms] Running build hooks for android_arm64.
[        ] [  +36 ms] Recompiling /home/ubuntu/.pub-cache/hosted/pub.dev/objective_c-9.5.0/hook/build.dart. File contents changed: /home/ubuntu/FFM-source-2d123ad-v67/.dart_tool/package_config.json.
[        ] [   +2 ms] Running `/home/ubuntu/flutter/bin/cache/dart-sdk/bin/dart compile kernel --packages=/home/ubuntu/FFM-source-2d123ad-v67/.dart_tool/package_config.json --output=/home/ubuntu/FFM-source-2d123ad-v67/.dart_tool/hooks_runner/objective_c/53036809f7/hook.dill --depfile=/home/ubuntu/FFM-source-2d123ad-v67/.dart_tool/hooks_runner/objective_c/53036809f7/hook.dill.d /home/ubuntu/.pub-cache/hosted/pub.dev/objective_c-9.5.0/hook/build.dart`.
[        ] [  +22 ms] Found plugin whisper_cpp_flutter_plus at /home/ubuntu/.pub-cache/hosted/pub.dev/whisper_cpp_flutter_plus-0.4.0/
[        ] [   +3 ms] Found plugin path_provider at /home/ubuntu/.pub-cache/hosted/pub.dev/path_provider-2.1.6/
[        ] [        ] Found plugin path_provider_windows at /home/ubuntu/.pub-cache/hosted/pub.dev/path_provider_windows-2.3.0/
[        ] [   +2 ms] Found plugin path_provider_linux at /home/ubuntu/.pub-cache/hosted/pub.dev/path_provider_linux-2.2.2/
[        ] [   +1 ms] Found plugin path_provider_foundation at /home/ubuntu/.pub-cache/hosted/pub.dev/path_provider_foundation-2.6.0/
[        ] [   +1 ms] Found plugin path_provider_android at /home/ubuntu/.pub-cache/hosted/pub.dev/path_provider_android-2.3.1/
[        ] [   +1 ms] Found plugin jni_flutter at /home/ubuntu/.pub-cache/hosted/pub.dev/jni_flutter-1.0.2/
[        ] [        ] Found plugin jni at /home/ubuntu/.pub-cache/hosted/pub.dev/jni-1.0.3/
[        ] [   +2 ms] Found plugin speech_to_text at /home/ubuntu/.pub-cache/hosted/pub.dev/speech_to_text-7.4.0/
[        ] [        ] Found plugin speech_to_text_windows at /home/ubuntu/.pub-cache/hosted/pub.dev/speech_to_text_windows-1.0.1/
[        ] [   +1 ms] Found plugin shared_preferences at /home/ubuntu/.pub-cache/hosted/pub.dev/shared_preferences-2.5.5/
[        ] [        ] Found plugin shared_preferences_windows at /home/ubuntu/.pub-cache/hosted/pub.dev/shared_preferences_windows-2.4.1/
[        ] [   +1 ms] Found plugin shared_preferences_web at /home/ubuntu/.pub-cache/hosted/pub.dev/shared_preferences_web-2.4.3/
[        ] [        ] Found plugin shared_preferences_linux at /home/ubuntu/.pub-cache/hosted/pub.dev/shared_preferences_linux-2.4.1/
[        ] [        ] Found plugin shared_preferences_foundation at /home/ubuntu/.pub-cache/hosted/pub.dev/shared_preferences_foundation-2.5.6/
[        ] [        ] Found plugin shared_preferences_android at /home/ubuntu/.pub-cache/hosted/pub.dev/shared_preferences_android-2.4.27/
[        ] [        ] Found plugin share_plus at /home/ubuntu/.pub-cache/hosted/pub.dev/share_plus-13.3.0/
[        ] [   +4 ms] Found plugin url_launcher_windows at /home/ubuntu/.pub-cache/hosted/pub.dev/url_launcher_windows-3.1.5/
[        ] [        ] Found plugin url_launcher_web at /home/ubuntu/.pub-cache/hosted/pub.dev/url_launcher_web-2.4.3/
[        ] [        ] Found plugin url_launcher_linux at /home/ubuntu/.pub-cache/hosted/pub.dev/url_launcher_linux-3.2.2/
[        ] [   +1 ms] Found plugin printing at /home/ubuntu/.pub-cache/hosted/pub.dev/printing-5.14.3/
[        ] [   +3 ms] Found plugin local_auth at /home/ubuntu/.pub-cache/hosted/pub.dev/local_auth-3.0.2/
[        ] [        ] Found plugin local_auth_windows at /home/ubuntu/.pub-cache/hosted/pub.dev/local_auth_windows-2.0.1/
[        ] [        ] Found plugin local_auth_darwin at /home/ubuntu/.pub-cache/hosted/pub.dev/local_auth_darwin-2.0.3/
[        ] [        ] Found plugin local_auth_android at /home/ubuntu/.pub-cache/hosted/pub.dev/local_auth_android-2.0.9/
[        ] [        ] Found plugin flutter_plugin_android_lifecycle at /home/ubuntu/.pub-cache/hosted/pub.dev/flutter_plugin_android_lifecycle-2.0.35/
[        ] [        ] Found plugin image_picker at /home/ubuntu/.pub-cache/hosted/pub.dev/image_picker-1.2.3/
[        ] [        ] Found plugin image_picker_windows at /home/ubuntu/.pub-cache/hosted/pub.dev/image_picker_windows-0.2.2/
[        ] [        ] Found plugin file_selector_windows at /home/ubuntu/.pub-cache/hosted/pub.dev/file_selector_windows-0.9.3+5/
[        ] [        ] Found plugin image_picker_macos at /home/ubuntu/.pub-cache/hosted/pub.dev/image_picker_macos-0.2.2+1/
[        ] [        ] Found plugin file_selector_macos at /home/ubuntu/.pub-cache/hosted/pub.dev/file_selector_macos-0.9.5/
[        ] [        ] Found plugin image_picker_linux at /home/ubuntu/.pub-cache/hosted/pub.dev/image_picker_linux-0.2.2/
[        ] [        ] Found plugin file_selector_linux at /home/ubuntu/.pub-cache/hosted/pub.dev/file_selector_linux-0.9.4/
[        ] [        ] Found plugin image_picker_ios at /home/ubuntu/.pub-cache/hosted/pub.dev/image_picker_ios-0.8.13+6/
[        ] [        ] Found plugin image_picker_for_web at /home/ubuntu/.pub-cache/hosted/pub.dev/image_picker_for_web-3.1.1/
[        ] [        ] Found plugin image_picker_android at /home/ubuntu/.pub-cache/hosted/pub.dev/image_picker_android-0.8.13+19/
[        ] [   +1 ms] Found plugin flutter_secure_storage at /home/ubuntu/.pub-cache/hosted/pub.dev/flutter_secure_storage-11.0.0/
[        ] [        ] Found plugin flutter_secure_storage_windows at /home/ubuntu/.pub-cache/hosted/pub.dev/flutter_secure_storage_windows-4.2.2/
[        ] [        ] Found plugin flutter_secure_storage_web at /home/ubuntu/.pub-cache/hosted/pub.dev/flutter_secure_storage_web-2.1.1/
[        ] [        ] Found plugin flutter_secure_storage_linux at /home/ubuntu/.pub-cache/hosted/pub.dev/flutter_secure_storage_linux-3.0.2/
[        ] [        ] Found plugin flutter_secure_storage_darwin at /home/ubuntu/.pub-cache/hosted/pub.dev/flutter_secure_storage_darwin-0.4.0/
[        ] [        ] Found plugin flutter_local_notifications at /home/ubuntu/.pub-cache/hosted/pub.dev/flutter_local_notifications-22.3.0/
[        ] [        ] Found plugin flutter_local_notifications_windows at /home/ubuntu/.pub-cache/hosted/pub.dev/flutter_local_notifications_windows-3.1.1/
[        ] [        ] Found plugin flutter_local_notifications_web at /home/ubuntu/.pub-cache/hosted/pub.dev/flutter_local_notifications_web-1.0.0/
[        ] [        ] Found plugin flutter_local_notifications_linux at /home/ubuntu/.pub-cache/hosted/pub.dev/flutter_local_notifications_linux-8.0.1/
[        ] [   +3 ms] Found plugin file_picker at /home/ubuntu/.pub-cache/hosted/pub.dev/file_picker-12.0.0/
[        ] [        ] Found plugin windows_file_picker at /home/ubuntu/.pub-cache/hosted/pub.dev/windows_file_picker-1.0.1/
[        ] [        ] Found plugin file_picker_web at /home/ubuntu/.pub-cache/hosted/pub.dev/file_picker_web-3.0.1/
[        ] [        ] Found plugin file_picker_linux at /home/ubuntu/.pub-cache/hosted/pub.dev/file_picker_linux-1.0.1/
[        ] [        ] Found plugin file_picker_darwin at /home/ubuntu/.pub-cache/hosted/pub.dev/file_picker_darwin-1.0.1/
[        ] [        ] Found plugin android_file_picker at /home/ubuntu/.pub-cache/hosted/pub.dev/android_file_picker-1.0.1/
[        ] [  +11 ms] Skipping generating dart_plugin_registrant.dart because it is up-to-date.
[        ] [        ] gen_dart_plugin_registrant: Complete
[        ] [ +617 ms] kernel_snapshot_program: Starting due to {InvalidatedReasonKind.inputChanged: The following inputs have updated contents: /home/ubuntu/FFM-source-2d123ad-v67/.dart_tool/package_config.json,/home/ubuntu/FFM-source-2d123ad-v67/.dart_tool/flutter_build/dart_plugin_registrant.dart,/home/ubuntu/FFM-source-2d123ad-v67/lib/core/di/injection.dart,/home/ubuntu/FFM-source-2d123ad-v67/lib/features/assistant/data/ffm_assistant_interpreter.dart,/home/ubuntu/FFM-source-2d123ad-v67/lib/features/assistant/data/ffm_assistant_local_model_gateway.dart,/home/ubuntu/FFM-source-2d123ad-v67/lib/features/assistant/presentation/widgets/ffm_assistant_sheet.dart}
[        ] [   +8 ms] /home/ubuntu/flutter/bin/cache/dart-sdk/bin/dartaotruntime /home/ubuntu/flutter/bin/cache/dart-sdk/bin/snapshots/frontend_server_aot.dart.snapshot --sdk-root /home/ubuntu/flutter/bin/cache/artifacts/engine/common/flutter_patched_sdk/ --target=flutter --no-print-incremental-dependencies -DFLUTTER_BUILD_NAME=0.1.67 -DFLUTTER_BUILD_NUMBER=67 -DFLUTTER_VERSION=3.47.1 -DFLUTTER_CHANNEL=stable -DFLUTTER_GIT_URL=https://github.com/flutter/flutter.git -DFLUTTER_FRAMEWORK_REVISION=6655482ec0 -DFLUTTER_ENGINE_REVISION=5d53178869 -DFLUTTER_DART_VERSION=3.13.1 -DFLUTTER_APP_FLAVOR= -Ddart.vm.profile=false -Ddart.vm.product=false --enable-asserts --track-widget-creation --no-link-platform --packages /home/ubuntu/FFM-source-2d123ad-v67/.dart_tool/package_config.json --output-dill /home/ubuntu/FFM-source-2d123ad-v67/.dart_tool/flutter_build/c9175be906b1561efa48f4500f84b0f8/app.dill --depfile /home/ubuntu/FFM-source-2d123ad-v67/.dart_tool/flutter_build/c9175be906b1561efa48f4500f84b0f8/kernel_snapshot_program.d --incremental --initialize-from-dill /home/ubuntu/FFM-source-2d123ad-v67/.dart_tool/flutter_build/c9175be906b1561efa48f4500f84b0f8/app.dill --source file:///home/ubuntu/FFM-source-2d123ad-v67/.dart_tool/flutter_build/dart_plugin_registrant.dart --source package:flutter/src/dart_plugin_registrant.dart -Dflutter.dart_plugin_registrant=file:///home/ubuntu/FFM-source-2d123ad-v67/.dart_tool/flutter_build/dart_plugin_registrant.dart --verbosity=error package:ffm_manager/main.dart
[        ] [  +18 ms] Rerunning build for objective_c in /home/ubuntu/FFM-source-2d123ad-v67/.dart_tool/hooks_runner/objective_c/53036809f7/. Hook Dart sources and /home/ubuntu/FFM-source-2d123ad-v67/.dart_tool/hooks_runner/objective_c/53036809f7/hook.dill
[        ] [        ] input.json contents:
[        ]            {
[        ]              "assets": {},
[        ]              "config": {
[        ]                "build_asset_types": [
[        ]                  "code_assets/code"
[        ]                ],
[        ]                "extensions": {
[        ]                  "code_assets": {
[        ]                    "android": {
[        ]                      "target_ndk_api": 26
[        ]                    },
[        ]                    "c_compiler": {
[        ]                      "ar": "/home/ubuntu/android-sdk/ndk/28.2.13676358/toolchains/llvm/prebuilt/linux-x86_64/bin/llvm-ar",
[        ]                      "cc": "/home/ubuntu/android-sdk/ndk/28.2.13676358/toolchains/llvm/prebuilt/linux-x86_64/bin/clang",
[        ]                      "ld": "/home/ubuntu/android-sdk/ndk/28.2.13676358/toolchains/llvm/prebuilt/linux-x86_64/bin/ld.lld"
[        ]                    },
[        ]                    "link_mode_preference": "dynamic",
[        ]                    "target_architecture": "arm64",
[        ]                    "target_os": "android"
[        ]                  }
[        ]                },
[        ]                "linking_enabled": false
[        ]              },
[        ]              "out_dir_shared": "/home/ubuntu/FFM-source-2d123ad-v67/.dart_tool/hooks_runner/shared/objective_c/build/",
[        ]              "out_file": "/home/ubuntu/FFM-source-2d123ad-v67/.dart_tool/hooks_runner/objective_c/53036809f7/output.json",
[        ]              "package_name": "objective_c",
[        ]              "package_root": "/home/ubuntu/.pub-cache/hosted/pub.dev/objective_c-9.5.0/",
[        ]              "user_defines": {}
[        ]            }
[        ] [   +3 ms] Running `(cd /home/ubuntu/.pub-cache/hosted/pub.dev/objective_c-9.5.0/; HOME=/home/ubuntu ANDROID_HOME=/home/ubuntu/android-sdk PATH=/usr/lib/jvm/java-21-openjdk-amd64/bin:/usr/lib/jvm/java-21-openjdk-amd64/bin:/home/ubuntu/android-sdk/cmdline-tools/latest/bin:/home/ubuntu/android-sdk/platform-tools:/home/ubuntu/android-sdk/build-tools/37.0.0:/home/ubuntu/bin:/home/ubuntu/.local/bin:/home/ubuntu/.local/share/pnpm/bin:/home/ubuntu/.nvm/versions/node/v22.13.0/bin:/usr/local/sbin:/usr/local/bin:/usr/sbin:/usr/bin:/sbin:/bin /home/ubuntu/flutter/bin/cache/dart-sdk/bin/dart --packages=/home/ubuntu/FFM-source-2d123ad-v67/.dart_tool/package_config.json /home/ubuntu/FFM-source-2d123ad-v67/.dart_tool/hooks_runner/objective_c/53036809f7/hook.dill --config=/home/ubuntu/FFM-source-2d123ad-v67/.dart_tool/hooks_runner/objective_c/53036809f7/input.json )`.
[        ] [  +88 ms] output.json contents:
[        ]            {
[        ]              "assets_for_linking": {},
[        ]              "status": "success",
[        ]              "timestamp": "2026-08-22 12:24:41.000"
[        ]            }
[        ] [  +20 ms] Recompiling /home/ubuntu/.pub-cache/hosted/pub.dev/sqlite3-3.5.1/hook/build.dart. File contents changed: /home/ubuntu/FFM-source-2d123ad-v67/.dart_tool/package_config.json.
[        ] [        ] Running `/home/ubuntu/flutter/bin/cache/dart-sdk/bin/dart compile kernel --packages=/home/ubuntu/FFM-source-2d123ad-v67/.dart_tool/package_config.json --output=/home/ubuntu/FFM-source-2d123ad-v67/.dart_tool/hooks_runner/sqlite3/53036809f7/hook.dill --depfile=/home/ubuntu/FFM-source-2d123ad-v67/.dart_tool/hooks_runner/sqlite3/53036809f7/hook.dill.d /home/ubuntu/.pub-cache/hosted/pub.dev/sqlite3-3.5.1/hook/build.dart`.
[ +194 ms] [ +727 ms] Rerunning build for sqlite3 in /home/ubuntu/FFM-source-2d123ad-v67/.dart_tool/hooks_runner/sqlite3/53036809f7/. Hook Dart sources and /home/ubuntu/FFM-source-2d123ad-v67/.dart_tool/hooks_runner/sqlite3/53036809f7/hook.dill
[        ] [        ] input.json contents:
[        ]            {
[        ]              "assets": {},
[        ]              "config": {
[        ]                "build_asset_types": [
[        ]                  "code_assets/code"
[        ]                ],
[        ]                "extensions": {
[        ]                  "code_assets": {
[        ]                    "android": {
[        ]                      "target_ndk_api": 26
[        ]                    },
[        ]                    "c_compiler": {
[        ]                      "ar": "/home/ubuntu/android-sdk/ndk/28.2.13676358/toolchains/llvm/prebuilt/linux-x86_64/bin/llvm-ar",
[        ]                      "cc": "/home/ubuntu/android-sdk/ndk/28.2.13676358/toolchains/llvm/prebuilt/linux-x86_64/bin/clang",
[        ]                      "ld": "/home/ubuntu/android-sdk/ndk/28.2.13676358/toolchains/llvm/prebuilt/linux-x86_64/bin/ld.lld"
[        ]                    },
[        ]                    "link_mode_preference": "dynamic",
[        ]                    "target_architecture": "arm64",
[        ]                    "target_os": "android"
[        ]                  }
[        ]                },
[        ]                "linking_enabled": false
[        ]              },
[        ]              "out_dir_shared": "/home/ubuntu/FFM-source-2d123ad-v67/.dart_tool/hooks_runner/shared/sqlite3/build/",
[        ]              "out_file": "/home/ubuntu/FFM-source-2d123ad-v67/.dart_tool/hooks_runner/sqlite3/53036809f7/output.json",
[        ]              "package_name": "sqlite3",
[        ]              "package_root": "/home/ubuntu/.pub-cache/hosted/pub.dev/sqlite3-3.5.1/",
[        ]              "user_defines": {
[        ]                "workspace_pubspec": {
[        ]                  "base_path": "/home/ubuntu/FFM-source-2d123ad-v67/pubspec.yaml",
[        ]                  "defines": {
[        ]                    "source": "sqlite3mc"
[        ]                  }
[        ]                }
[        ]              }
[        ]            }
[        ] [   +2 ms] Running `(cd /home/ubuntu/.pub-cache/hosted/pub.dev/sqlite3-3.5.1/; HOME=/home/ubuntu ANDROID_HOME=/home/ubuntu/android-sdk PATH=/usr/lib/jvm/java-21-openjdk-amd64/bin:/usr/lib/jvm/java-21-openjdk-amd64/bin:/home/ubuntu/android-sdk/cmdline-tools/latest/bin:/home/ubuntu/android-sdk/platform-tools:/home/ubuntu/android-sdk/build-tools/37.0.0:/home/ubuntu/bin:/home/ubuntu/.local/bin:/home/ubuntu/.local/share/pnpm/bin:/home/ubuntu/.nvm/versions/node/v22.13.0/bin:/usr/local/sbin:/usr/local/bin:/usr/sbin:/usr/bin:/sbin:/bin /home/ubuntu/flutter/bin/cache/dart-sdk/bin/dart --packages=/home/ubuntu/FFM-source-2d123ad-v67/.dart_tool/package_config.json /home/ubuntu/FFM-source-2d123ad-v67/.dart_tool/hooks_runner/sqlite3/53036809f7/hook.dill --config=/home/ubuntu/FFM-source-2d123ad-v67/.dart_tool/hooks_runner/sqlite3/53036809f7/input.json )`.
[  +98 ms] [ +133 ms] output.json contents:
[        ]            {
[        ]              "assets": [
[        ]                {
[        ]                  "encoding": {
[        ]                    "file": "/home/ubuntu/FFM-source-2d123ad-v67/.dart_tool/hooks_runner/shared/sqlite3/build/download-f0c07e18/libsqlite3mc.so",
[        ]                    "id": "package:sqlite3/src/ffi/libsqlite3.g.dart",
[        ]                    "link_mode": {
[        ]                      "type": "dynamic_loading_bundle"
[        ]                    }
[        ]                  },
[        ]                  "type": "code_assets/code"
[        ]                }
[        ]              ],
[        ]              "assets_for_linking": {},
[        ]              "status": "success",
[        ]              "timestamp": "2026-08-22 12:24:42.000"
[        ]            }
[        ] [  +18 ms] Running build hooks for android_arm64 done.
[        ] [   +1 ms] build_hooks: Complete
[+1599 ms] [+1568 ms] kernel_snapshot_program: Complete
[ +800 ms] [ +756 ms] Skipping target: link_hooks
[        ] [  +10 ms] install_code_assets: Starting due to {InvalidatedReasonKind.inputChanged: The following inputs have updated contents: /home/ubuntu/FFM-source-2d123ad-v67/.dart_tool/package_config.json}
[        ] [   +7 ms] Copying native assets to /home/ubuntu/FFM-source-2d123ad-v67/build/app/intermediates/flutter/debug/native_assets/.
[        ] [   +4 ms] Copying native assets done.
[        ] [        ] Writing native assets json to file:///home/ubuntu/FFM-source-2d123ad-v67/.dart_tool/flutter_build/c9175be906b1561efa48f4500f84b0f8/native_assets.json.
[        ] [   +1 ms] Writing /home/ubuntu/FFM-source-2d123ad-v67/.dart_tool/flutter_build/c9175be906b1561efa48f4500f84b0f8/native_assets.json done.
[        ] [        ] install_code_assets: Complete
[ +499 ms] [ +474 ms] debug_android_application: Starting due to {InvalidatedReasonKind.inputChanged: The following inputs have updated contents: /home/ubuntu/FFM-source-2d123ad-v67/.dart_tool/flutter_build/c9175be906b1561efa48f4500f84b0f8/app.dill,/home/ubuntu/FFM-source-2d123ad-v67/pubspec.yaml}
[ +100 ms] [ +168 ms] impellerc command: [/home/ubuntu/flutter/bin/cache/artifacts/engine/linux-x64/impellerc, --sksl, --runtime-stage-gles, --runtime-stage-gles3, --runtime-stage-vulkan, --iplr, --sl=/home/ubuntu/FFM-source-2d123ad-v67/build/app/intermediates/flutter/debug/flutter_assets/shaders/ink_sparkle.frag, --spirv=/home/ubuntu/FFM-source-2d123ad-v67/build/app/intermediates/flutter/debug/flutter_assets/shaders/ink_sparkle.frag.spirv, --input=/home/ubuntu/flutter/packages/flutter/lib/src/material/shaders/ink_sparkle.frag, --input-type=frag, --include=/home/ubuntu/flutter/packages/flutter/lib/src/material/shaders, --include=/home/ubuntu/flutter/bin/cache/artifacts/engine/linux-x64/shader_lib]
[        ] [   +8 ms] impellerc command: [/home/ubuntu/flutter/bin/cache/artifacts/engine/linux-x64/impellerc, --sksl, --runtime-stage-gles, --runtime-stage-gles3, --runtime-stage-vulkan, --iplr, --sl=/home/ubuntu/FFM-source-2d123ad-v67/build/app/intermediates/flutter/debug/flutter_assets/shaders/stretch_effect.frag, --spirv=/home/ubuntu/FFM-source-2d123ad-v67/build/app/intermediates/flutter/debug/flutter_assets/shaders/stretch_effect.frag.spirv, --input=/home/ubuntu/flutter/packages/flutter/lib/src/widgets/shaders/stretch_effect.frag, --input-type=frag, --include=/home/ubuntu/flutter/packages/flutter/lib/src/widgets/shaders, --include=/home/ubuntu/flutter/bin/cache/artifacts/engine/linux-x64/shader_lib]
[ +399 ms] [ +342 ms] debug_android_application: Complete
[ +399 ms] [ +422 ms] Persisting file store
[        ] [   +8 ms] Done persisting file store
[        ] [  +24 ms] build succeeded.
[        ] [   +4 ms] "flutter assemble" took 5,831ms.
[        ] [   +1 ms] Running 1 shutdown hook
[        ] [        ] Shutdown hooks complete
[        ] [        ] exiting with code 0
[ +199 ms] Resolve mutations for :app:generateDebugAssets (Thread[#55,included builds,5,main]) started.
[        ] :app:generateDebugAssets (Thread[#55,included builds,5,main]) started.
[        ] > Task :app:generateDebugAssets UP-TO-DATE
[        ] Skipping task ':app:generateDebugAssets' as it has no actions.
[        ] Resolve mutations for :flutter_local_notifications:generateDebugAssets (Thread[#55,included builds,5,main]) started.
[        ] :flutter_local_notifications:generateDebugAssets (Thread[#55,included builds,5,main]) started.
[        ] > Task :flutter_local_notifications:generateDebugAssets UP-TO-DATE
[        ] Skipping task ':flutter_local_notifications:generateDebugAssets' as it has no actions.
[        ] Resolve mutations for :flutter_local_notifications:preBuild (Thread[#55,included builds,5,main]) started.
[        ] :flutter_local_notifications:preBuild (Thread[#55,included builds,5,main]) started.
[        ] > Task :flutter_local_notifications:preBuild UP-TO-DATE
[        ] Skipping task ':flutter_local_notifications:preBuild' as it has no actions.
[        ] Resolve mutations for :flutter_local_notifications:preDebugBuild (Thread[#55,included builds,5,main]) started.
[        ] :flutter_local_notifications:preDebugBuild (Thread[#55,included builds,5,main]) started.
[        ] > Task :flutter_local_notifications:preDebugBuild UP-TO-DATE
[        ] Skipping task ':flutter_local_notifications:preDebugBuild' as it has no actions.
[        ] Resolve mutations for :flutter_local_notifications:mergeDebugAssets (Thread[#55,included builds,5,main]) started.
[        ] :flutter_local_notifications:mergeDebugAssets (Thread[#55,included builds,5,main]) started.
[        ] > Task :flutter_local_notifications:mergeDebugAssets UP-TO-DATE
[        ] Caching disabled for task ':flutter_local_notifications:mergeDebugAssets' because:
[        ]   Build cache is disabled
[        ]   Simple merging task
[        ] Skipping task ':flutter_local_notifications:mergeDebugAssets' as it is up-to-date.
[        ] work action resolve mergeDebugAssets (project :flutter_local_notifications) (Thread[#55,included builds,5,main]) started.
[        ] Resolve mutations for :flutter_plugin_android_lifecycle:generateDebugAssets (Thread[#55,included builds,5,main]) started.
[        ] :flutter_plugin_android_lifecycle:generateDebugAssets (Thread[#55,included builds,5,main]) started.
[        ] > Task :flutter_plugin_android_lifecycle:generateDebugAssets UP-TO-DATE
[        ] Skipping task ':flutter_plugin_android_lifecycle:generateDebugAssets' as it has no actions.
[        ] Resolve mutations for :flutter_plugin_android_lifecycle:preBuild (Thread[#55,included builds,5,main]) started.
[        ] :flutter_plugin_android_lifecycle:preBuild (Thread[#55,included builds,5,main]) started.
[        ] > Task :flutter_plugin_android_lifecycle:preBuild UP-TO-DATE
[        ] Skipping task ':flutter_plugin_android_lifecycle:preBuild' as it has no actions.
[        ] Resolve mutations for :flutter_plugin_android_lifecycle:preDebugBuild (Thread[#55,included builds,5,main]) started.
[        ] :flutter_plugin_android_lifecycle:preDebugBuild (Thread[#55,included builds,5,main]) started.
[        ] > Task :flutter_plugin_android_lifecycle:preDebugBuild UP-TO-DATE
[        ] Skipping task ':flutter_plugin_android_lifecycle:preDebugBuild' as it has no actions.
[        ] Resolve mutations for :flutter_plugin_android_lifecycle:mergeDebugAssets (Thread[#55,included builds,5,main]) started.
[        ] :flutter_plugin_android_lifecycle:mergeDebugAssets (Thread[#55,included builds,5,main]) started.
[        ] > Task :flutter_plugin_android_lifecycle:mergeDebugAssets UP-TO-DATE
[        ] Caching disabled for task ':flutter_plugin_android_lifecycle:mergeDebugAssets' because:
[        ]   Build cache is disabled
[        ]   Simple merging task
[        ] Skipping task ':flutter_plugin_android_lifecycle:mergeDebugAssets' as it is up-to-date.
[        ] work action resolve mergeDebugAssets (project :flutter_plugin_android_lifecycle) (Thread[#55,included builds,5,main]) started.
[        ] Resolve mutations for :flutter_secure_storage:generateDebugAssets (Thread[#55,included builds,5,main]) started.
[        ] :flutter_secure_storage:generateDebugAssets (Thread[#55,included builds,5,main]) started.
[        ] > Task :flutter_secure_storage:generateDebugAssets UP-TO-DATE
[        ] Skipping task ':flutter_secure_storage:generateDebugAssets' as it has no actions.
[        ] Resolve mutations for :flutter_secure_storage:preBuild (Thread[#55,included builds,5,main]) started.
[        ] :flutter_secure_storage:preBuild (Thread[#55,included builds,5,main]) started.
[        ] > Task :flutter_secure_storage:preBuild UP-TO-DATE
[        ] Skipping task ':flutter_secure_storage:preBuild' as it has no actions.
[        ] Resolve mutations for :flutter_secure_storage:preDebugBuild (Thread[#55,included builds,5,main]) started.
[        ] :flutter_secure_storage:preDebugBuild (Thread[#55,included builds,5,main]) started.
[        ] > Task :flutter_secure_storage:preDebugBuild UP-TO-DATE
[        ] Skipping task ':flutter_secure_storage:preDebugBuild' as it has no actions.
[        ] Resolve mutations for :flutter_secure_storage:mergeDebugAssets (Thread[#55,included builds,5,main]) started.
[        ] :flutter_secure_storage:mergeDebugAssets (Thread[#55,included builds,5,main]) started.
[        ] > Task :flutter_secure_storage:mergeDebugAssets UP-TO-DATE
[        ] Caching disabled for task ':flutter_secure_storage:mergeDebugAssets' because:
[        ]   Build cache is disabled
[        ]   Simple merging task
[        ] Skipping task ':flutter_secure_storage:mergeDebugAssets' as it is up-to-date.
[        ] work action resolve mergeDebugAssets (project :flutter_secure_storage) (Thread[#55,included builds,5,main]) started.
[        ] Resolve mutations for :image_picker_android:generateDebugAssets (Thread[#55,included builds,5,main]) started.
[        ] :image_picker_android:generateDebugAssets (Thread[#55,included builds,5,main]) started.
[        ] > Task :image_picker_android:generateDebugAssets UP-TO-DATE
[        ] Skipping task ':image_picker_android:generateDebugAssets' as it has no actions.
[        ] Resolve mutations for :image_picker_android:preBuild (Thread[#55,included builds,5,main]) started.
[        ] :image_picker_android:preBuild (Thread[#55,included builds,5,main]) started.
[        ] > Task :image_picker_android:preBuild UP-TO-DATE
[        ] Skipping task ':image_picker_android:preBuild' as it has no actions.
[        ] Resolve mutations for :image_picker_android:preDebugBuild (Thread[#55,included builds,5,main]) started.
[        ] :image_picker_android:preDebugBuild (Thread[#55,included builds,5,main]) started.
[        ] > Task :image_picker_android:preDebugBuild UP-TO-DATE
[        ] Skipping task ':image_picker_android:preDebugBuild' as it has no actions.
[        ] Resolve mutations for :image_picker_android:mergeDebugAssets (Thread[#55,included builds,5,main]) started.
[        ] :image_picker_android:mergeDebugAssets (Thread[#55,included builds,5,main]) started.
[ +197 ms] > Task :image_picker_android:mergeDebugAssets
[        ] Caching disabled for task ':image_picker_android:mergeDebugAssets' because:
[        ]   Build cache is disabled
[        ]   Simple merging task
[        ] Task ':image_picker_android:mergeDebugAssets' is not up-to-date because:
[        ]   No history is available.
[        ] The input changes require a full rebuild for incremental task ':image_picker_android:mergeDebugAssets'.
[        ] work action resolve mergeDebugAssets (project :image_picker_android) (Thread[#55,included builds,5,main]) started.
[        ] Resolve mutations for :jni:generateDebugAssets (Thread[#55,included builds,5,main]) started.
[        ] :jni:generateDebugAssets (Thread[#55,included builds,5,main]) started.
[        ] > Task :jni:generateDebugAssets UP-TO-DATE
[        ] Skipping task ':jni:generateDebugAssets' as it has no actions.
[        ] Resolve mutations for :jni:preBuild (Thread[#55,included builds,5,main]) started.
[        ] :jni:preBuild (Thread[#55,included builds,5,main]) started.
[        ] > Task :jni:preBuild UP-TO-DATE
[        ] Skipping task ':jni:preBuild' as it has no actions.
[        ] Resolve mutations for :jni:preDebugBuild (Thread[#55,included builds,5,main]) started.
[        ] :jni:preDebugBuild (Thread[#55,included builds,5,main]) started.
[        ] > Task :jni:preDebugBuild UP-TO-DATE
[        ] Skipping task ':jni:preDebugBuild' as it has no actions.
[        ] Resolve mutations for :jni:mergeDebugAssets (Thread[#55,included builds,5,main]) started.
[        ] :jni:mergeDebugAssets (Thread[#55,included builds,5,main]) started.
[        ] > Task :jni:mergeDebugAssets UP-TO-DATE
[        ] Caching disabled for task ':jni:mergeDebugAssets' because:
[        ]   Build cache is disabled
[        ]   Simple merging task
[        ] Skipping task ':jni:mergeDebugAssets' as it is up-to-date.
[        ] work action resolve mergeDebugAssets (project :jni) (Thread[#55,included builds,5,main]) started.
[        ] Resolve mutations for :jni_flutter:generateDebugAssets (Thread[#55,included builds,5,main]) started.
[        ] :jni_flutter:generateDebugAssets (Thread[#55,included builds,5,main]) started.
[        ] > Task :jni_flutter:generateDebugAssets UP-TO-DATE
[        ] Skipping task ':jni_flutter:generateDebugAssets' as it has no actions.
[        ] Resolve mutations for :jni_flutter:preBuild (Thread[#55,included builds,5,main]) started.
[        ] :jni_flutter:preBuild (Thread[#55,included builds,5,main]) started.
[        ] > Task :jni_flutter:preBuild UP-TO-DATE
[        ] Skipping task ':jni_flutter:preBuild' as it has no actions.
[        ] Resolve mutations for :jni_flutter:preDebugBuild (Thread[#55,included builds,5,main]) started.
[        ] :jni_flutter:preDebugBuild (Thread[#55,included builds,5,main]) started.
[        ] > Task :jni_flutter:preDebugBuild UP-TO-DATE
[        ] Skipping task ':jni_flutter:preDebugBuild' as it has no actions.
[        ] Resolve mutations for :jni_flutter:mergeDebugAssets (Thread[#55,included builds,5,main]) started.
[        ] :jni_flutter:mergeDebugAssets (Thread[#55,included builds,5,main]) started.
[        ] > Task :jni_flutter:mergeDebugAssets UP-TO-DATE
[        ] Caching disabled for task ':jni_flutter:mergeDebugAssets' because:
[        ]   Build cache is disabled
[        ]   Simple merging task
[        ] Skipping task ':jni_flutter:mergeDebugAssets' as it is up-to-date.
[        ] work action resolve mergeDebugAssets (project :jni_flutter) (Thread[#55,included builds,5,main]) started.
[        ] Resolve mutations for :local_auth_android:generateDebugAssets (Thread[#55,included builds,5,main]) started.
[        ] :local_auth_android:generateDebugAssets (Thread[#55,included builds,5,main]) started.
[        ] > Task :local_auth_android:generateDebugAssets UP-TO-DATE
[        ] Skipping task ':local_auth_android:generateDebugAssets' as it has no actions.
[        ] Resolve mutations for :local_auth_android:preBuild (Thread[#55,included builds,5,main]) started.
[        ] :local_auth_android:preBuild (Thread[#55,included builds,5,main]) started.
[        ] > Task :local_auth_android:preBuild UP-TO-DATE
[        ] Skipping task ':local_auth_android:preBuild' as it has no actions.
[        ] Resolve mutations for :local_auth_android:preDebugBuild (Thread[#55,included builds,5,main]) started.
[        ] :local_auth_android:preDebugBuild (Thread[#55,included builds,5,main]) started.
[        ] > Task :local_auth_android:preDebugBuild UP-TO-DATE
[        ] Skipping task ':local_auth_android:preDebugBuild' as it has no actions.
[        ] Resolve mutations for :local_auth_android:mergeDebugAssets (Thread[#55,included builds,5,main]) started.
[        ] :local_auth_android:mergeDebugAssets (Thread[#55,included builds,5,main]) started.
[        ] > Task :local_auth_android:mergeDebugAssets UP-TO-DATE
[        ] Caching disabled for task ':local_auth_android:mergeDebugAssets' because:
[        ]   Build cache is disabled
[        ]   Simple merging task
[        ] Skipping task ':local_auth_android:mergeDebugAssets' as it is up-to-date.
[        ] work action resolve mergeDebugAssets (project :local_auth_android) (Thread[#55,included builds,5,main]) started.
[        ] Resolve mutations for :printing:generateDebugAssets (Thread[#55,included builds,5,main]) started.
[        ] :printing:generateDebugAssets (Thread[#55,included builds,5,main]) started.
[        ] > Task :printing:generateDebugAssets UP-TO-DATE
[        ] Skipping task ':printing:generateDebugAssets' as it has no actions.
[        ] Resolve mutations for :printing:preBuild (Thread[#55,included builds,5,main]) started.
[        ] :printing:preBuild (Thread[#55,included builds,5,main]) started.
[        ] > Task :printing:preBuild UP-TO-DATE
[        ] Skipping task ':printing:preBuild' as it has no actions.
[        ] Resolve mutations for :printing:preDebugBuild (Thread[#55,included builds,5,main]) started.
[        ] :printing:preDebugBuild (Thread[#55,included builds,5,main]) started.
[        ] > Task :printing:preDebugBuild UP-TO-DATE
[        ] Skipping task ':printing:preDebugBuild' as it has no actions.
[        ] Resolve mutations for :printing:mergeDebugAssets (Thread[#55,included builds,5,main]) started.
[        ] :printing:mergeDebugAssets (Thread[#55,included builds,5,main]) started.
[        ] > Task :printing:mergeDebugAssets UP-TO-DATE
[        ] Caching disabled for task ':printing:mergeDebugAssets' because:
[        ]   Build cache is disabled
[        ]   Simple merging task
[        ] Skipping task ':printing:mergeDebugAssets' as it is up-to-date.
[        ] work action resolve mergeDebugAssets (project :printing) (Thread[#55,included builds,5,main]) started.
[        ] Resolve mutations for :share_plus:generateDebugAssets (Thread[#55,included builds,5,main]) started.
[        ] :share_plus:generateDebugAssets (Thread[#55,included builds,5,main]) started.
[        ] > Task :share_plus:generateDebugAssets UP-TO-DATE
[        ] Skipping task ':share_plus:generateDebugAssets' as it has no actions.
[        ] Resolve mutations for :share_plus:preBuild (Thread[#55,included builds,5,main]) started.
[        ] :share_plus:preBuild (Thread[#55,included builds,5,main]) started.
[        ] > Task :share_plus:preBuild UP-TO-DATE
[        ] Skipping task ':share_plus:preBuild' as it has no actions.
[        ] Resolve mutations for :share_plus:preDebugBuild (Thread[#55,included builds,5,main]) started.
[        ] :share_plus:preDebugBuild (Thread[#55,included builds,5,main]) started.
[        ] > Task :share_plus:preDebugBuild UP-TO-DATE
[        ] Skipping task ':share_plus:preDebugBuild' as it has no actions.
[        ] Resolve mutations for :share_plus:mergeDebugAssets (Thread[#55,included builds,5,main]) started.
[        ] :share_plus:mergeDebugAssets (Thread[#55,included builds,5,main]) started.
[        ] > Task :share_plus:mergeDebugAssets UP-TO-DATE
[        ] Caching disabled for task ':share_plus:mergeDebugAssets' because:
[        ]   Build cache is disabled
[        ]   Simple merging task
[        ] Skipping task ':share_plus:mergeDebugAssets' as it is up-to-date.
[        ] work action resolve mergeDebugAssets (project :share_plus) (Thread[#55,included builds,5,main]) started.
[        ] Resolve mutations for :shared_preferences_android:generateDebugAssets (Thread[#55,included builds,5,main]) started.
[        ] :shared_preferences_android:generateDebugAssets (Thread[#55,included builds,5,main]) started.
[        ] > Task :shared_preferences_android:generateDebugAssets UP-TO-DATE
[        ] Skipping task ':shared_preferences_android:generateDebugAssets' as it has no actions.
[        ] Resolve mutations for :shared_preferences_android:preBuild (Thread[#55,included builds,5,main]) started.
[        ] :shared_preferences_android:preBuild (Thread[#55,included builds,5,main]) started.
[        ] > Task :shared_preferences_android:preBuild UP-TO-DATE
[        ] Skipping task ':shared_preferences_android:preBuild' as it has no actions.
[        ] Resolve mutations for :shared_preferences_android:preDebugBuild (Thread[#55,included builds,5,main]) started.
[        ] :shared_preferences_android:preDebugBuild (Thread[#55,included builds,5,main]) started.
[        ] > Task :shared_preferences_android:preDebugBuild UP-TO-DATE
[        ] Skipping task ':shared_preferences_android:preDebugBuild' as it has no actions.
[        ] Resolve mutations for :shared_preferences_android:mergeDebugAssets (Thread[#55,included builds,5,main]) started.
[        ] :shared_preferences_android:mergeDebugAssets (Thread[#55,included builds,5,main]) started.
[        ] > Task :shared_preferences_android:mergeDebugAssets UP-TO-DATE
[        ] Caching disabled for task ':shared_preferences_android:mergeDebugAssets' because:
[        ]   Build cache is disabled
[        ]   Simple merging task
[        ] Skipping task ':shared_preferences_android:mergeDebugAssets' as it is up-to-date.
[        ] work action resolve mergeDebugAssets (project :shared_preferences_android) (Thread[#55,included builds,5,main]) started.
[        ] Resolve mutations for :speech_to_text:generateDebugAssets (Thread[#55,included builds,5,main]) started.
[        ] :speech_to_text:generateDebugAssets (Thread[#55,included builds,5,main]) started.
[        ] > Task :speech_to_text:generateDebugAssets UP-TO-DATE
[        ] Skipping task ':speech_to_text:generateDebugAssets' as it has no actions.
[        ] Resolve mutations for :speech_to_text:preBuild (Thread[#55,included builds,5,main]) started.
[        ] :speech_to_text:preBuild (Thread[#55,included builds,5,main]) started.
[        ] > Task :speech_to_text:preBuild UP-TO-DATE
[        ] Skipping task ':speech_to_text:preBuild' as it has no actions.
[        ] Resolve mutations for :speech_to_text:preDebugBuild (Thread[#55,included builds,5,main]) started.
[        ] :speech_to_text:preDebugBuild (Thread[#55,included builds,5,main]) started.
[        ] > Task :speech_to_text:preDebugBuild UP-TO-DATE
[        ] Skipping task ':speech_to_text:preDebugBuild' as it has no actions.
[        ] Resolve mutations for :speech_to_text:mergeDebugAssets (Thread[#55,included builds,5,main]) started.
[        ] :speech_to_text:mergeDebugAssets (Thread[#55,included builds,5,main]) started.
[        ] > Task :speech_to_text:mergeDebugAssets UP-TO-DATE
[        ] Caching disabled for task ':speech_to_text:mergeDebugAssets' because:
[        ]   Build cache is disabled
[        ]   Simple merging task
[        ] Skipping task ':speech_to_text:mergeDebugAssets' as it is up-to-date.
[        ] work action resolve mergeDebugAssets (project :speech_to_text) (Thread[#55,included builds,5,main]) started.
[        ] Resolve mutations for :whisper_cpp_flutter_plus:generateDebugAssets (Thread[#55,included builds,5,main]) started.
[        ] :whisper_cpp_flutter_plus:generateDebugAssets (Thread[#55,included builds,5,main]) started.
[        ] > Task :whisper_cpp_flutter_plus:generateDebugAssets UP-TO-DATE
[        ] Skipping task ':whisper_cpp_flutter_plus:generateDebugAssets' as it has no actions.
[        ] Resolve mutations for :whisper_cpp_flutter_plus:preBuild (Thread[#55,included builds,5,main]) started.
[        ] :whisper_cpp_flutter_plus:preBuild (Thread[#55,included builds,5,main]) started.
[        ] > Task :whisper_cpp_flutter_plus:preBuild UP-TO-DATE
[        ] Skipping task ':whisper_cpp_flutter_plus:preBuild' as it has no actions.
[        ] Resolve mutations for :whisper_cpp_flutter_plus:preDebugBuild (Thread[#55,included builds,5,main]) started.
[        ] :whisper_cpp_flutter_plus:preDebugBuild (Thread[#55,included builds,5,main]) started.
[        ] > Task :whisper_cpp_flutter_plus:preDebugBuild UP-TO-DATE
[        ] Skipping task ':whisper_cpp_flutter_plus:preDebugBuild' as it has no actions.
[        ] Resolve mutations for :whisper_cpp_flutter_plus:mergeDebugAssets (Thread[#55,included builds,5,main]) started.
[        ] :whisper_cpp_flutter_plus:mergeDebugAssets (Thread[#55,included builds,5,main]) started.
[        ] > Task :whisper_cpp_flutter_plus:mergeDebugAssets UP-TO-DATE
[        ] Caching disabled for task ':whisper_cpp_flutter_plus:mergeDebugAssets' because:
[        ]   Build cache is disabled
[        ]   Simple merging task
[        ] Skipping task ':whisper_cpp_flutter_plus:mergeDebugAssets' as it is up-to-date.
[        ] work action resolve mergeDebugAssets (project :whisper_cpp_flutter_plus) (Thread[#55,included builds,5,main]) started.
[        ] Resolve mutations for :app:mergeDebugAssets (Thread[#55,included builds,5,main]) started.
[        ] :app:mergeDebugAssets (Thread[#55,included builds,5,main]) started.
[+1996 ms] > Task :app:mergeDebugAssets
[        ] Downloading https://dl.google.com/dl/android/maven2/androidx/exifinterface/exifinterface/1.4.2/exifinterface-1.4.2.pom to /home/ubuntu/.gradle/.tmp/gradle_download8627785216542172911bin
[        ] Downloading https://dl.google.com/dl/android/maven2/androidx/exifinterface/exifinterface/1.4.2/exifinterface-1.4.2.module to /home/ubuntu/.gradle/.tmp/gradle_download2166108255862021106bin
[        ] Downloading https://dl.google.com/dl/android/maven2/androidx/activity/activity/1.12.4/activity-1.12.4.pom to /home/ubuntu/.gradle/.tmp/gradle_download13942542523896093100bin
[        ] Downloading https://dl.google.com/dl/android/maven2/androidx/activity/activity/1.12.4/activity-1.12.4.module to /home/ubuntu/.gradle/.tmp/gradle_download1641360232188428621bin
[        ] Downloading https://dl.google.com/dl/android/maven2/androidx/navigationevent/navigationevent/1.0.2/navigationevent-1.0.2.pom to /home/ubuntu/.gradle/.tmp/gradle_download10318999421055366900bin
[        ] Downloading https://dl.google.com/dl/android/maven2/androidx/navigationevent/navigationevent/1.0.2/navigationevent-1.0.2.module to /home/ubuntu/.gradle/.tmp/gradle_download263126604554756404bin
[        ] Downloading https://dl.google.com/dl/android/maven2/androidx/navigationevent/navigationevent-android/1.0.2/navigationevent-android-1.0.2.pom to /home/ubuntu/.gradle/.tmp/gradle_download9926509255268369997bin
[        ] Downloading https://dl.google.com/dl/android/maven2/androidx/navigationevent/navigationevent-android/1.0.2/navigationevent-android-1.0.2.module to /home/ubuntu/.gradle/.tmp/gradle_download9277847914255472404bin
[        ] Downloading https://dl.google.com/dl/android/maven2/androidx/activity/activity-ktx/1.12.4/activity-ktx-1.12.4.pom to /home/ubuntu/.gradle/.tmp/gradle_download15763186037026850794bin
[        ] Downloading https://dl.google.com/dl/android/maven2/androidx/activity/activity-ktx/1.12.4/activity-ktx-1.12.4.module to /home/ubuntu/.gradle/.tmp/gradle_download12161538033620662222bin
[        ] Downloading https://dl.google.com/dl/android/maven2/androidx/compose/runtime/runtime-annotation/1.9.0/runtime-annotation-1.9.0.pom to /home/ubuntu/.gradle/.tmp/gradle_download1218996491196797411bin
[        ] Downloading https://dl.google.com/dl/android/maven2/androidx/compose/runtime/runtime-annotation/1.9.0/runtime-annotation-1.9.0.module to /home/ubuntu/.gradle/.tmp/gradle_download11071976467673767998bin
[        ] Downloading https://dl.google.com/dl/android/maven2/androidx/compose/runtime/runtime-annotation-android/1.9.0/runtime-annotation-android-1.9.0.pom to /home/ubuntu/.gradle/.tmp/gradle_download13125321754370409619bin
[        ] Downloading https://dl.google.com/dl/android/maven2/androidx/compose/runtime/runtime-annotation-android/1.9.0/runtime-annotation-android-1.9.0.module to /home/ubuntu/.gradle/.tmp/gradle_download8043404877683259582bin
[        ] Downloading https://dl.google.com/dl/android/maven2/androidx/activity/activity-ktx/1.12.4/activity-ktx-1.12.4.aar to /home/ubuntu/.gradle/.tmp/gradle_download3092771399787987821bin
[        ] Caching disabled for ExtractAarTransform: /home/ubuntu/.gradle/caches/modules-2/files-2.1/androidx.activity/activity-ktx/1.12.4/ac01c0ef3fcb29e7a672f7a8f34a6b01a47b666f/activity-ktx-1.12.4.aar because:
[        ]   Build cache is disabled
[        ]   Caching not enabled.
[        ] Caching disabled for AarTransform: /home/ubuntu/.gradle/caches/9.3.1/transforms/39181d7ce1fc170d8b944eed27d52074/transformed/activity-ktx-1.12.4 because:
[        ]   Build cache is disabled
[        ]   Caching not enabled.
[        ] Downloading https://dl.google.com/dl/android/maven2/androidx/activity/activity/1.12.4/activity-1.12.4.aar to /home/ubuntu/.gradle/.tmp/gradle_download5297782504738612867bin
[        ] Caching disabled for ExtractAarTransform: /home/ubuntu/.gradle/caches/modules-2/files-2.1/androidx.activity/activity/1.12.4/c2ed82b5838b893947bb7714ddc5b9cb98219a/activity-1.12.4.aar because:
[        ]   Build cache is disabled
[        ]   Caching not enabled.
[        ] Caching disabled for AarTransform: /home/ubuntu/.gradle/caches/9.3.1/transforms/54153e64d0eee9e14adfe22df61734e4/transformed/activity-1.12.4 because:
[        ]   Build cache is disabled
[        ]   Caching not enabled.
[  +99 ms] Downloading https://dl.google.com/dl/android/maven2/androidx/navigationevent/navigationevent-android/1.0.2/navigationevent-android-1.0.2.aar to /home/ubuntu/.gradle/.tmp/gradle_download3667995558916813982bin
[        ] Caching disabled for ExtractAarTransform: /home/ubuntu/.gradle/caches/modules-2/files-2.1/androidx.navigationevent/navigationevent-android/1.0.2/c066b305bbc2ba9c5b2a86ee2e14d9093527572c/navigationevent.aar because:
[        ]   Build cache is disabled
[        ]   Caching not enabled.
[        ] Caching disabled for AarTransform: /home/ubuntu/.gradle/caches/9.3.1/transforms/c95fa921fffd17270ecab5e2092c9ba9/transformed/navigationevent because:
[        ]   Build cache is disabled
[        ]   Caching not enabled.
[  +99 ms] Downloading https://dl.google.com/dl/android/maven2/androidx/exifinterface/exifinterface/1.4.2/exifinterface-1.4.2.aar to /home/ubuntu/.gradle/.tmp/gradle_download10457452293106223870bin
[        ] Caching disabled for ExtractAarTransform: /home/ubuntu/.gradle/caches/modules-2/files-2.1/androidx.exifinterface/exifinterface/1.4.2/21394465747d1a9f68297058907db6984e610772/exifinterface-1.4.2.aar because:
[        ]   Build cache is disabled
[        ]   Caching not enabled.
[        ] Caching disabled for AarTransform: /home/ubuntu/.gradle/caches/9.3.1/transforms/8c9977e1d2b6d4eac35b732a0a74293c/transformed/exifinterface-1.4.2 because:
[        ]   Build cache is disabled
[        ]   Caching not enabled.
[  +99 ms] Downloading https://dl.google.com/dl/android/maven2/androidx/compose/runtime/runtime-annotation-android/1.9.0/runtime-annotation-android-1.9.0.aar to /home/ubuntu/.gradle/.tmp/gradle_download7955037243807032645bin
[        ] Caching disabled for ExtractAarTransform: /home/ubuntu/.gradle/caches/modules-2/files-2.1/androidx.compose.runtime/runtime-annotation-android/1.9.0/5e40e47a89961866acb3847692ac479f885d70de/runtime-annotation.aar because:
[        ]   Build cache is disabled
[        ]   Caching not enabled.
[        ] Caching disabled for AarTransform: /home/ubuntu/.gradle/caches/9.3.1/transforms/c0964caf9c24094a321210620cc78cb1/transformed/runtime-annotation because:
[        ]   Build cache is disabled
[        ]   Caching not enabled.
[        ] Caching disabled for task ':app:mergeDebugAssets' because:
[        ]   Build cache is disabled
[        ]   Simple merging task
[        ] Task ':app:mergeDebugAssets' is not up-to-date because:
[        ]   Output property 'outputDir' file /home/ubuntu/FFM-source-2d123ad-v67/build/app/intermediates/assets/debug/mergeDebugAssets has been removed.
[        ] The input changes require a full rebuild for incremental task ':app:mergeDebugAssets'.
[        ] Resolve mutations for :app:copyFlutterAssetsDebug (Thread[#55,included builds,5,main]) started.
[        ] :app:copyFlutterAssetsDebug (Thread[#55,included builds,5,main]) started.
[ +199 ms] > Task :app:copyFlutterAssetsDebug
[        ] Caching disabled for task ':app:copyFlutterAssetsDebug' because:
[        ]   Build cache is disabled
[        ]   Not worth caching
[        ] Task ':app:copyFlutterAssetsDebug' is not up-to-date because:
[        ]   Output property 'destinationDir' file /home/ubuntu/FFM-source-2d123ad-v67/build/app/intermediates/assets/debug/mergeDebugAssets/flutter_assets has been removed.
[        ]   Output property 'destinationDir' file /home/ubuntu/FFM-source-2d123ad-v67/build/app/intermediates/assets/debug/mergeDebugAssets/flutter_assets/AssetManifest.bin has been removed.
[        ]   Output property 'destinationDir' file /home/ubuntu/FFM-source-2d123ad-v67/build/app/intermediates/assets/debug/mergeDebugAssets/flutter_assets/FontManifest.json has been removed.
[        ]   and more...
[        ] Resolve mutations for :app:generateDebugResources (Thread[#55,included builds,5,main]) started.
[        ] :app:generateDebugResources (Thread[#55,included builds,5,main]) started.
[  +99 ms] > Task :app:generateDebugResources UP-TO-DATE
[        ] Caching disabled for task ':app:generateDebugResources' because:
[        ]   Build cache is disabled
[        ] Skipping task ':app:generateDebugResources' as it is up-to-date.
[        ] Resolve mutations for :app:packageDebugResources (Thread[#55,included builds,5,main]) started.
[        ] :app:packageDebugResources (Thread[#55,included builds,5,main]) started.
[        ] > Task :app:packageDebugResources UP-TO-DATE
[        ] Caching disabled for task ':app:packageDebugResources' because:
[        ]   Build cache is disabled
[        ] Skipping task ':app:packageDebugResources' as it is up-to-date.
[        ] Resolve mutations for :flutter_local_notifications:processDebugNavigationResources (Thread[#55,included builds,5,main]) started.
[        ] :flutter_local_notifications:processDebugNavigationResources (Thread[#55,included builds,5,main]) started.
[        ] > Task :flutter_local_notifications:processDebugNavigationResources UP-TO-DATE
[        ] Caching disabled for task ':flutter_local_notifications:processDebugNavigationResources' because:
[        ]   Build cache is disabled
[        ] Skipping task ':flutter_local_notifications:processDebugNavigationResources' as it is up-to-date.
[        ] work action resolve debug (project :flutter_local_notifications) (Thread[#55,included builds,5,main]) started.
[        ] Resolve mutations for :flutter_plugin_android_lifecycle:processDebugNavigationResources (Thread[#55,included builds,5,main]) started.
[        ] :flutter_plugin_android_lifecycle:processDebugNavigationResources (Thread[#55,included builds,5,main]) started.
[        ] > Task :flutter_plugin_android_lifecycle:processDebugNavigationResources UP-TO-DATE
[        ] Caching disabled for task ':flutter_plugin_android_lifecycle:processDebugNavigationResources' because:
[        ]   Build cache is disabled
[        ] Skipping task ':flutter_plugin_android_lifecycle:processDebugNavigationResources' as it is up-to-date.
[        ] work action resolve debug (project :flutter_plugin_android_lifecycle) (Thread[#55,included builds,5,main]) started.
[        ] Resolve mutations for :flutter_secure_storage:processDebugNavigationResources (Thread[#55,included builds,5,main]) started.
[        ] :flutter_secure_storage:processDebugNavigationResources (Thread[#55,included builds,5,main]) started.
[        ] > Task :flutter_secure_storage:processDebugNavigationResources UP-TO-DATE
[        ] Caching disabled for task ':flutter_secure_storage:processDebugNavigationResources' because:
[        ]   Build cache is disabled
[        ] Skipping task ':flutter_secure_storage:processDebugNavigationResources' as it is up-to-date.
[        ] work action resolve debug (project :flutter_secure_storage) (Thread[#55,included builds,5,main]) started.
[        ] Resolve mutations for :image_picker_android:processDebugNavigationResources (Thread[#55,included builds,5,main]) started.
[        ] :image_picker_android:processDebugNavigationResources (Thread[#55,included builds,5,main]) started.
[        ] > Task :image_picker_android:processDebugNavigationResources
[        ] Caching disabled for task ':image_picker_android:processDebugNavigationResources' because:
[        ]   Build cache is disabled
[        ] Task ':image_picker_android:processDebugNavigationResources' is not up-to-date because:
[        ]   No history is available.
[        ] work action resolve debug (project :image_picker_android) (Thread[#55,included builds,5,main]) started.
[        ] Resolve mutations for :jni:processDebugNavigationResources (Thread[#55,included builds,5,main]) started.
[        ] :jni:processDebugNavigationResources (Thread[#55,included builds,5,main]) started.
[        ] > Task :jni:processDebugNavigationResources UP-TO-DATE
[        ] Caching disabled for task ':jni:processDebugNavigationResources' because:
[        ]   Build cache is disabled
[        ] Skipping task ':jni:processDebugNavigationResources' as it is up-to-date.
[        ] work action resolve debug (project :jni) (Thread[#55,included builds,5,main]) started.
[        ] Resolve mutations for :jni_flutter:processDebugNavigationResources (Thread[#55,included builds,5,main]) started.
[        ] :jni_flutter:processDebugNavigationResources (Thread[#55,included builds,5,main]) started.
[        ] > Task :jni_flutter:processDebugNavigationResources UP-TO-DATE
[        ] Caching disabled for task ':jni_flutter:processDebugNavigationResources' because:
[        ]   Build cache is disabled
[        ] Skipping task ':jni_flutter:processDebugNavigationResources' as it is up-to-date.
[        ] work action resolve debug (project :jni_flutter) (Thread[#55,included builds,5,main]) started.
[        ] Resolve mutations for :local_auth_android:processDebugNavigationResources (Thread[#55,included builds,5,main]) started.
[        ] :local_auth_android:processDebugNavigationResources (Thread[#55,included builds,5,main]) started.
[        ] > Task :local_auth_android:processDebugNavigationResources UP-TO-DATE
[        ] Caching disabled for task ':local_auth_android:processDebugNavigationResources' because:
[        ]   Build cache is disabled
[        ] Skipping task ':local_auth_android:processDebugNavigationResources' as it is up-to-date.
[        ] work action resolve debug (project :local_auth_android) (Thread[#55,included builds,5,main]) started.
[        ] Resolve mutations for :printing:processDebugNavigationResources (Thread[#55,included builds,5,main]) started.
[        ] :printing:processDebugNavigationResources (Thread[#55,included builds,5,main]) started.
[        ] > Task :printing:processDebugNavigationResources UP-TO-DATE
[        ] Caching disabled for task ':printing:processDebugNavigationResources' because:
[        ]   Build cache is disabled
[        ] Skipping task ':printing:processDebugNavigationResources' as it is up-to-date.
[        ] work action resolve debug (project :printing) (Thread[#55,included builds,5,main]) started.
[        ] Resolve mutations for :share_plus:processDebugNavigationResources (Thread[#55,included builds,5,main]) started.
[        ] :share_plus:processDebugNavigationResources (Thread[#55,included builds,5,main]) started.
[        ] > Task :share_plus:processDebugNavigationResources UP-TO-DATE
[        ] Caching disabled for task ':share_plus:processDebugNavigationResources' because:
[        ]   Build cache is disabled
[        ] Skipping task ':share_plus:processDebugNavigationResources' as it is up-to-date.
[        ] work action resolve debug (project :share_plus) (Thread[#55,included builds,5,main]) started.
[        ] Resolve mutations for :shared_preferences_android:processDebugNavigationResources (Thread[#55,included builds,5,main]) started.
[        ] :shared_preferences_android:processDebugNavigationResources (Thread[#55,included builds,5,main]) started.
[        ] > Task :shared_preferences_android:processDebugNavigationResources UP-TO-DATE
[        ] Caching disabled for task ':shared_preferences_android:processDebugNavigationResources' because:
[        ]   Build cache is disabled
[        ] Skipping task ':shared_preferences_android:processDebugNavigationResources' as it is up-to-date.
[        ] work action resolve debug (project :shared_preferences_android) (Thread[#55,included builds,5,main]) started.
[        ] Resolve mutations for :speech_to_text:processDebugNavigationResources (Thread[#55,included builds,5,main]) started.
[        ] :speech_to_text:processDebugNavigationResources (Thread[#55,included builds,5,main]) started.
[        ] > Task :speech_to_text:processDebugNavigationResources UP-TO-DATE
[        ] Caching disabled for task ':speech_to_text:processDebugNavigationResources' because:
[        ]   Build cache is disabled
[        ] Skipping task ':speech_to_text:processDebugNavigationResources' as it is up-to-date.
[        ] work action resolve debug (project :speech_to_text) (Thread[#55,included builds,5,main]) started.
[        ] Resolve mutations for :whisper_cpp_flutter_plus:processDebugNavigationResources (Thread[#55,included builds,5,main]) started.
[        ] :whisper_cpp_flutter_plus:processDebugNavigationResources (Thread[#55,included builds,5,main]) started.
[        ] > Task :whisper_cpp_flutter_plus:processDebugNavigationResources UP-TO-DATE
[        ] Caching disabled for task ':whisper_cpp_flutter_plus:processDebugNavigationResources' because:
[        ]   Build cache is disabled
[        ] Skipping task ':whisper_cpp_flutter_plus:processDebugNavigationResources' as it is up-to-date.
[        ] work action resolve debug (project :whisper_cpp_flutter_plus) (Thread[#55,included builds,5,main]) started.
[        ] Resolve mutations for :app:processDebugNavigationResources (Thread[#55,included builds,5,main]) started.
[        ] :app:processDebugNavigationResources (Thread[#55,included builds,5,main]) started.
[  +97 ms] > Task :app:processDebugNavigationResources UP-TO-DATE
[        ] Caching disabled for ExtractNavigationXmlTransform: /home/ubuntu/.gradle/caches/9.3.1/transforms/39181d7ce1fc170d8b944eed27d52074/transformed/activity-ktx-1.12.4 because:
[        ]   Build cache is disabled
[        ]   Caching not enabled.
[        ] Caching disabled for ExtractNavigationXmlTransform: /home/ubuntu/.gradle/caches/9.3.1/transforms/54153e64d0eee9e14adfe22df61734e4/transformed/activity-1.12.4 because:
[        ]   Build cache is disabled
[        ]   Caching not enabled.
[        ] Caching disabled for ExtractNavigationXmlTransform: /home/ubuntu/.gradle/caches/9.3.1/transforms/c95fa921fffd17270ecab5e2092c9ba9/transformed/navigationevent because:
[        ]   Build cache is disabled
[        ]   Caching not enabled.
[        ] Caching disabled for ExtractNavigationXmlTransform: /home/ubuntu/.gradle/caches/9.3.1/transforms/8c9977e1d2b6d4eac35b732a0a74293c/transformed/exifinterface-1.4.2 because:
[        ]   Build cache is disabled
[        ]   Caching not enabled.
[        ] Caching disabled for ExtractNavigationXmlTransform: /home/ubuntu/.gradle/caches/9.3.1/transforms/c0964caf9c24094a321210620cc78cb1/transformed/runtime-annotation because:
[        ]   Build cache is disabled
[        ]   Caching not enabled.
[        ] Caching disabled for task ':app:processDebugNavigationResources' because:
[        ]   Build cache is disabled
[        ] Skipping task ':app:processDebugNavigationResources' as it is up-to-date.
[        ] Resolve mutations for :app:parseDebugLocalResources (Thread[#55,included builds,5,main]) started.
[        ] :app:parseDebugLocalResources (Thread[#55,included builds,5,main]) started.
[        ] > Task :app:parseDebugLocalResources UP-TO-DATE
[        ] Caching disabled for task ':app:parseDebugLocalResources' because:
[        ]   Build cache is disabled
[        ] Skipping task ':app:parseDebugLocalResources' as it is up-to-date.
[        ] Resolve mutations for :app:generateDebugRFile (Thread[#55,included builds,5,main]) started.
[        ] :app:generateDebugRFile (Thread[#55,included builds,5,main]) started.
[        ] > Task :app:generateDebugRFile UP-TO-DATE
[        ] Caching disabled for task ':app:generateDebugRFile' because:
[        ]   Build cache is disabled
[        ] Skipping task ':app:generateDebugRFile' as it is up-to-date.
[        ] Resolve mutations for :flutter_local_notifications:checkKotlinGradlePluginConfigurationErrors (Thread[#55,included builds,5,main]) started.
[        ] :flutter_local_notifications:checkKotlinGradlePluginConfigurationErrors (Thread[#55,included builds,5,main]) started.
[        ] > Task :flutter_local_notifications:checkKotlinGradlePluginConfigurationErrors SKIPPED
[        ] Skipping task ':flutter_local_notifications:checkKotlinGradlePluginConfigurationErrors' as task onlyIf 'errorDiagnostics are present' is false.
[        ] Resolve mutations for :flutter_local_notifications:generateDebugResources (Thread[#55,included builds,5,main]) started.
[        ] :flutter_local_notifications:generateDebugResources (Thread[#55,included builds,5,main]) started.
[        ] > Task :flutter_local_notifications:generateDebugResources UP-TO-DATE
[        ] Caching disabled for task ':flutter_local_notifications:generateDebugResources' because:
[        ]   Build cache is disabled
[        ] Skipping task ':flutter_local_notifications:generateDebugResources' as it is up-to-date.
[        ] Resolve mutations for :flutter_local_notifications:packageDebugResources (Thread[#55,included builds,5,main]) started.
[        ] :flutter_local_notifications:packageDebugResources (Thread[#55,included builds,5,main]) started.
[  +98 ms] > Task :flutter_local_notifications:packageDebugResources UP-TO-DATE
[        ] Caching disabled for task ':flutter_local_notifications:packageDebugResources' because:
[        ]   Build cache is disabled
[        ] Skipping task ':flutter_local_notifications:packageDebugResources' as it is up-to-date.
[        ] work action resolve packageDebugResources (project :flutter_local_notifications) (Thread[#55,included builds,5,main]) started.
[        ] Resolve mutations for :flutter_local_notifications:parseDebugLocalResources (Thread[#55,included builds,5,main]) started.
[        ] :flutter_local_notifications:parseDebugLocalResources (Thread[#55,included builds,5,main]) started.
[        ] > Task :flutter_local_notifications:parseDebugLocalResources UP-TO-DATE
[        ] Caching disabled for task ':flutter_local_notifications:parseDebugLocalResources' because:
[        ]   Build cache is disabled
[        ] Skipping task ':flutter_local_notifications:parseDebugLocalResources' as it is up-to-date.
[        ] Resolve mutations for :flutter_local_notifications:generateDebugRFile (Thread[#55,included builds,5,main]) started.
[        ] :flutter_local_notifications:generateDebugRFile (Thread[#55,included builds,5,main]) started.
[        ] > Task :flutter_local_notifications:generateDebugRFile UP-TO-DATE
[        ] Caching disabled for task ':flutter_local_notifications:generateDebugRFile' because:
[        ]   Build cache is disabled
[        ] Skipping task ':flutter_local_notifications:generateDebugRFile' as it is up-to-date.
[        ] work action resolve package-aware-r.txt (project :flutter_local_notifications) (Thread[#55,included builds,5,main]) started.
[        ] Resolve mutations for :flutter_local_notifications:compileDebugKotlin (Thread[#55,included builds,5,main]) started.
[        ] :flutter_local_notifications:compileDebugKotlin (Thread[#55,included builds,5,main]) started.
[        ] > Task :flutter_local_notifications:compileDebugKotlin NO-SOURCE
[        ] Skipping task ':flutter_local_notifications:compileDebugKotlin' as it has no source files and no previous output files.
[        ] Resolve mutations for :flutter_local_notifications:javaPreCompileDebug (Thread[#55,included builds,5,main]) started.
[        ] :flutter_local_notifications:javaPreCompileDebug (Thread[#55,included builds,5,main]) started.
[        ] > Task :flutter_local_notifications:javaPreCompileDebug UP-TO-DATE
[        ] Caching disabled for task ':flutter_local_notifications:javaPreCompileDebug' because:
[        ]   Build cache is disabled
[        ] Skipping task ':flutter_local_notifications:javaPreCompileDebug' as it is up-to-date.
[        ] Resolve mutations for :flutter_local_notifications:compileDebugJavaWithJavac (Thread[#55,included builds,5,main]) started.
[        ] :flutter_local_notifications:compileDebugJavaWithJavac (Thread[#55,included builds,5,main]) started.
[  +99 ms] > Task :flutter_local_notifications:compileDebugJavaWithJavac UP-TO-DATE
[        ] Custom actions are attached to task ':flutter_local_notifications:compileDebugJavaWithJavac'.
[        ] Caching disabled for task ':flutter_local_notifications:compileDebugJavaWithJavac' because:
[        ]   Build cache is disabled
[        ] Skipping task ':flutter_local_notifications:compileDebugJavaWithJavac' as it is up-to-date.
[        ] No compile result for :flutter_local_notifications:compileDebugJavaWithJavac
[        ] No compile result for :flutter_local_notifications:compileDebugJavaWithJavac
[        ] No compile result for :flutter_local_notifications:compileDebugJavaWithJavac
[        ] Resolve mutations for :flutter_local_notifications:bundleLibCompileToJarDebug (Thread[#55,included builds,5,main]) started.
[        ] :flutter_local_notifications:bundleLibCompileToJarDebug (Thread[#55,included builds,5,main]) started.
[        ] > Task :flutter_local_notifications:bundleLibCompileToJarDebug UP-TO-DATE
[        ] Caching disabled for task ':flutter_local_notifications:bundleLibCompileToJarDebug' because:
[        ]   Build cache is disabled
[        ]   Simple merging task
[        ] Skipping task ':flutter_local_notifications:bundleLibCompileToJarDebug' as it is up-to-date.
[        ] work action resolve classes.jar (project :flutter_local_notifications) (Thread[#55,included builds,5,main]) started.
[        ] Resolve mutations for :flutter_plugin_android_lifecycle:checkKotlinGradlePluginConfigurationErrors (Thread[#55,included builds,5,main]) started.
[        ] :flutter_plugin_android_lifecycle:checkKotlinGradlePluginConfigurationErrors (Thread[#55,included builds,5,main]) started.
[        ] > Task :flutter_plugin_android_lifecycle:checkKotlinGradlePluginConfigurationErrors SKIPPED
[        ] Skipping task ':flutter_plugin_android_lifecycle:checkKotlinGradlePluginConfigurationErrors' as task onlyIf 'errorDiagnostics are present' is false.
[        ] Resolve mutations for :flutter_plugin_android_lifecycle:generateDebugResources (Thread[#55,included builds,5,main]) started.
[        ] :flutter_plugin_android_lifecycle:generateDebugResources (Thread[#55,included builds,5,main]) started.
[        ] > Task :flutter_plugin_android_lifecycle:generateDebugResources UP-TO-DATE
[        ] Caching disabled for task ':flutter_plugin_android_lifecycle:generateDebugResources' because:
[        ]   Build cache is disabled
[        ] Skipping task ':flutter_plugin_android_lifecycle:generateDebugResources' as it is up-to-date.
[        ] Resolve mutations for :flutter_plugin_android_lifecycle:packageDebugResources (Thread[#55,included builds,5,main]) started.
[        ] :flutter_plugin_android_lifecycle:packageDebugResources (Thread[#55,included builds,5,main]) started.
[        ] > Task :flutter_plugin_android_lifecycle:packageDebugResources UP-TO-DATE
[        ] Caching disabled for task ':flutter_plugin_android_lifecycle:packageDebugResources' because:
[        ]   Build cache is disabled
[        ] Skipping task ':flutter_plugin_android_lifecycle:packageDebugResources' as it is up-to-date.
[        ] work action resolve packageDebugResources (project :flutter_plugin_android_lifecycle) (Thread[#55,included builds,5,main]) started.
[        ] Resolve mutations for :flutter_plugin_android_lifecycle:parseDebugLocalResources (Thread[#55,included builds,5,main]) started.
[        ] :flutter_plugin_android_lifecycle:parseDebugLocalResources (Thread[#55,included builds,5,main]) started.
[        ] > Task :flutter_plugin_android_lifecycle:parseDebugLocalResources UP-TO-DATE
[        ] Caching disabled for task ':flutter_plugin_android_lifecycle:parseDebugLocalResources' because:
[        ]   Build cache is disabled
[        ] Skipping task ':flutter_plugin_android_lifecycle:parseDebugLocalResources' as it is up-to-date.
[        ] Resolve mutations for :flutter_plugin_android_lifecycle:generateDebugRFile (Thread[#55,included builds,5,main]) started.
[        ] :flutter_plugin_android_lifecycle:generateDebugRFile (Thread[#55,included builds,5,main]) started.
[        ] > Task :flutter_plugin_android_lifecycle:generateDebugRFile UP-TO-DATE
[        ] Caching disabled for task ':flutter_plugin_android_lifecycle:generateDebugRFile' because:
[        ]   Build cache is disabled
[        ] Skipping task ':flutter_plugin_android_lifecycle:generateDebugRFile' as it is up-to-date.
[        ] work action resolve package-aware-r.txt (project :flutter_plugin_android_lifecycle) (Thread[#55,included builds,5,main]) started.
[        ] Resolve mutations for :flutter_plugin_android_lifecycle:compileDebugKotlin (Thread[#55,included builds,5,main]) started.
[        ] :flutter_plugin_android_lifecycle:compileDebugKotlin (Thread[#55,included builds,5,main]) started.
[        ] > Task :flutter_plugin_android_lifecycle:compileDebugKotlin NO-SOURCE
[        ] Skipping task ':flutter_plugin_android_lifecycle:compileDebugKotlin' as it has no source files and no previous output files.
[        ] Resolve mutations for :flutter_plugin_android_lifecycle:javaPreCompileDebug (Thread[#55,included builds,5,main]) started.
[        ] :flutter_plugin_android_lifecycle:javaPreCompileDebug (Thread[#55,included builds,5,main]) started.
[        ] > Task :flutter_plugin_android_lifecycle:javaPreCompileDebug UP-TO-DATE
[        ] Caching disabled for task ':flutter_plugin_android_lifecycle:javaPreCompileDebug' because:
[        ]   Build cache is disabled
[        ] Skipping task ':flutter_plugin_android_lifecycle:javaPreCompileDebug' as it is up-to-date.
[        ] Resolve mutations for :flutter_plugin_android_lifecycle:compileDebugJavaWithJavac (Thread[#55,included builds,5,main]) started.
[        ] :flutter_plugin_android_lifecycle:compileDebugJavaWithJavac (Thread[#55,included builds,5,main]) started.
[        ] > Task :flutter_plugin_android_lifecycle:compileDebugJavaWithJavac UP-TO-DATE
[        ] Custom actions are attached to task ':flutter_plugin_android_lifecycle:compileDebugJavaWithJavac'.
[        ] Caching disabled for task ':flutter_plugin_android_lifecycle:compileDebugJavaWithJavac' because:
[        ]   Build cache is disabled
[        ] Skipping task ':flutter_plugin_android_lifecycle:compileDebugJavaWithJavac' as it is up-to-date.
[        ] No compile result for :flutter_plugin_android_lifecycle:compileDebugJavaWithJavac
[        ] No compile result for :flutter_plugin_android_lifecycle:compileDebugJavaWithJavac
[        ] No compile result for :flutter_plugin_android_lifecycle:compileDebugJavaWithJavac
[        ] Resolve mutations for :flutter_plugin_android_lifecycle:bundleLibCompileToJarDebug (Thread[#55,included builds,5,main]) started.
[        ] :flutter_plugin_android_lifecycle:bundleLibCompileToJarDebug (Thread[#55,included builds,5,main]) started.
[        ] > Task :flutter_plugin_android_lifecycle:bundleLibCompileToJarDebug UP-TO-DATE
[        ] Caching disabled for task ':flutter_plugin_android_lifecycle:bundleLibCompileToJarDebug' because:
[        ]   Build cache is disabled
[        ]   Simple merging task
[        ] Skipping task ':flutter_plugin_android_lifecycle:bundleLibCompileToJarDebug' as it is up-to-date.
[        ] work action resolve classes.jar (project :flutter_plugin_android_lifecycle) (Thread[#55,included builds,5,main]) started.
[        ] Resolve mutations for :flutter_secure_storage:checkKotlinGradlePluginConfigurationErrors (Thread[#55,included builds,5,main]) started.
[        ] :flutter_secure_storage:checkKotlinGradlePluginConfigurationErrors (Thread[#55,included builds,5,main]) started.
[        ] > Task :flutter_secure_storage:checkKotlinGradlePluginConfigurationErrors SKIPPED
[        ] Skipping task ':flutter_secure_storage:checkKotlinGradlePluginConfigurationErrors' as task onlyIf 'errorDiagnostics are present' is false.
[        ] Resolve mutations for :flutter_secure_storage:generateDebugBuildConfig (Thread[#55,included builds,5,main]) started.
[        ] :flutter_secure_storage:generateDebugBuildConfig (Thread[#55,included builds,5,main]) started.
[        ] > Task :flutter_secure_storage:generateDebugBuildConfig UP-TO-DATE
[        ] Caching disabled for task ':flutter_secure_storage:generateDebugBuildConfig' because:
[        ]   Build cache is disabled
[        ] Skipping task ':flutter_secure_storage:generateDebugBuildConfig' as it is up-to-date.
[        ] Resolve mutations for :flutter_secure_storage:generateDebugResources (Thread[#55,included builds,5,main]) started.
[        ] :flutter_secure_storage:generateDebugResources (Thread[#55,included builds,5,main]) started.
[        ] > Task :flutter_secure_storage:generateDebugResources UP-TO-DATE
[        ] Caching disabled for task ':flutter_secure_storage:generateDebugResources' because:
[        ]   Build cache is disabled
[        ] Skipping task ':flutter_secure_storage:generateDebugResources' as it is up-to-date.
[        ] Resolve mutations for :flutter_secure_storage:packageDebugResources (Thread[#55,included builds,5,main]) started.
[        ] :flutter_secure_storage:packageDebugResources (Thread[#55,included builds,5,main]) started.
[        ] > Task :flutter_secure_storage:packageDebugResources UP-TO-DATE
[        ] Caching disabled for task ':flutter_secure_storage:packageDebugResources' because:
[        ]   Build cache is disabled
[        ] Skipping task ':flutter_secure_storage:packageDebugResources' as it is up-to-date.
[        ] work action resolve packageDebugResources (project :flutter_secure_storage) (Thread[#55,included builds,5,main]) started.
[        ] Resolve mutations for :flutter_secure_storage:parseDebugLocalResources (Thread[#55,included builds,5,main]) started.
[        ] :flutter_secure_storage:parseDebugLocalResources (Thread[#55,included builds,5,main]) started.
[        ] > Task :flutter_secure_storage:parseDebugLocalResources UP-TO-DATE
[        ] Caching disabled for task ':flutter_secure_storage:parseDebugLocalResources' because:
[        ]   Build cache is disabled
[        ] Skipping task ':flutter_secure_storage:parseDebugLocalResources' as it is up-to-date.
[        ] Resolve mutations for :flutter_secure_storage:generateDebugRFile (Thread[#55,included builds,5,main]) started.
[        ] :flutter_secure_storage:generateDebugRFile (Thread[#55,included builds,5,main]) started.
[        ] > Task :flutter_secure_storage:generateDebugRFile UP-TO-DATE
[        ] Caching disabled for task ':flutter_secure_storage:generateDebugRFile' because:
[        ]   Build cache is disabled
[        ] Skipping task ':flutter_secure_storage:generateDebugRFile' as it is up-to-date.
[        ] work action resolve package-aware-r.txt (project :flutter_secure_storage) (Thread[#55,included builds,5,main]) started.
[        ] Resolve mutations for :flutter_secure_storage:compileDebugKotlin (Thread[#55,included builds,5,main]) started.
[        ] :flutter_secure_storage:compileDebugKotlin (Thread[#55,included builds,5,main]) started.
[        ] > Task :flutter_secure_storage:compileDebugKotlin NO-SOURCE
[        ] Skipping task ':flutter_secure_storage:compileDebugKotlin' as it has no source files and no previous output files.
[        ] Resolve mutations for :flutter_secure_storage:javaPreCompileDebug (Thread[#55,included builds,5,main]) started.
[        ] :flutter_secure_storage:javaPreCompileDebug (Thread[#55,included builds,5,main]) started.
[        ] > Task :flutter_secure_storage:javaPreCompileDebug UP-TO-DATE
[        ] Caching disabled for task ':flutter_secure_storage:javaPreCompileDebug' because:
[        ]   Build cache is disabled
[        ] Skipping task ':flutter_secure_storage:javaPreCompileDebug' as it is up-to-date.
[        ] Resolve mutations for :flutter_secure_storage:compileDebugJavaWithJavac (Thread[#55,included builds,5,main]) started.
[        ] :flutter_secure_storage:compileDebugJavaWithJavac (Thread[#55,included builds,5,main]) started.
[        ] > Task :flutter_secure_storage:compileDebugJavaWithJavac UP-TO-DATE
[        ] Custom actions are attached to task ':flutter_secure_storage:compileDebugJavaWithJavac'.
[        ] Caching disabled for task ':flutter_secure_storage:compileDebugJavaWithJavac' because:
[        ]   Build cache is disabled
[        ] Skipping task ':flutter_secure_storage:compileDebugJavaWithJavac' as it is up-to-date.
[        ] No compile result for :flutter_secure_storage:compileDebugJavaWithJavac
[        ] No compile result for :flutter_secure_storage:compileDebugJavaWithJavac
[        ] No compile result for :flutter_secure_storage:compileDebugJavaWithJavac
[        ] Resolve mutations for :flutter_secure_storage:bundleLibCompileToJarDebug (Thread[#55,included builds,5,main]) started.
[        ] :flutter_secure_storage:bundleLibCompileToJarDebug (Thread[#55,included builds,5,main]) started.
[        ] > Task :flutter_secure_storage:bundleLibCompileToJarDebug UP-TO-DATE
[        ] Caching disabled for task ':flutter_secure_storage:bundleLibCompileToJarDebug' because:
[        ]   Build cache is disabled
[        ]   Simple merging task
[        ] Skipping task ':flutter_secure_storage:bundleLibCompileToJarDebug' as it is up-to-date.
[        ] work action resolve classes.jar (project :flutter_secure_storage) (Thread[#55,included builds,5,main]) started.
[        ] Resolve mutations for :image_picker_android:checkKotlinGradlePluginConfigurationErrors (Thread[#55,included builds,5,main]) started.
[        ] :image_picker_android:checkKotlinGradlePluginConfigurationErrors (Thread[#55,included builds,5,main]) started.
[        ] > Task :image_picker_android:checkKotlinGradlePluginConfigurationErrors SKIPPED
[        ] Skipping task ':image_picker_android:checkKotlinGradlePluginConfigurationErrors' as task onlyIf 'errorDiagnostics are present' is false.
[        ] Resolve mutations for :image_picker_android:generateDebugResources (Thread[#55,included builds,5,main]) started.
[        ] :image_picker_android:generateDebugResources (Thread[#55,included builds,5,main]) started.
[  +96 ms] > Task :image_picker_android:generateDebugResources
[        ] Caching disabled for task ':image_picker_android:generateDebugResources' because:
[        ]   Build cache is disabled
[        ] Task ':image_picker_android:generateDebugResources' is not up-to-date because:
[        ]   No history is available.
[        ] Resolve mutations for :image_picker_android:packageDebugResources (Thread[#55,included builds,5,main]) started.
[        ] :image_picker_android:packageDebugResources (Thread[#55,included builds,5,main]) started.
[        ] > Task :image_picker_android:packageDebugResources
[        ] Caching disabled for task ':image_picker_android:packageDebugResources' because:
[        ]   Build cache is disabled
[        ] Task ':image_picker_android:packageDebugResources' is not up-to-date because:
[        ]   No history is available.
[        ] The input changes require a full rebuild for incremental task ':image_picker_android:packageDebugResources'.
[        ] [MergeResources] Inputs are non-incremental full task action.
[        ] work action resolve packageDebugResources (project :image_picker_android) (Thread[#55,included builds,5,main]) started.
[        ] Resolve mutations for :image_picker_android:parseDebugLocalResources (Thread[#55,included builds,5,main]) started.
[        ] :image_picker_android:parseDebugLocalResources (Thread[#55,included builds,5,main]) started.
[  +99 ms] > Task :image_picker_android:parseDebugLocalResources
[        ] Caching disabled for task ':image_picker_android:parseDebugLocalResources' because:
[        ]   Build cache is disabled
[        ] Task ':image_picker_android:parseDebugLocalResources' is not up-to-date because:
[        ]   No history is available.
[        ] The input changes require a full rebuild for incremental task ':image_picker_android:parseDebugLocalResources'.
[        ] Resolve mutations for :image_picker_android:generateDebugRFile (Thread[#55,included builds,5,main]) started.
[        ] :image_picker_android:generateDebugRFile (Thread[#55,included builds,5,main]) started.
[        ] > Task :image_picker_android:generateDebugRFile
[        ] Caching disabled for task ':image_picker_android:generateDebugRFile' because:
[        ]   Build cache is disabled
[        ] Task ':image_picker_android:generateDebugRFile' is not up-to-date because:
[        ]   No history is available.
[        ] The input changes require a full rebuild for incremental task ':image_picker_android:generateDebugRFile'.
[        ] work action resolve package-aware-r.txt (project :image_picker_android) (Thread[#55,included builds,5,main]) started.
[        ] Resolve mutations for :image_picker_android:compileDebugKotlin (Thread[#55,included builds,5,main]) started.
[        ] :image_picker_android:compileDebugKotlin (Thread[#55,included builds,5,main]) started.
[+1999 ms] > Task :image_picker_android:compileDebugKotlin
[        ] Caching disabled for AarToClassTransform: /home/ubuntu/.gradle/caches/modules-2/files-2.1/androidx.navigationevent/navigationevent-android/1.0.2/c066b305bbc2ba9c5b2a86ee2e14d9093527572c/navigationevent.aar because:
[        ]   Build cache is disabled
[        ]   Caching not enabled.
[        ] Caching disabled for AarToClassTransform: /home/ubuntu/.gradle/caches/modules-2/files-2.1/androidx.compose.runtime/runtime-annotation-android/1.9.0/5e40e47a89961866acb3847692ac479f885d70de/runtime-annotation.aar because:
[        ]   Build cache is disabled
[        ]   Caching not enabled.
[        ] Caching disabled for AarToClassTransform: /home/ubuntu/.gradle/caches/modules-2/files-2.1/androidx.exifinterface/exifinterface/1.4.2/21394465747d1a9f68297058907db6984e610772/exifinterface-1.4.2.aar because:
[        ]   Build cache is disabled
[        ]   Caching not enabled.
[        ] Caching disabled for AarToClassTransform: /home/ubuntu/.gradle/caches/modules-2/files-2.1/androidx.activity/activity/1.12.4/c2ed82b5838b893947bb7714ddc5b9cb98219a/activity-1.12.4.aar because:
[        ]   Build cache is disabled
[        ]   Caching not enabled.
[        ] Adding -Xuse-inline-scopes-numbers Kotlin compiler flag for task :image_picker_android:compileDebugAndroidTestKotlin
[        ] Caching disabled for ClasspathEntrySnapshotTransform: /home/ubuntu/.gradle/caches/9.3.1/transforms/66cadebd27fb9700d810ca1db5f889b5/transformed/activity-1.12.4-api.jar because:
[        ]   Build cache is disabled
[        ] Caching disabled for ClasspathEntrySnapshotTransform: /home/ubuntu/.gradle/caches/9.3.1/transforms/efe7f1d5bb061c0b1710829cd8ba53a5/transformed/navigationevent-api.jar because:
[        ]   Build cache is disabled
[        ] Caching disabled for ClasspathEntrySnapshotTransform: /home/ubuntu/.gradle/caches/9.3.1/transforms/d4c291394c798f037d74e4159aa8f17e/transformed/runtime-annotation-api.jar because:
[        ]   Build cache is disabled
[        ] Caching disabled for ClasspathEntrySnapshotTransform: /home/ubuntu/.gradle/caches/9.3.1/transforms/c5b0e5d9615c9b7018b6475c8377ab24/transformed/exifinterface-1.4.2-api.jar because:
[        ]   Build cache is disabled
[        ] Caching disabled for ClasspathEntrySnapshotTransform: /home/ubuntu/FFM-source-2d123ad-v67/build/image_picker_android/intermediates/compile_r_class_jar/debug/generateDebugRFile/R.jar because:
[        ]   Build cache is disabled
[        ] Caching disabled for task ':image_picker_android:compileDebugKotlin' because:
[        ]   Build cache is disabled
[        ] Task ':image_picker_android:compileDebugKotlin' is not up-to-date because:
[        ]   No history is available.
[        ] The input changes require a full rebuild for incremental task ':image_picker_android:compileDebugKotlin'.
[        ] file or directory '/home/ubuntu/.pub-cache/hosted/pub.dev/image_picker_android-0.8.13+19/android/src/debug/kotlin', not found
[        ] file or directory '/home/ubuntu/.pub-cache/hosted/pub.dev/image_picker_android-0.8.13+19/android/src/debug/java', not found
[        ] file or directory '/home/ubuntu/.pub-cache/hosted/pub.dev/image_picker_android-0.8.13+19/android/src/debug/kotlin', not found
[        ] file or directory '/home/ubuntu/.pub-cache/hosted/pub.dev/image_picker_android-0.8.13+19/android/src/debug/java', not found
[        ] file or directory '/home/ubuntu/.pub-cache/hosted/pub.dev/image_picker_android-0.8.13+19/android/src/debug/kotlin', not found
[        ] file or directory '/home/ubuntu/.pub-cache/hosted/pub.dev/image_picker_android-0.8.13+19/android/src/debug/java', not found
[        ] file or directory '/home/ubuntu/.pub-cache/hosted/pub.dev/image_picker_android-0.8.13+19/android/src/debug/java', not found
[        ] file or directory '/home/ubuntu/.pub-cache/hosted/pub.dev/image_picker_android-0.8.13+19/android/src/debug/kotlin', not found
[        ] file or directory '/home/ubuntu/.pub-cache/hosted/pub.dev/image_picker_android-0.8.13+19/android/src/debug/kotlin', not found
[        ] file or directory '/home/ubuntu/.pub-cache/hosted/pub.dev/image_picker_android-0.8.13+19/android/src/debug/java', not found
[        ] file or directory '/home/ubuntu/.pub-cache/hosted/pub.dev/image_picker_android-0.8.13+19/android/src/debug/kotlin', not found
[        ] file or directory '/home/ubuntu/.pub-cache/hosted/pub.dev/image_picker_android-0.8.13+19/android/src/debug/java', not found
[        ] file or directory '/home/ubuntu/.pub-cache/hosted/pub.dev/image_picker_android-0.8.13+19/android/src/debug/kotlin', not found
[        ] file or directory '/home/ubuntu/.pub-cache/hosted/pub.dev/image_picker_android-0.8.13+19/android/src/debug/java', not found
[        ] file or directory '/home/ubuntu/.pub-cache/hosted/pub.dev/image_picker_android-0.8.13+19/android/src/debug/kotlin', not found
[        ] file or directory '/home/ubuntu/.pub-cache/hosted/pub.dev/image_picker_android-0.8.13+19/android/src/debug/java', not found
[        ] file or directory '/home/ubuntu/.pub-cache/hosted/pub.dev/image_picker_android-0.8.13+19/android/src/debug/kotlin', not found
[        ] file or directory '/home/ubuntu/.pub-cache/hosted/pub.dev/image_picker_android-0.8.13+19/android/src/debug/java', not found
[        ] file or directory '/home/ubuntu/.pub-cache/hosted/pub.dev/image_picker_android-0.8.13+19/android/src/debug/kotlin', not found
[        ] file or directory '/home/ubuntu/.pub-cache/hosted/pub.dev/image_picker_android-0.8.13+19/android/src/debug/java', not found
[        ] file or directory '/home/ubuntu/.pub-cache/hosted/pub.dev/image_picker_android-0.8.13+19/android/src/debug/java', not found
[        ] file or directory '/home/ubuntu/.pub-cache/hosted/pub.dev/image_picker_android-0.8.13+19/android/src/debug/kotlin', not found
[        ] file or directory '/home/ubuntu/.pub-cache/hosted/pub.dev/image_picker_android-0.8.13+19/android/src/debug/kotlin', not found
[        ] file or directory '/home/ubuntu/.pub-cache/hosted/pub.dev/image_picker_android-0.8.13+19/android/src/debug/java', not found
[        ] file or directory '/home/ubuntu/.pub-cache/hosted/pub.dev/image_picker_android-0.8.13+19/android/src/debug/kotlin', not found
[        ] file or directory '/home/ubuntu/.pub-cache/hosted/pub.dev/image_picker_android-0.8.13+19/android/src/debug/java', not found
[        ] file or directory '/home/ubuntu/.pub-cache/hosted/pub.dev/image_picker_android-0.8.13+19/android/src/debug/kotlin', not found
[        ] file or directory '/home/ubuntu/.pub-cache/hosted/pub.dev/image_picker_android-0.8.13+19/android/src/debug/java', not found
[        ] file or directory '/home/ubuntu/.pub-cache/hosted/pub.dev/image_picker_android-0.8.13+19/android/src/debug/java', not found
[        ] file or directory '/home/ubuntu/.pub-cache/hosted/pub.dev/image_picker_android-0.8.13+19/android/src/debug/kotlin', not found
[        ] file or directory '/home/ubuntu/.pub-cache/hosted/pub.dev/image_picker_android-0.8.13+19/android/src/debug/kotlin', not found
[        ] file or directory '/home/ubuntu/.pub-cache/hosted/pub.dev/image_picker_android-0.8.13+19/android/src/debug/java', not found
[        ] file or directory '/home/ubuntu/.pub-cache/hosted/pub.dev/image_picker_android-0.8.13+19/android/src/debug/kotlin', not found
[        ] file or directory '/home/ubuntu/.pub-cache/hosted/pub.dev/image_picker_android-0.8.13+19/android/src/debug/java', not found
[        ] file or directory '/home/ubuntu/.pub-cache/hosted/pub.dev/image_picker_android-0.8.13+19/android/src/debug/kotlin', not found
[        ] file or directory '/home/ubuntu/.pub-cache/hosted/pub.dev/image_picker_android-0.8.13+19/android/src/debug/java', not found
[        ] file or directory '/home/ubuntu/.pub-cache/hosted/pub.dev/image_picker_android-0.8.13+19/android/src/debug/java', not found
[        ] file or directory '/home/ubuntu/.pub-cache/hosted/pub.dev/image_picker_android-0.8.13+19/android/src/debug/kotlin', not found
[        ] Kotlin source files: /home/ubuntu/.pub-cache/hosted/pub.dev/image_picker_android-0.8.13+19/android/src/main/kotlin/io/flutter/plugins/imagepicker/Messages.kt, /home/ubuntu/.pub-cache/hosted/pub.dev/image_picker_android-0.8.13+19/android/src/main/kotlin/io/flutter/plugins/imagepicker/ResultUtils.kt
[        ] Java source files: /home/ubuntu/.pub-cache/hosted/pub.dev/image_picker_android-0.8.13+19/android/src/main/java/io/flutter/plugins/imagepicker/ExifDataCopier.java, /home/ubuntu/.pub-cache/hosted/pub.dev/image_picker_android-0.8.13+19/android/src/main/java/io/flutter/plugins/imagepicker/ImageResizer.java, /home/ubuntu/.pub-cache/hosted/pub.dev/image_picker_android-0.8.13+19/android/src/main/java/io/flutter/plugins/imagepicker/ImagePickerUtils.java, /home/ubuntu/.pub-cache/hosted/pub.dev/image_picker_android-0.8.13+19/android/src/main/java/io/flutter/plugins/imagepicker/FileUtils.java, /home/ubuntu/.pub-cache/hosted/pub.dev/image_picker_android-0.8.13+19/android/src/main/java/io/flutter/plugins/imagepicker/ImagePickerDelegate.java, /home/ubuntu/.pub-cache/hosted/pub.dev/image_picker_android-0.8.13+19/android/src/main/java/io/flutter/plugins/imagepicker/ImagePickerCache.java, /home/ubuntu/.pub-cache/hosted/pub.dev/image_picker_android-0.8.13+19/android/src/main/java/io/flutter/plugins/imagepicker/ImagePickerFileProvider.java, /home/ubuntu/.pub-cache/hosted/pub.dev/image_picker_android-0.8.13+19/android/src/main/java/io/flutter/plugins/imagepicker/ImagePickerPlugin.java
[        ] Script source files: 
[        ] Script file extensions: 
[        ] Using Kotlin/JVM incremental compilation
[        ] [KOTLIN] Kotlin compilation 'jdkHome' argument: null
[        ] i: starting the daemon as: /usr/lib/jvm/java-21-openjdk-amd64/bin/java -cp /home/ubuntu/.gradle/caches/modules-2/files-2.1/org.jetbrains.kotlin/kotlin-build-tools-compat/2.4.0/209372718c8759fbcb47402dc130d45f00c3f81/kotlin-build-tools-compat-2.4.0.jar:/home/ubuntu/.gradle/caches/modules-2/files-2.1/org.jetbrains.kotlin/kotlin-build-tools-impl/2.4.0/3dde5b4075cd7963afd0b0b2835627f40abc1149/kotlin-build-tools-impl-2.4.0.jar:/home/ubuntu/.gradle/caches/modules-2/files-2.1/org.jetbrains.kotlin/kotlin-tooling-core/2.4.0/75970f5a2a9cb4d25557965bbec0a7ccd55bfbcf/kotlin-tooling-core-2.4.0.jar:/home/ubuntu/.gradle/caches/modules-2/files-2.1/org.jetbrains.kotlin/kotlin-build-tools-cri-impl/2.4.0/7fdfe4b4de70b7e6d81c054572e862121aa1603a/kotlin-build-tools-cri-impl-2.4.0.jar:/home/ubuntu/.gradle/caches/modules-2/files-2.1/org.jetbrains.kotlin/kotlin-compiler-runner/2.4.0/d2b2336d493d2d3a8047c826cb27606f67029da8/kotlin-compiler-runner-2.4.0.jar:/home/ubuntu/.gradle/caches/modules-2/files-2.1/org.jetbrains.kotlin/kotlin-compiler-embeddable/2.4.0/f1a24af8bd111a83950236b1aec7a6d72a97e92c/kotlin-compiler-embeddable-2.4.0.jar:/home/ubuntu/.gradle/caches/modules-2/files-2.1/org.jetbrains.kotlin/kotlin-build-tools-api/2.4.0/46429d5887df2d02f33fe11a0c8444c5be5fd8da/kotlin-build-tools-api-2.4.0.jar:/home/ubuntu/.gradle/caches/modules-2/files-2.1/org.jetbrains.kotlin/kotlin-daemon-client/2.4.0/e9080614f98d07554367b7e5810529963e9f43e2/kotlin-daemon-client-2.4.0.jar:/home/ubuntu/.gradle/caches/modules-2/files-2.1/org.jetbrains.kotlin/kotlin-stdlib/2.4.0/4e9f4b531dce5c7dee58ed2de9a8b9a763c8dc6c/kotlin-stdlib-2.4.0.jar:/home/ubuntu/.gradle/caches/modules-2/files-2.1/org.jetbrains/annotations/13.0/919f0dfe192fb4e063e7dacadee7f8bb9a2672a9/annotations-13.0.jar:/home/ubuntu/.gradle/caches/modules-2/files-2.1/org.jetbrains.kotlin/kotlin-script-runtime/2.4.0/1de03f0ef3e208ab5f97ee6a587e9b8480447df6/kotlin-script-runtime-2.4.0.jar:/home/ubuntu/.gradle/caches/modules-2/files-2.1/org.jetbrains.kotlin/kotlin-reflect/1.6.10/1cbe9c92c12a94eea200d23c2bbaedaf3daf5132/kotlin-reflect-1.6.10.jar:/home/ubuntu/.gradle/caches/modules-2/files-2.1/org.jetbrains.kotlin/kotlin-daemon-embeddable/2.4.0/1ecabef3a8ba6a8e25654573d54edb7e4136e903/kotlin-daemon-embeddable-2.4.0.jar:/home/ubuntu/.gradle/caches/modules-2/files-2.1/org.jetbrains.kotlinx/kotlinx-coroutines-core-jvm/1.8.0/ac1dc37a30a93150b704022f8d895ee1bd3a36b3/kotlinx-coroutines-core-jvm-1.8.0.jar -Djava.awt.headless=true -Djava.rmi.server.hostname=127.0.0.1 -Xmx512m -XX:MaxMetaspaceSize=512m -XX:ReservedCodeCacheSize=128m -Dkotlin.environment.keepalive -ea -Dkotlin.daemon.custom.run.files.path.for.tests=/home/ubuntu/.local/share/kotlin/daemon -XX:+UseCodeCacheFlushing -XX:+UseParallelGC -Dkotlin.daemon.initiator.marker.file=/tmp/kotlin-compiler-client-9173752006473575976-is-running --add-exports java.base/sun.nio.ch=ALL-UNNAMED org.jetbrains.kotlin.daemon.KotlinCompileDaemon --daemon-logsPath /tmp --daemon-logsFileSizeLimit=1048576 --daemon-logsFileCountLimit=3 --daemon-runFilesPath /home/ubuntu/.local/share/kotlin/daemon --daemon-autoshutdownIdleSeconds=7200 --daemon-compilerClasspath /home/ubuntu/.gradle/caches/modules-2/files-2.1/org.jetbrains.kotlin/kotlin-build-tools-compat/2.4.0/209372718c8759fbcb47402dc130d45f00c3f81/kotlin-build-tools-compat-2.4.0.jar:/home/ubuntu/.gradle/caches/modules-2/files-2.1/org.jetbrains.kotlin/kotlin-build-tools-impl/2.4.0/3dde5b4075cd7963afd0b0b2835627f40abc1149/kotlin-build-tools-impl-2.4.0.jar:/home/ubuntu/.gradle/caches/modules-2/files-2.1/org.jetbrains.kotlin/kotlin-tooling-core/2.4.0/75970f5a2a9cb4d25557965bbec0a7ccd55bfbcf/kotlin-tooling-core-2.4.0.jar:/home/ubuntu/.gradle/caches/modules-2/files-2.1/org.jetbrains.kotlin/kotlin-build-tools-cri-impl/2.4.0/7fdfe4b4de70b7e6d81c054572e862121aa1603a/kotlin-build-tools-cri-impl-2.4.0.jar:/home/ubuntu/.gradle/caches/modules-2/files-2.1/org.jetbrains.kotlin/kotlin-compiler-runner/2.4.0/d2b2336d493d2d3a8047c826cb27606f67029da8/kotlin-compiler-runner-2.4.0.jar:/home/ubuntu/.gradle/caches/modules-2/files-2.1/org.jetbrains.kotlin/kotlin-compiler-embeddable/2.4.0/f1a24af8bd111a83950236b1aec7a6d72a97e92c/kotlin-compiler-embeddable-2.4.0.jar:/home/ubuntu/.gradle/caches/modules-2/files-2.1/org.jetbrains.kotlin/kotlin-build-tools-api/2.4.0/46429d5887df2d02f33fe11a0c8444c5be5fd8da/kotlin-build-tools-api-2.4.0.jar:/home/ubuntu/.gradle/caches/modules-2/files-2.1/org.jetbrains.kotlin/kotlin-daemon-client/2.4.0/e9080614f98d07554367b7e5810529963e9f43e2/kotlin-daemon-client-2.4.0.jar:/home/ubuntu/.gradle/caches/modules-2/files-2.1/org.jetbrains.kotlin/kotlin-stdlib/2.4.0/4e9f4b531dce5c7dee58ed2de9a8b9a763c8dc6c/kotlin-stdlib-2.4.0.jar:/home/ubuntu/.gradle/caches/modules-2/files-2.1/org.jetbrains/annotations/13.0/919f0dfe192fb4e063e7dacadee7f8bb9a2672a9/annotations-13.0.jar:/home/ubuntu/.gradle/caches/modules-2/files-2.1/org.jetbrains.kotlin/kotlin-script-runtime/2.4.0/1de03f0ef3e208ab5f97ee6a587e9b8480447df6/kotlin-script-runtime-2.4.0.jar:/home/ubuntu/.gradle/caches/modules-2/files-2.1/org.jetbrains.kotlin/kotlin-reflect/1.6.10/1cbe9c92c12a94eea200d23c2bbaedaf3daf5132/kotlin-reflect-1.6.10.jar:/home/ubuntu/.gradle/caches/modules-2/files-2.1/org.jetbrains.kotlin/kotlin-daemon-embeddable/2.4.0/1ecabef3a8ba6a8e25654573d54edb7e4136e903/kotlin-daemon-embeddable-2.4.0.jar:/home/ubuntu/.gradle/caches/modules-2/files-2.1/org.jetbrains.kotlinx/kotlinx-coroutines-core-jvm/1.8.0/ac1dc37a30a93150b704022f8d895ee1bd3a36b3/kotlinx-coroutines-core-jvm-1.8.0.jar
[        ] i: #1 retrying connecting to the daemon 
[        ] i: Options for KOTLIN DAEMON: IncrementalCompilationOptions(super=CompilationOptions(compilerMode=INCREMENTAL_COMPILER, targetPlatform=JVM, reportCategories=[0], reportSeverity=2, requestedCompilationResults=[0], kotlinScriptExtensions=[], generateCompilerRefIndex=false), sourceChanges=org.jetbrains.kotlin.buildtools.api.SourcesChanges$Unknown@410628d9, classpathChanges=NotAvailableDueToMissingClasspathSnapshot, workingDir=/home/ubuntu/FFM-source-2d123ad-v67/build/image_picker_android/kotlin/compileDebugKotlin/cacheable, multiModuleICSettings=null, icFeatures=IncrementalCompilationFeatures(usePreciseJavaTracking=true, withAbiSnapshot=false, preciseCompilationResultsBackup=true, keepIncrementalCompilationCachesInMemory=true, enableUnsafeIncrementalCompilationForMultiplatform=false, enableMonotonousIncrementalCompileSetExpansion=true), outputFiles=[/home/ubuntu/FFM-source-2d123ad-v67/build/image_picker_android/tmp/kotlin-classes/debug, /home/ubuntu/FFM-source-2d123ad-v67/build/image_picker_android/kotlin/compileDebugKotlin/cacheable, /home/ubuntu/FFM-source-2d123ad-v67/build/image_picker_android/kotlin/compileDebugKotlin/local-state])
[+3497 ms] i: Finished executing kotlin compiler using DAEMON strategy
[        ] Resolve mutations for :image_picker_android:javaPreCompileDebug (Thread[#55,included builds,5,main]) started.
[        ] :image_picker_android:javaPreCompileDebug (Thread[#55,included builds,5,main]) started.
[  +99 ms] > Task :image_picker_android:javaPreCompileDebug
[        ] Caching disabled for task ':image_picker_android:javaPreCompileDebug' because:
[        ]   Build cache is disabled
[        ] Task ':image_picker_android:javaPreCompileDebug' is not up-to-date because:
[        ]   No history is available.
[        ] Resolve mutations for :image_picker_android:compileDebugJavaWithJavac (Thread[#55,included builds,5,main]) started.
[        ] :image_picker_android:compileDebugJavaWithJavac (Thread[#55,included builds,5,main]) started.
[ +799 ms] > Task :image_picker_android:compileDebugJavaWithJavac
[        ] Custom actions are attached to task ':image_picker_android:compileDebugJavaWithJavac'.
[        ] Caching disabled for task ':image_picker_android:compileDebugJavaWithJavac' because:
[        ]   Build cache is disabled
[        ] Task ':image_picker_android:compileDebugJavaWithJavac' is not up-to-date because:
[        ]   No history is available.
[        ] The input changes require a full rebuild for incremental task ':image_picker_android:compileDebugJavaWithJavac'.
[        ] Compilation mode: in-process compilation
[        ] Full recompilation is required because no incremental change information is available. This is usually caused by clean builds or changing compiler arguments.
[        ] Compiling with toolchain '/usr/lib/jvm/java-21-openjdk-amd64'.
[        ] file or directory '/home/ubuntu/.pub-cache/hosted/pub.dev/image_picker_android-0.8.13+19/android/src/debug/java', not found
[        ] Compiling with JDK Java compiler API.
[        ] Class dependency analysis for incremental compilation took 0.021 secs.
[        ] Created classpath snapshot for incremental compilation in 0.145 secs.
[        ] Resolve mutations for :image_picker_android:bundleLibCompileToJarDebug (Thread[#55,included builds,5,main]) started.
[        ] :image_picker_android:bundleLibCompileToJarDebug (Thread[#55,included builds,5,main]) started.
[  +99 ms] > Task :image_picker_android:bundleLibCompileToJarDebug
[        ] Caching disabled for task ':image_picker_android:bundleLibCompileToJarDebug' because:
[        ]   Build cache is disabled
[        ]   Simple merging task
[        ] Task ':image_picker_android:bundleLibCompileToJarDebug' is not up-to-date because:
[        ]   No history is available.
[        ] work action resolve classes.jar (project :image_picker_android) (Thread[#55,included builds,5,main]) started.
[        ] Resolve mutations for :jni:checkKotlinGradlePluginConfigurationErrors (Thread[#55,included builds,5,main]) started.
[        ] :jni:checkKotlinGradlePluginConfigurationErrors (Thread[#55,included builds,5,main]) started.
[        ] > Task :jni:checkKotlinGradlePluginConfigurationErrors SKIPPED
[        ] Skipping task ':jni:checkKotlinGradlePluginConfigurationErrors' as task onlyIf 'errorDiagnostics are present' is false.
[        ] Resolve mutations for :jni:generateDebugResources (Thread[#55,included builds,5,main]) started.
[        ] :jni:generateDebugResources (Thread[#55,included builds,5,main]) started.
[        ] > Task :jni:generateDebugResources UP-TO-DATE
[        ] Caching disabled for task ':jni:generateDebugResources' because:
[        ]   Build cache is disabled
[        ] Skipping task ':jni:generateDebugResources' as it is up-to-date.
[        ] Resolve mutations for :jni:packageDebugResources (Thread[#55,included builds,5,main]) started.
[        ] :jni:packageDebugResources (Thread[#55,included builds,5,main]) started.
[        ] > Task :jni:packageDebugResources UP-TO-DATE
[        ] Caching disabled for task ':jni:packageDebugResources' because:
[        ]   Build cache is disabled
[        ] Skipping task ':jni:packageDebugResources' as it is up-to-date.
[        ] work action resolve packageDebugResources (project :jni) (Thread[#55,included builds,5,main]) started.
[        ] Resolve mutations for :jni:parseDebugLocalResources (Thread[#55,included builds,5,main]) started.
[        ] :jni:parseDebugLocalResources (Thread[#55,included builds,5,main]) started.
[        ] > Task :jni:parseDebugLocalResources UP-TO-DATE
[        ] Caching disabled for task ':jni:parseDebugLocalResources' because:
[        ]   Build cache is disabled
[        ] Skipping task ':jni:parseDebugLocalResources' as it is up-to-date.
[        ] Resolve mutations for :jni:generateDebugRFile (Thread[#55,included builds,5,main]) started.
[        ] :jni:generateDebugRFile (Thread[#55,included builds,5,main]) started.
[        ] > Task :jni:generateDebugRFile UP-TO-DATE
[        ] Caching disabled for task ':jni:generateDebugRFile' because:
[        ]   Build cache is disabled
[        ] Skipping task ':jni:generateDebugRFile' as it is up-to-date.
[        ] work action resolve package-aware-r.txt (project :jni) (Thread[#55,included builds,5,main]) started.
[        ] Resolve mutations for :jni:compileDebugKotlin (Thread[#55,included builds,5,main]) started.
[        ] :jni:compileDebugKotlin (Thread[#55,included builds,5,main]) started.
[        ] > Task :jni:compileDebugKotlin NO-SOURCE
[        ] Skipping task ':jni:compileDebugKotlin' as it has no source files and no previous output files.
[        ] Resolve mutations for :jni:javaPreCompileDebug (Thread[#55,included builds,5,main]) started.
[        ] :jni:javaPreCompileDebug (Thread[#55,included builds,5,main]) started.
[        ] > Task :jni:javaPreCompileDebug UP-TO-DATE
[        ] Caching disabled for task ':jni:javaPreCompileDebug' because:
[        ]   Build cache is disabled
[        ] Skipping task ':jni:javaPreCompileDebug' as it is up-to-date.
[        ] Resolve mutations for :jni:compileDebugJavaWithJavac (Thread[#55,included builds,5,main]) started.
[        ] :jni:compileDebugJavaWithJavac (Thread[#55,included builds,5,main]) started.
[        ] > Task :jni:compileDebugJavaWithJavac UP-TO-DATE
[        ] Custom actions are attached to task ':jni:compileDebugJavaWithJavac'.
[        ] Caching disabled for task ':jni:compileDebugJavaWithJavac' because:
[        ]   Build cache is disabled
[        ] Skipping task ':jni:compileDebugJavaWithJavac' as it is up-to-date.
[        ] No compile result for :jni:compileDebugJavaWithJavac
[        ] No compile result for :jni:compileDebugJavaWithJavac
[        ] No compile result for :jni:compileDebugJavaWithJavac
[        ] Resolve mutations for :jni:bundleLibCompileToJarDebug (Thread[#55,included builds,5,main]) started.
[        ] :jni:bundleLibCompileToJarDebug (Thread[#55,included builds,5,main]) started.
[        ] > Task :jni:bundleLibCompileToJarDebug UP-TO-DATE
[        ] Caching disabled for task ':jni:bundleLibCompileToJarDebug' because:
[        ]   Build cache is disabled
[        ]   Simple merging task
[        ] Skipping task ':jni:bundleLibCompileToJarDebug' as it is up-to-date.
[        ] work action resolve classes.jar (project :jni) (Thread[#55,included builds,5,main]) started.
[        ] Resolve mutations for :jni_flutter:checkKotlinGradlePluginConfigurationErrors (Thread[#55,included builds,5,main]) started.
[        ] :jni_flutter:checkKotlinGradlePluginConfigurationErrors (Thread[#55,included builds,5,main]) started.
[        ] > Task :jni_flutter:checkKotlinGradlePluginConfigurationErrors SKIPPED
[        ] Skipping task ':jni_flutter:checkKotlinGradlePluginConfigurationErrors' as task onlyIf 'errorDiagnostics are present' is false.
[        ] Resolve mutations for :jni_flutter:generateDebugResources (Thread[#55,included builds,5,main]) started.
[        ] :jni_flutter:generateDebugResources (Thread[#55,included builds,5,main]) started.
[        ] > Task :jni_flutter:generateDebugResources UP-TO-DATE
[        ] Caching disabled for task ':jni_flutter:generateDebugResources' because:
[        ]   Build cache is disabled
[        ] Skipping task ':jni_flutter:generateDebugResources' as it is up-to-date.
[        ] Resolve mutations for :jni_flutter:packageDebugResources (Thread[#55,included builds,5,main]) started.
[        ] :jni_flutter:packageDebugResources (Thread[#55,included builds,5,main]) started.
[        ] > Task :jni_flutter:packageDebugResources UP-TO-DATE
[        ] Caching disabled for task ':jni_flutter:packageDebugResources' because:
[        ]   Build cache is disabled
[        ] Skipping task ':jni_flutter:packageDebugResources' as it is up-to-date.
[        ] work action resolve packageDebugResources (project :jni_flutter) (Thread[#55,included builds,5,main]) started.
[        ] Resolve mutations for :jni_flutter:parseDebugLocalResources (Thread[#55,included builds,5,main]) started.
[        ] :jni_flutter:parseDebugLocalResources (Thread[#55,included builds,5,main]) started.
[        ] > Task :jni_flutter:parseDebugLocalResources UP-TO-DATE
[        ] Caching disabled for task ':jni_flutter:parseDebugLocalResources' because:
[        ]   Build cache is disabled
[        ] Skipping task ':jni_flutter:parseDebugLocalResources' as it is up-to-date.
[        ] Resolve mutations for :jni_flutter:generateDebugRFile (Thread[#55,included builds,5,main]) started.
[        ] :jni_flutter:generateDebugRFile (Thread[#55,included builds,5,main]) started.
[        ] > Task :jni_flutter:generateDebugRFile UP-TO-DATE
[        ] Caching disabled for task ':jni_flutter:generateDebugRFile' because:
[        ]   Build cache is disabled
[        ] Skipping task ':jni_flutter:generateDebugRFile' as it is up-to-date.
[        ] work action resolve package-aware-r.txt (project :jni_flutter) (Thread[#55,included builds,5,main]) started.
[        ] Resolve mutations for :jni_flutter:compileDebugKotlin (Thread[#55,included builds,5,main]) started.
[        ] :jni_flutter:compileDebugKotlin (Thread[#55,included builds,5,main]) started.
[        ] > Task :jni_flutter:compileDebugKotlin NO-SOURCE
[        ] Skipping task ':jni_flutter:compileDebugKotlin' as it has no source files and no previous output files.
[        ] Resolve mutations for :jni_flutter:javaPreCompileDebug (Thread[#55,included builds,5,main]) started.
[        ] :jni_flutter:javaPreCompileDebug (Thread[#55,included builds,5,main]) started.
[  +97 ms] > Task :jni_flutter:javaPreCompileDebug UP-TO-DATE
[        ] Caching disabled for task ':jni_flutter:javaPreCompileDebug' because:
[        ]   Build cache is disabled
[        ] Skipping task ':jni_flutter:javaPreCompileDebug' as it is up-to-date.
[        ] Resolve mutations for :jni_flutter:compileDebugJavaWithJavac (Thread[#55,included builds,5,main]) started.
[        ] :jni_flutter:compileDebugJavaWithJavac (Thread[#55,included builds,5,main]) started.
[        ] > Task :jni_flutter:compileDebugJavaWithJavac UP-TO-DATE
[        ] Custom actions are attached to task ':jni_flutter:compileDebugJavaWithJavac'.
[        ] Caching disabled for task ':jni_flutter:compileDebugJavaWithJavac' because:
[        ]   Build cache is disabled
[        ] Skipping task ':jni_flutter:compileDebugJavaWithJavac' as it is up-to-date.
[        ] No compile result for :jni_flutter:compileDebugJavaWithJavac
[        ] No compile result for :jni_flutter:compileDebugJavaWithJavac
[        ] No compile result for :jni_flutter:compileDebugJavaWithJavac
[        ] Resolve mutations for :jni_flutter:bundleLibCompileToJarDebug (Thread[#55,included builds,5,main]) started.
[        ] :jni_flutter:bundleLibCompileToJarDebug (Thread[#55,included builds,5,main]) started.
[        ] > Task :jni_flutter:bundleLibCompileToJarDebug UP-TO-DATE
[        ] Caching disabled for task ':jni_flutter:bundleLibCompileToJarDebug' because:
[        ]   Build cache is disabled
[        ]   Simple merging task
[        ] Skipping task ':jni_flutter:bundleLibCompileToJarDebug' as it is up-to-date.
[        ] work action resolve classes.jar (project :jni_flutter) (Thread[#55,included builds,5,main]) started.
[        ] Resolve mutations for :local_auth_android:checkKotlinGradlePluginConfigurationErrors (Thread[#55,included builds,5,main]) started.
[        ] :local_auth_android:checkKotlinGradlePluginConfigurationErrors (Thread[#55,included builds,5,main]) started.
[        ] > Task :local_auth_android:checkKotlinGradlePluginConfigurationErrors SKIPPED
[        ] Skipping task ':local_auth_android:checkKotlinGradlePluginConfigurationErrors' as task onlyIf 'errorDiagnostics are present' is false.
[        ] Resolve mutations for :local_auth_android:generateDebugResources (Thread[#55,included builds,5,main]) started.
[        ] :local_auth_android:generateDebugResources (Thread[#55,included builds,5,main]) started.
[        ] > Task :local_auth_android:generateDebugResources UP-TO-DATE
[        ] Caching disabled for task ':local_auth_android:generateDebugResources' because:
[        ]   Build cache is disabled
[        ] Skipping task ':local_auth_android:generateDebugResources' as it is up-to-date.
[        ] Resolve mutations for :local_auth_android:packageDebugResources (Thread[#55,included builds,5,main]) started.
[        ] :local_auth_android:packageDebugResources (Thread[#55,included builds,5,main]) started.
[        ] > Task :local_auth_android:packageDebugResources UP-TO-DATE
[        ] Caching disabled for task ':local_auth_android:packageDebugResources' because:
[        ]   Build cache is disabled
[        ] Skipping task ':local_auth_android:packageDebugResources' as it is up-to-date.
[        ] work action resolve packageDebugResources (project :local_auth_android) (Thread[#55,included builds,5,main]) started.
[        ] Resolve mutations for :local_auth_android:parseDebugLocalResources (Thread[#55,included builds,5,main]) started.
[        ] :local_auth_android:parseDebugLocalResources (Thread[#55,included builds,5,main]) started.
[        ] > Task :local_auth_android:parseDebugLocalResources UP-TO-DATE
[        ] Caching disabled for task ':local_auth_android:parseDebugLocalResources' because:
[        ]   Build cache is disabled
[        ] Skipping task ':local_auth_android:parseDebugLocalResources' as it is up-to-date.
[        ] Resolve mutations for :local_auth_android:generateDebugRFile (Thread[#55,included builds,5,main]) started.
[        ] :local_auth_android:generateDebugRFile (Thread[#55,included builds,5,main]) started.
[        ] > Task :local_auth_android:generateDebugRFile UP-TO-DATE
[        ] Caching disabled for task ':local_auth_android:generateDebugRFile' because:
[        ]   Build cache is disabled
[        ] Skipping task ':local_auth_android:generateDebugRFile' as it is up-to-date.
[        ] work action resolve package-aware-r.txt (project :local_auth_android) (Thread[#55,included builds,5,main]) started.
[        ] Resolve mutations for :local_auth_android:compileDebugKotlin (Thread[#55,included builds,5,main]) started.
[        ] :local_auth_android:compileDebugKotlin (Thread[#55,included builds,5,main]) started.
[        ] > Task :local_auth_android:compileDebugKotlin UP-TO-DATE
[        ] Adding -Xuse-inline-scopes-numbers Kotlin compiler flag for task :local_auth_android:compileDebugAndroidTestKotlin
[        ] Caching disabled for task ':local_auth_android:compileDebugKotlin' because:
[        ]   Build cache is disabled
[        ] Skipping task ':local_auth_android:compileDebugKotlin' as it is up-to-date.
[        ] Resolve mutations for :local_auth_android:javaPreCompileDebug (Thread[#55,included builds,5,main]) started.
[        ] :local_auth_android:javaPreCompileDebug (Thread[#55,included builds,5,main]) started.
[        ] > Task :local_auth_android:javaPreCompileDebug UP-TO-DATE
[        ] Caching disabled for task ':local_auth_android:javaPreCompileDebug' because:
[        ]   Build cache is disabled
[        ] Skipping task ':local_auth_android:javaPreCompileDebug' as it is up-to-date.
[        ] Resolve mutations for :local_auth_android:compileDebugJavaWithJavac (Thread[#55,included builds,5,main]) started.
[        ] :local_auth_android:compileDebugJavaWithJavac (Thread[#55,included builds,5,main]) started.
[        ] > Task :local_auth_android:compileDebugJavaWithJavac UP-TO-DATE
[        ] Custom actions are attached to task ':local_auth_android:compileDebugJavaWithJavac'.
[        ] Caching disabled for task ':local_auth_android:compileDebugJavaWithJavac' because:
[        ]   Build cache is disabled
[        ] Skipping task ':local_auth_android:compileDebugJavaWithJavac' as it is up-to-date.
[        ] No compile result for :local_auth_android:compileDebugJavaWithJavac
[        ] No compile result for :local_auth_android:compileDebugJavaWithJavac
[        ] No compile result for :local_auth_android:compileDebugJavaWithJavac
[        ] Resolve mutations for :local_auth_android:bundleLibCompileToJarDebug (Thread[#55,included builds,5,main]) started.
[        ] :local_auth_android:bundleLibCompileToJarDebug (Thread[#55,included builds,5,main]) started.
[        ] > Task :local_auth_android:bundleLibCompileToJarDebug UP-TO-DATE
[        ] Caching disabled for task ':local_auth_android:bundleLibCompileToJarDebug' because:
[        ]   Build cache is disabled
[        ]   Simple merging task
[        ] Skipping task ':local_auth_android:bundleLibCompileToJarDebug' as it is up-to-date.
[        ] work action resolve classes.jar (project :local_auth_android) (Thread[#55,included builds,5,main]) started.
[        ] Resolve mutations for :printing:checkKotlinGradlePluginConfigurationErrors (Thread[#55,included builds,5,main]) started.
[        ] :printing:checkKotlinGradlePluginConfigurationErrors (Thread[#55,included builds,5,main]) started.
[        ] > Task :printing:checkKotlinGradlePluginConfigurationErrors SKIPPED
[        ] Skipping task ':printing:checkKotlinGradlePluginConfigurationErrors' as task onlyIf 'errorDiagnostics are present' is false.
[        ] Resolve mutations for :printing:generateDebugResources (Thread[#55,included builds,5,main]) started.
[        ] :printing:generateDebugResources (Thread[#55,included builds,5,main]) started.
[        ] > Task :printing:generateDebugResources UP-TO-DATE
[        ] Caching disabled for task ':printing:generateDebugResources' because:
[        ]   Build cache is disabled
[        ] Skipping task ':printing:generateDebugResources' as it is up-to-date.
[        ] Resolve mutations for :printing:packageDebugResources (Thread[#55,included builds,5,main]) started.
[        ] :printing:packageDebugResources (Thread[#55,included builds,5,main]) started.
[        ] > Task :printing:packageDebugResources UP-TO-DATE
[        ] Caching disabled for task ':printing:packageDebugResources' because:
[        ]   Build cache is disabled
[        ] Skipping task ':printing:packageDebugResources' as it is up-to-date.
[        ] work action resolve packageDebugResources (project :printing) (Thread[#55,included builds,5,main]) started.
[        ] Resolve mutations for :printing:parseDebugLocalResources (Thread[#55,included builds,5,main]) started.
[        ] :printing:parseDebugLocalResources (Thread[#55,included builds,5,main]) started.
[        ] > Task :printing:parseDebugLocalResources UP-TO-DATE
[        ] Caching disabled for task ':printing:parseDebugLocalResources' because:
[        ]   Build cache is disabled
[        ] Skipping task ':printing:parseDebugLocalResources' as it is up-to-date.
[        ] Resolve mutations for :printing:generateDebugRFile (Thread[#55,included builds,5,main]) started.
[        ] :printing:generateDebugRFile (Thread[#55,included builds,5,main]) started.
[        ] > Task :printing:generateDebugRFile UP-TO-DATE
[        ] Caching disabled for task ':printing:generateDebugRFile' because:
[        ]   Build cache is disabled
[        ] Skipping task ':printing:generateDebugRFile' as it is up-to-date.
[        ] work action resolve package-aware-r.txt (project :printing) (Thread[#55,included builds,5,main]) started.
[        ] Resolve mutations for :printing:compileDebugKotlin (Thread[#55,included builds,5,main]) started.
[        ] :printing:compileDebugKotlin (Thread[#55,included builds,5,main]) started.
[        ] > Task :printing:compileDebugKotlin NO-SOURCE
[        ] Skipping task ':printing:compileDebugKotlin' as it has no source files and no previous output files.
[        ] Resolve mutations for :printing:javaPreCompileDebug (Thread[#55,included builds,5,main]) started.
[        ] :printing:javaPreCompileDebug (Thread[#55,included builds,5,main]) started.
[        ] > Task :printing:javaPreCompileDebug UP-TO-DATE
[        ] Caching disabled for task ':printing:javaPreCompileDebug' because:
[        ]   Build cache is disabled
[        ] Skipping task ':printing:javaPreCompileDebug' as it is up-to-date.
[        ] Resolve mutations for :printing:compileDebugJavaWithJavac (Thread[#55,included builds,5,main]) started.
[        ] :printing:compileDebugJavaWithJavac (Thread[#55,included builds,5,main]) started.
[        ] > Task :printing:compileDebugJavaWithJavac UP-TO-DATE
[        ] Custom actions are attached to task ':printing:compileDebugJavaWithJavac'.
[        ] Caching disabled for task ':printing:compileDebugJavaWithJavac' because:
[        ]   Build cache is disabled
[        ] Skipping task ':printing:compileDebugJavaWithJavac' as it is up-to-date.
[        ] No compile result for :printing:compileDebugJavaWithJavac
[        ] No compile result for :printing:compileDebugJavaWithJavac
[        ] No compile result for :printing:compileDebugJavaWithJavac
[        ] Resolve mutations for :printing:bundleLibCompileToJarDebug (Thread[#55,included builds,5,main]) started.
[        ] :printing:bundleLibCompileToJarDebug (Thread[#55,included builds,5,main]) started.
[        ] > Task :printing:bundleLibCompileToJarDebug UP-TO-DATE
[        ] Caching disabled for task ':printing:bundleLibCompileToJarDebug' because:
[        ]   Build cache is disabled
[        ]   Simple merging task
[        ] Skipping task ':printing:bundleLibCompileToJarDebug' as it is up-to-date.
[        ] work action resolve classes.jar (project :printing) (Thread[#55,included builds,5,main]) started.
[        ] Resolve mutations for :share_plus:checkKotlinGradlePluginConfigurationErrors (Thread[#55,included builds,5,main]) started.
[        ] :share_plus:checkKotlinGradlePluginConfigurationErrors (Thread[#55,included builds,5,main]) started.
[        ] > Task :share_plus:checkKotlinGradlePluginConfigurationErrors SKIPPED
[        ] Skipping task ':share_plus:checkKotlinGradlePluginConfigurationErrors' as task onlyIf 'errorDiagnostics are present' is false.
[        ] Resolve mutations for :share_plus:generateDebugResources (Thread[#55,included builds,5,main]) started.
[        ] :share_plus:generateDebugResources (Thread[#55,included builds,5,main]) started.
[        ] > Task :share_plus:generateDebugResources UP-TO-DATE
[        ] Caching disabled for task ':share_plus:generateDebugResources' because:
[        ]   Build cache is disabled
[        ] Skipping task ':share_plus:generateDebugResources' as it is up-to-date.
[        ] Resolve mutations for :share_plus:packageDebugResources (Thread[#55,included builds,5,main]) started.
[        ] :share_plus:packageDebugResources (Thread[#55,included builds,5,main]) started.
[        ] > Task :share_plus:packageDebugResources UP-TO-DATE
[        ] Caching disabled for task ':share_plus:packageDebugResources' because:
[        ]   Build cache is disabled
[        ] Skipping task ':share_plus:packageDebugResources' as it is up-to-date.
[        ] work action resolve packageDebugResources (project :share_plus) (Thread[#55,included builds,5,main]) started.
[        ] Resolve mutations for :share_plus:parseDebugLocalResources (Thread[#55,included builds,5,main]) started.
[        ] :share_plus:parseDebugLocalResources (Thread[#55,included builds,5,main]) started.
[        ] > Task :share_plus:parseDebugLocalResources UP-TO-DATE
[        ] Caching disabled for task ':share_plus:parseDebugLocalResources' because:
[        ]   Build cache is disabled
[        ] Skipping task ':share_plus:parseDebugLocalResources' as it is up-to-date.
[        ] Resolve mutations for :share_plus:generateDebugRFile (Thread[#55,included builds,5,main]) started.
[        ] :share_plus:generateDebugRFile (Thread[#55,included builds,5,main]) started.
[        ] > Task :share_plus:generateDebugRFile UP-TO-DATE
[        ] Caching disabled for task ':share_plus:generateDebugRFile' because:
[        ]   Build cache is disabled
[        ] Skipping task ':share_plus:generateDebugRFile' as it is up-to-date.
[        ] work action resolve package-aware-r.txt (project :share_plus) (Thread[#55,included builds,5,main]) started.
[        ] Resolve mutations for :share_plus:compileDebugKotlin (Thread[#55,included builds,5,main]) started.
[        ] :share_plus:compileDebugKotlin (Thread[#55,included builds,5,main]) started.
[  +96 ms] > Task :share_plus:compileDebugKotlin UP-TO-DATE
[        ] Adding -Xuse-inline-scopes-numbers Kotlin compiler flag for task :share_plus:compileDebugAndroidTestKotlin
[        ] Caching disabled for task ':share_plus:compileDebugKotlin' because:
[        ]   Build cache is disabled
[        ] Skipping task ':share_plus:compileDebugKotlin' as it is up-to-date.
[        ] Resolve mutations for :share_plus:javaPreCompileDebug (Thread[#55,included builds,5,main]) started.
[        ] :share_plus:javaPreCompileDebug (Thread[#55,included builds,5,main]) started.
[        ] > Task :share_plus:javaPreCompileDebug UP-TO-DATE
[        ] Caching disabled for task ':share_plus:javaPreCompileDebug' because:
[        ]   Build cache is disabled
[        ] Skipping task ':share_plus:javaPreCompileDebug' as it is up-to-date.
[        ] Resolve mutations for :share_plus:compileDebugJavaWithJavac (Thread[#55,included builds,5,main]) started.
[        ] :share_plus:compileDebugJavaWithJavac (Thread[#55,included builds,5,main]) started.
[        ] > Task :share_plus:compileDebugJavaWithJavac NO-SOURCE
[        ] Skipping task ':share_plus:compileDebugJavaWithJavac' as it has no source files and no previous output files.
[        ] Resolve mutations for :share_plus:bundleLibCompileToJarDebug (Thread[#55,included builds,5,main]) started.
[        ] :share_plus:bundleLibCompileToJarDebug (Thread[#55,included builds,5,main]) started.
[        ] > Task :share_plus:bundleLibCompileToJarDebug UP-TO-DATE
[        ] Caching disabled for task ':share_plus:bundleLibCompileToJarDebug' because:
[        ]   Build cache is disabled
[        ]   Simple merging task
[        ] Skipping task ':share_plus:bundleLibCompileToJarDebug' as it is up-to-date.
[        ] work action resolve classes.jar (project :share_plus) (Thread[#55,included builds,5,main]) started.
[        ] Resolve mutations for :shared_preferences_android:checkKotlinGradlePluginConfigurationErrors (Thread[#55,included builds,5,main]) started.
[        ] :shared_preferences_android:checkKotlinGradlePluginConfigurationErrors (Thread[#55,included builds,5,main]) started.
[        ] > Task :shared_preferences_android:checkKotlinGradlePluginConfigurationErrors SKIPPED
[        ] Skipping task ':shared_preferences_android:checkKotlinGradlePluginConfigurationErrors' as task onlyIf 'errorDiagnostics are present' is false.
[        ] Resolve mutations for :shared_preferences_android:generateDebugResources (Thread[#55,included builds,5,main]) started.
[        ] :shared_preferences_android:generateDebugResources (Thread[#55,included builds,5,main]) started.
[        ] > Task :shared_preferences_android:generateDebugResources UP-TO-DATE
[        ] Caching disabled for task ':shared_preferences_android:generateDebugResources' because:
[        ]   Build cache is disabled
[        ] Skipping task ':shared_preferences_android:generateDebugResources' as it is up-to-date.
[        ] Resolve mutations for :shared_preferences_android:packageDebugResources (Thread[#55,included builds,5,main]) started.
[        ] :shared_preferences_android:packageDebugResources (Thread[#55,included builds,5,main]) started.
[        ] > Task :shared_preferences_android:packageDebugResources UP-TO-DATE
[        ] Caching disabled for task ':shared_preferences_android:packageDebugResources' because:
[        ]   Build cache is disabled
[        ] Skipping task ':shared_preferences_android:packageDebugResources' as it is up-to-date.
[        ] work action resolve packageDebugResources (project :shared_preferences_android) (Thread[#55,included builds,5,main]) started.
[        ] Resolve mutations for :shared_preferences_android:parseDebugLocalResources (Thread[#55,included builds,5,main]) started.
[        ] :shared_preferences_android:parseDebugLocalResources (Thread[#55,included builds,5,main]) started.
[        ] > Task :shared_preferences_android:parseDebugLocalResources UP-TO-DATE
[        ] Caching disabled for task ':shared_preferences_android:parseDebugLocalResources' because:
[        ]   Build cache is disabled
[        ] Skipping task ':shared_preferences_android:parseDebugLocalResources' as it is up-to-date.
[        ] Resolve mutations for :shared_preferences_android:generateDebugRFile (Thread[#55,included builds,5,main]) started.
[        ] :shared_preferences_android:generateDebugRFile (Thread[#55,included builds,5,main]) started.
[        ] > Task :shared_preferences_android:generateDebugRFile UP-TO-DATE
[        ] Caching disabled for task ':shared_preferences_android:generateDebugRFile' because:
[        ]   Build cache is disabled
[        ] Skipping task ':shared_preferences_android:generateDebugRFile' as it is up-to-date.
[        ] work action resolve package-aware-r.txt (project :shared_preferences_android) (Thread[#55,included builds,5,main]) started.
[        ] Resolve mutations for :shared_preferences_android:compileDebugKotlin (Thread[#55,included builds,5,main]) started.
[        ] :shared_preferences_android:compileDebugKotlin (Thread[#55,included builds,5,main]) started.
[  +98 ms] > Task :shared_preferences_android:compileDebugKotlin UP-TO-DATE
[        ] Adding -Xuse-inline-scopes-numbers Kotlin compiler flag for task :shared_preferences_android:compileDebugAndroidTestKotlin
[        ] Caching disabled for task ':shared_preferences_android:compileDebugKotlin' because:
[        ]   Build cache is disabled
[        ] Skipping task ':shared_preferences_android:compileDebugKotlin' as it is up-to-date.
[        ] Resolve mutations for :shared_preferences_android:javaPreCompileDebug (Thread[#55,included builds,5,main]) started.
[        ] :shared_preferences_android:javaPreCompileDebug (Thread[#55,included builds,5,main]) started.
[        ] > Task :shared_preferences_android:javaPreCompileDebug UP-TO-DATE
[        ] Caching disabled for task ':shared_preferences_android:javaPreCompileDebug' because:
[        ]   Build cache is disabled
[        ] Skipping task ':shared_preferences_android:javaPreCompileDebug' as it is up-to-date.
[        ] Resolve mutations for :shared_preferences_android:compileDebugJavaWithJavac (Thread[#55,included builds,5,main]) started.
[        ] :shared_preferences_android:compileDebugJavaWithJavac (Thread[#55,included builds,5,main]) started.
[        ] > Task :shared_preferences_android:compileDebugJavaWithJavac NO-SOURCE
[        ] Skipping task ':shared_preferences_android:compileDebugJavaWithJavac' as it has no source files and no previous output files.
[        ] Resolve mutations for :shared_preferences_android:bundleLibCompileToJarDebug (Thread[#55,included builds,5,main]) started.
[        ] :shared_preferences_android:bundleLibCompileToJarDebug (Thread[#55,included builds,5,main]) started.
[        ] > Task :shared_preferences_android:bundleLibCompileToJarDebug UP-TO-DATE
[        ] Caching disabled for task ':shared_preferences_android:bundleLibCompileToJarDebug' because:
[        ]   Build cache is disabled
[        ]   Simple merging task
[        ] Skipping task ':shared_preferences_android:bundleLibCompileToJarDebug' as it is up-to-date.
[        ] work action resolve classes.jar (project :shared_preferences_android) (Thread[#55,included builds,5,main]) started.
[        ] Resolve mutations for :speech_to_text:checkKotlinGradlePluginConfigurationErrors (Thread[#55,included builds,5,main]) started.
[        ] :speech_to_text:checkKotlinGradlePluginConfigurationErrors (Thread[#55,included builds,5,main]) started.
[        ] > Task :speech_to_text:checkKotlinGradlePluginConfigurationErrors SKIPPED
[        ] Skipping task ':speech_to_text:checkKotlinGradlePluginConfigurationErrors' as task onlyIf 'errorDiagnostics are present' is false.
[        ] Resolve mutations for :speech_to_text:generateDebugResources (Thread[#55,included builds,5,main]) started.
[        ] :speech_to_text:generateDebugResources (Thread[#55,included builds,5,main]) started.
[        ] > Task :speech_to_text:generateDebugResources UP-TO-DATE
[        ] Caching disabled for task ':speech_to_text:generateDebugResources' because:
[        ]   Build cache is disabled
[        ] Skipping task ':speech_to_text:generateDebugResources' as it is up-to-date.
[        ] Resolve mutations for :speech_to_text:packageDebugResources (Thread[#55,included builds,5,main]) started.
[        ] :speech_to_text:packageDebugResources (Thread[#55,included builds,5,main]) started.
[        ] > Task :speech_to_text:packageDebugResources UP-TO-DATE
[        ] Caching disabled for task ':speech_to_text:packageDebugResources' because:
[        ]   Build cache is disabled
[        ] Skipping task ':speech_to_text:packageDebugResources' as it is up-to-date.
[        ] work action resolve packageDebugResources (project :speech_to_text) (Thread[#55,included builds,5,main]) started.
[        ] Resolve mutations for :speech_to_text:parseDebugLocalResources (Thread[#55,included builds,5,main]) started.
[        ] :speech_to_text:parseDebugLocalResources (Thread[#55,included builds,5,main]) started.
[        ] > Task :speech_to_text:parseDebugLocalResources UP-TO-DATE
[        ] Caching disabled for task ':speech_to_text:parseDebugLocalResources' because:
[        ]   Build cache is disabled
[        ] Skipping task ':speech_to_text:parseDebugLocalResources' as it is up-to-date.
[        ] Resolve mutations for :speech_to_text:generateDebugRFile (Thread[#55,included builds,5,main]) started.
[        ] :speech_to_text:generateDebugRFile (Thread[#55,included builds,5,main]) started.
[        ] > Task :speech_to_text:generateDebugRFile UP-TO-DATE
[        ] Caching disabled for task ':speech_to_text:generateDebugRFile' because:
[        ]   Build cache is disabled
[        ] Skipping task ':speech_to_text:generateDebugRFile' as it is up-to-date.
[        ] work action resolve package-aware-r.txt (project :speech_to_text) (Thread[#55,included builds,5,main]) started.
[        ] Resolve mutations for :speech_to_text:compileDebugKotlin (Thread[#55,included builds,5,main]) started.
[        ] :speech_to_text:compileDebugKotlin (Thread[#55,included builds,5,main]) started.
[        ] > Task :speech_to_text:compileDebugKotlin UP-TO-DATE
[        ] Adding -Xuse-inline-scopes-numbers Kotlin compiler flag for task :speech_to_text:compileDebugAndroidTestKotlin
[        ] Caching disabled for task ':speech_to_text:compileDebugKotlin' because:
[        ]   Build cache is disabled
[        ] Skipping task ':speech_to_text:compileDebugKotlin' as it is up-to-date.
[        ] Resolve mutations for :speech_to_text:javaPreCompileDebug (Thread[#55,included builds,5,main]) started.
[        ] :speech_to_text:javaPreCompileDebug (Thread[#55,included builds,5,main]) started.
[        ] > Task :speech_to_text:javaPreCompileDebug UP-TO-DATE
[        ] Caching disabled for task ':speech_to_text:javaPreCompileDebug' because:
[        ]   Build cache is disabled
[        ] Skipping task ':speech_to_text:javaPreCompileDebug' as it is up-to-date.
[        ] Resolve mutations for :speech_to_text:compileDebugJavaWithJavac (Thread[#55,included builds,5,main]) started.
[        ] :speech_to_text:compileDebugJavaWithJavac (Thread[#55,included builds,5,main]) started.
[        ] > Task :speech_to_text:compileDebugJavaWithJavac NO-SOURCE
[        ] Skipping task ':speech_to_text:compileDebugJavaWithJavac' as it has no source files and no previous output files.
[        ] Resolve mutations for :speech_to_text:bundleLibCompileToJarDebug (Thread[#55,included builds,5,main]) started.
[        ] :speech_to_text:bundleLibCompileToJarDebug (Thread[#55,included builds,5,main]) started.
[        ] > Task :speech_to_text:bundleLibCompileToJarDebug UP-TO-DATE
[        ] Caching disabled for task ':speech_to_text:bundleLibCompileToJarDebug' because:
[        ]   Build cache is disabled
[        ]   Simple merging task
[        ] Skipping task ':speech_to_text:bundleLibCompileToJarDebug' as it is up-to-date.
[        ] work action resolve classes.jar (project :speech_to_text) (Thread[#55,included builds,5,main]) started.
[        ] Resolve mutations for :whisper_cpp_flutter_plus:checkKotlinGradlePluginConfigurationErrors (Thread[#55,included builds,5,main]) started.
[        ] :whisper_cpp_flutter_plus:checkKotlinGradlePluginConfigurationErrors (Thread[#55,included builds,5,main]) started.
[        ] > Task :whisper_cpp_flutter_plus:checkKotlinGradlePluginConfigurationErrors SKIPPED
[        ] Skipping task ':whisper_cpp_flutter_plus:checkKotlinGradlePluginConfigurationErrors' as task onlyIf 'errorDiagnostics are present' is false.
[        ] Resolve mutations for :whisper_cpp_flutter_plus:generateDebugResources (Thread[#55,included builds,5,main]) started.
[        ] :whisper_cpp_flutter_plus:generateDebugResources (Thread[#55,included builds,5,main]) started.
[        ] > Task :whisper_cpp_flutter_plus:generateDebugResources UP-TO-DATE
[        ] Caching disabled for task ':whisper_cpp_flutter_plus:generateDebugResources' because:
[        ]   Build cache is disabled
[        ] Skipping task ':whisper_cpp_flutter_plus:generateDebugResources' as it is up-to-date.
[        ] Resolve mutations for :whisper_cpp_flutter_plus:packageDebugResources (Thread[#55,included builds,5,main]) started.
[        ] :whisper_cpp_flutter_plus:packageDebugResources (Thread[#55,included builds,5,main]) started.
[        ] > Task :whisper_cpp_flutter_plus:packageDebugResources UP-TO-DATE
[        ] Caching disabled for task ':whisper_cpp_flutter_plus:packageDebugResources' because:
[        ]   Build cache is disabled
[        ] Skipping task ':whisper_cpp_flutter_plus:packageDebugResources' as it is up-to-date.
[        ] work action resolve packageDebugResources (project :whisper_cpp_flutter_plus) (Thread[#55,included builds,5,main]) started.
[        ] Resolve mutations for :whisper_cpp_flutter_plus:parseDebugLocalResources (Thread[#55,included builds,5,main]) started.
[        ] :whisper_cpp_flutter_plus:parseDebugLocalResources (Thread[#55,included builds,5,main]) started.
[        ] > Task :whisper_cpp_flutter_plus:parseDebugLocalResources UP-TO-DATE
[        ] Caching disabled for task ':whisper_cpp_flutter_plus:parseDebugLocalResources' because:
[        ]   Build cache is disabled
[        ] Skipping task ':whisper_cpp_flutter_plus:parseDebugLocalResources' as it is up-to-date.
[        ] Resolve mutations for :whisper_cpp_flutter_plus:generateDebugRFile (Thread[#55,included builds,5,main]) started.
[        ] :whisper_cpp_flutter_plus:generateDebugRFile (Thread[#55,included builds,5,main]) started.
[        ] > Task :whisper_cpp_flutter_plus:generateDebugRFile UP-TO-DATE
[        ] Caching disabled for task ':whisper_cpp_flutter_plus:generateDebugRFile' because:
[        ]   Build cache is disabled
[        ] Skipping task ':whisper_cpp_flutter_plus:generateDebugRFile' as it is up-to-date.
[        ] work action resolve package-aware-r.txt (project :whisper_cpp_flutter_plus) (Thread[#55,included builds,5,main]) started.
[        ] Resolve mutations for :whisper_cpp_flutter_plus:compileDebugKotlin (Thread[#55,included builds,5,main]) started.
[        ] :whisper_cpp_flutter_plus:compileDebugKotlin (Thread[#55,included builds,5,main]) started.
[        ] > Task :whisper_cpp_flutter_plus:compileDebugKotlin UP-TO-DATE
[        ] Adding -Xuse-inline-scopes-numbers Kotlin compiler flag for task :whisper_cpp_flutter_plus:compileDebugAndroidTestKotlin
[        ] Caching disabled for task ':whisper_cpp_flutter_plus:compileDebugKotlin' because:
[        ]   Build cache is disabled
[        ] Skipping task ':whisper_cpp_flutter_plus:compileDebugKotlin' as it is up-to-date.
[        ] Resolve mutations for :whisper_cpp_flutter_plus:javaPreCompileDebug (Thread[#55,included builds,5,main]) started.
[        ] :whisper_cpp_flutter_plus:javaPreCompileDebug (Thread[#55,included builds,5,main]) started.
[        ] > Task :whisper_cpp_flutter_plus:javaPreCompileDebug UP-TO-DATE
[        ] Caching disabled for task ':whisper_cpp_flutter_plus:javaPreCompileDebug' because:
[        ]   Build cache is disabled
[        ] Skipping task ':whisper_cpp_flutter_plus:javaPreCompileDebug' as it is up-to-date.
[        ] Resolve mutations for :whisper_cpp_flutter_plus:compileDebugJavaWithJavac (Thread[#55,included builds,5,main]) started.
[        ] :whisper_cpp_flutter_plus:compileDebugJavaWithJavac (Thread[#55,included builds,5,main]) started.
[        ] > Task :whisper_cpp_flutter_plus:compileDebugJavaWithJavac NO-SOURCE
[        ] Skipping task ':whisper_cpp_flutter_plus:compileDebugJavaWithJavac' as it has no source files and no previous output files.
[        ] Resolve mutations for :whisper_cpp_flutter_plus:bundleLibCompileToJarDebug (Thread[#55,included builds,5,main]) started.
[        ] :whisper_cpp_flutter_plus:bundleLibCompileToJarDebug (Thread[#55,included builds,5,main]) started.
[        ] > Task :whisper_cpp_flutter_plus:bundleLibCompileToJarDebug UP-TO-DATE
[        ] Caching disabled for task ':whisper_cpp_flutter_plus:bundleLibCompileToJarDebug' because:
[        ]   Build cache is disabled
[        ]   Simple merging task
[        ] Skipping task ':whisper_cpp_flutter_plus:bundleLibCompileToJarDebug' as it is up-to-date.
[        ] work action resolve classes.jar (project :whisper_cpp_flutter_plus) (Thread[#55,included builds,5,main]) started.
[        ] Resolve mutations for :app:compileDebugKotlin (Thread[#55,included builds,5,main]) started.
[        ] :app:compileDebugKotlin (Thread[#55,included builds,5,main]) started.
[ +396 ms] > Task :app:compileDebugKotlin
[        ] Caching disabled for ClasspathEntrySnapshotTransform: /home/ubuntu/FFM-source-2d123ad-v67/build/image_picker_android/intermediates/compile_library_classes_jar/debug/bundleLibCompileToJarDebug/classes.jar because:
[        ]   Build cache is disabled
[        ] Caching disabled for task ':app:compileDebugKotlin' because:
[        ]   Build cache is disabled
[        ] Task ':app:compileDebugKotlin' is not up-to-date because:
[        ]   Input property 'classpathSnapshotProperties.classpathSnapshot' file /home/ubuntu/.gradle/caches/9.3.1/transforms/b06eaca80de56668d6bb66f7cd103590/transformed/classes_jar-snapshot.bin has been added.
[        ]   Input property 'javaSources' file /home/ubuntu/FFM-source-2d123ad-v67/android/app/src/main/java/io/flutter/plugins/GeneratedPluginRegistrant.java has changed.
[        ] file or directory '/home/ubuntu/FFM-source-2d123ad-v67/android/app/src/debug/kotlin', not found
[        ] file or directory '/home/ubuntu/FFM-source-2d123ad-v67/android/app/src/debug/java', not found
[        ] file or directory '/home/ubuntu/FFM-source-2d123ad-v67/android/app/src/debug/kotlin', not found
[        ] file or directory '/home/ubuntu/FFM-source-2d123ad-v67/android/app/src/debug/java', not found
[        ] file or directory '/home/ubuntu/FFM-source-2d123ad-v67/android/app/src/debug/kotlin', not found
[        ] file or directory '/home/ubuntu/FFM-source-2d123ad-v67/android/app/src/debug/java', not found
[        ] file or directory '/home/ubuntu/FFM-source-2d123ad-v67/android/app/src/debug/java', not found
[        ] file or directory '/home/ubuntu/FFM-source-2d123ad-v67/android/app/src/debug/kotlin', not found
[        ] file or directory '/home/ubuntu/FFM-source-2d123ad-v67/android/app/src/debug/kotlin', not found
[        ] file or directory '/home/ubuntu/FFM-source-2d123ad-v67/android/app/src/debug/java', not found
[        ] file or directory '/home/ubuntu/FFM-source-2d123ad-v67/android/app/src/debug/kotlin', not found
[        ] file or directory '/home/ubuntu/FFM-source-2d123ad-v67/android/app/src/debug/java', not found
[        ] file or directory '/home/ubuntu/FFM-source-2d123ad-v67/android/app/src/debug/kotlin', not found
[        ] file or directory '/home/ubuntu/FFM-source-2d123ad-v67/android/app/src/debug/java', not found
[        ] file or directory '/home/ubuntu/FFM-source-2d123ad-v67/android/app/src/debug/java', not found
[        ] file or directory '/home/ubuntu/FFM-source-2d123ad-v67/android/app/src/debug/kotlin', not found
[        ] file or directory '/home/ubuntu/FFM-source-2d123ad-v67/android/app/src/debug/kotlin', not found
[        ] file or directory '/home/ubuntu/FFM-source-2d123ad-v67/android/app/src/debug/java', not found
[        ] file or directory '/home/ubuntu/FFM-source-2d123ad-v67/android/app/src/debug/kotlin', not found
[        ] file or directory '/home/ubuntu/FFM-source-2d123ad-v67/android/app/src/debug/java', not found
[        ] file or directory '/home/ubuntu/FFM-source-2d123ad-v67/android/app/src/debug/kotlin', not found
[        ] file or directory '/home/ubuntu/FFM-source-2d123ad-v67/android/app/src/debug/java', not found
[        ] file or directory '/home/ubuntu/FFM-source-2d123ad-v67/android/app/src/debug/java', not found
[        ] file or directory '/home/ubuntu/FFM-source-2d123ad-v67/android/app/src/debug/kotlin', not found
[        ] file or directory '/home/ubuntu/FFM-source-2d123ad-v67/android/app/src/debug/kotlin', not found
[        ] file or directory '/home/ubuntu/FFM-source-2d123ad-v67/android/app/src/debug/java', not found
[        ] file or directory '/home/ubuntu/FFM-source-2d123ad-v67/android/app/src/debug/kotlin', not found
[        ] file or directory '/home/ubuntu/FFM-source-2d123ad-v67/android/app/src/debug/java', not found
[        ] file or directory '/home/ubuntu/FFM-source-2d123ad-v67/android/app/src/debug/kotlin', not found
[        ] file or directory '/home/ubuntu/FFM-source-2d123ad-v67/android/app/src/debug/java', not found
[        ] file or directory '/home/ubuntu/FFM-source-2d123ad-v67/android/app/src/debug/java', not found
[        ] file or directory '/home/ubuntu/FFM-source-2d123ad-v67/android/app/src/debug/kotlin', not found
[        ] Kotlin source files: /home/ubuntu/FFM-source-2d123ad-v67/android/app/src/main/kotlin/com/example/ffm_manager/FfmWidgetProvider.kt, /home/ubuntu/FFM-source-2d123ad-v67/android/app/src/main/kotlin/com/example/ffm_manager/MainActivity.kt, /home/ubuntu/FFM-source-2d123ad-v67/android/app/src/main/kotlin/com/example/ffm_manager/FfmLocalModelBridge.kt, /home/ubuntu/FFM-source-2d123ad-v67/android/app/src/main/kotlin/com/example/ffm_manager/FfmLocalModelBridgePlugin.kt
[        ] Java source files: /home/ubuntu/FFM-source-2d123ad-v67/android/app/src/main/java/io/flutter/plugins/GeneratedPluginRegistrant.java
[        ] Script source files: 
[        ] Script file extensions: 
[        ] Using Kotlin/JVM incremental compilation
[        ] [KOTLIN] Kotlin compilation 'jdkHome' argument: null
[        ] i: Options for KOTLIN DAEMON: IncrementalCompilationOptions(super=CompilationOptions(compilerMode=INCREMENTAL_COMPILER, targetPlatform=JVM, reportCategories=[0], reportSeverity=2, requestedCompilationResults=[0], kotlinScriptExtensions=[], generateCompilerRefIndex=false), sourceChanges=org.jetbrains.kotlin.buildtools.api.SourcesChanges$Known@287a175c, classpathChanges=ToBeComputedByIncrementalCompiler, workingDir=/home/ubuntu/FFM-source-2d123ad-v67/build/app/kotlin/compileDebugKotlin/cacheable, multiModuleICSettings=null, icFeatures=IncrementalCompilationFeatures(usePreciseJavaTracking=true, withAbiSnapshot=false, preciseCompilationResultsBackup=true, keepIncrementalCompilationCachesInMemory=true, enableUnsafeIncrementalCompilationForMultiplatform=false, enableMonotonousIncrementalCompileSetExpansion=true), outputFiles=[/home/ubuntu/FFM-source-2d123ad-v67/build/app/tmp/kotlin-classes/debug, /home/ubuntu/FFM-source-2d123ad-v67/build/app/kotlin/compileDebugKotlin/cacheable, /home/ubuntu/FFM-source-2d123ad-v67/build/app/kotlin/compileDebugKotlin/local-state])
[        ] i: Finished executing kotlin compiler using DAEMON strategy
[        ] Resolve mutations for :app:javaPreCompileDebug (Thread[#55,included builds,5,main]) started.
[        ] :app:javaPreCompileDebug (Thread[#55,included builds,5,main]) started.
[        ] > Task :app:javaPreCompileDebug UP-TO-DATE
[        ] Caching disabled for task ':app:javaPreCompileDebug' because:
[        ]   Build cache is disabled
[        ] Skipping task ':app:javaPreCompileDebug' as it is up-to-date.
[        ] Resolve mutations for :app:compileDebugJavaWithJavac (Thread[#55,included builds,5,main]) started.
[        ] :app:compileDebugJavaWithJavac (Thread[#55,included builds,5,main]) started.
[ +298 ms] > Task :app:compileDebugJavaWithJavac
[        ] Custom actions are attached to task ':app:compileDebugJavaWithJavac'.
[        ] Caching disabled for task ':app:compileDebugJavaWithJavac' because:
[        ]   Build cache is disabled
[        ] Task ':app:compileDebugJavaWithJavac' is not up-to-date because:
[        ]   Input property 'classpath' file /home/ubuntu/FFM-source-2d123ad-v67/build/image_picker_android/intermediates/compile_library_classes_jar/debug/bundleLibCompileToJarDebug/classes.jar has been added.
[        ]   Input property 'stableSources' file /home/ubuntu/FFM-source-2d123ad-v67/android/app/src/main/java/io/flutter/plugins/GeneratedPluginRegistrant.java has changed.
[        ] Compilation mode: in-process compilation
[        ] Created classpath snapshot for incremental compilation in 0.027 secs.
[        ] file or directory '/home/ubuntu/FFM-source-2d123ad-v67/android/app/src/debug/java', not found
[        ] Compiling with toolchain '/usr/lib/jvm/java-21-openjdk-amd64'.
[        ] file or directory '/home/ubuntu/FFM-source-2d123ad-v67/android/app/src/debug/java', not found
[        ] Compiling with JDK Java compiler API.
[        ] Incremental compilation of 1 classes completed in 0.221 secs.
[        ] Class dependency analysis for incremental compilation took 0.0 secs.
[        ] Resolve mutations for :app:compressDebugAssets (Thread[#55,included builds,5,main]) started.
[        ] :app:compressDebugAssets (Thread[#55,included builds,5,main]) started.
[ +999 ms] > Task :app:compressDebugAssets
[        ] Caching disabled for task ':app:compressDebugAssets' because:
[        ]   Build cache is disabled
[        ] Task ':app:compressDebugAssets' is not up-to-date because:
[        ]   Input property 'inputDirs' file /home/ubuntu/FFM-source-2d123ad-v67/build/app/intermediates/assets/debug/mergeDebugAssets/flutter_assets/NOTICES.Z has changed.
[        ]   Input property 'inputDirs' file /home/ubuntu/FFM-source-2d123ad-v67/build/app/intermediates/assets/debug/mergeDebugAssets/flutter_assets/kernel_blob.bin has changed.
[        ] Resolve mutations for :app:l8DexDesugarLibDebug (Thread[#55,included builds,5,main]) started.
[        ] :app:l8DexDesugarLibDebug (Thread[#55,included builds,5,main]) started.
[        ] > Task :app:l8DexDesugarLibDebug UP-TO-DATE
[        ] Caching disabled for task ':app:l8DexDesugarLibDebug' because:
[        ]   Build cache is disabled
[        ] Skipping task ':app:l8DexDesugarLibDebug' as it is up-to-date.
[        ] Resolve mutations for :android_file_picker:bundleLibRuntimeToJarDebug (Thread[#55,included builds,5,main]) started.
[        ] :android_file_picker:bundleLibRuntimeToJarDebug (Thread[#55,included builds,5,main]) started.
[        ] > Task :android_file_picker:bundleLibRuntimeToJarDebug UP-TO-DATE
[        ] Caching disabled for task ':android_file_picker:bundleLibRuntimeToJarDebug' because:
[        ]   Build cache is disabled
[        ]   Simple merging task
[        ] Skipping task ':android_file_picker:bundleLibRuntimeToJarDebug' as it is up-to-date.
[        ] work action resolve classes.jar (project :android_file_picker) (Thread[#55,included builds,5,main]) started.
[        ] IdentityTransform (Thread[#55,included builds,5,main]) started.
[        ] DexingNoClasspathTransform (Thread[#55,included builds,5,main]) started.
[        ] > Transform classes.jar (project :android_file_picker) with DexingNoClasspathTransform
[        ] Caching disabled for DexingNoClasspathTransform: /home/ubuntu/FFM-source-2d123ad-v67/build/android_file_picker/intermediates/runtime_library_classes_jar/debug/bundleLibRuntimeToJarDebug/classes.jar because:
[        ]   Build cache is disabled
[        ] Skipping DexingNoClasspathTransform: /home/ubuntu/FFM-source-2d123ad-v67/build/android_file_picker/intermediates/runtime_library_classes_jar/debug/bundleLibRuntimeToJarDebug/classes.jar as it is up-to-date.
[        ] DexingOutputSplitTransform (Thread[#55,included builds,5,main]) started.
[        ] Resolve mutations for :flutter_local_notifications:bundleLibRuntimeToJarDebug (Thread[#55,included builds,5,main]) started.
[        ] :flutter_local_notifications:bundleLibRuntimeToJarDebug (Thread[#55,included builds,5,main]) started.
[        ] > Task :flutter_local_notifications:bundleLibRuntimeToJarDebug UP-TO-DATE
[        ] Caching disabled for task ':flutter_local_notifications:bundleLibRuntimeToJarDebug' because:
[        ]   Build cache is disabled
[        ]   Simple merging task
[        ] Skipping task ':flutter_local_notifications:bundleLibRuntimeToJarDebug' as it is up-to-date.
[        ] work action resolve classes.jar (project :flutter_local_notifications) (Thread[#55,included builds,5,main]) started.
[        ] IdentityTransform (Thread[#55,included builds,5,main]) started.
[        ] DexingNoClasspathTransform (Thread[#55,included builds,5,main]) started.
[        ] > Transform classes.jar (project :flutter_local_notifications) with DexingNoClasspathTransform
[        ] Caching disabled for DexingNoClasspathTransform: /home/ubuntu/FFM-source-2d123ad-v67/build/flutter_local_notifications/intermediates/runtime_library_classes_jar/debug/bundleLibRuntimeToJarDebug/classes.jar because:
[        ]   Build cache is disabled
[        ] Skipping DexingNoClasspathTransform: /home/ubuntu/FFM-source-2d123ad-v67/build/flutter_local_notifications/intermediates/runtime_library_classes_jar/debug/bundleLibRuntimeToJarDebug/classes.jar as it is up-to-date.
[        ] DexingOutputSplitTransform (Thread[#55,included builds,5,main]) started.
[        ] Resolve mutations for :image_picker_android:bundleLibRuntimeToJarDebug (Thread[#55,included builds,5,main]) started.
[        ] :image_picker_android:bundleLibRuntimeToJarDebug (Thread[#55,included builds,5,main]) started.
[        ] > Task :image_picker_android:bundleLibRuntimeToJarDebug
[        ] Caching disabled for task ':image_picker_android:bundleLibRuntimeToJarDebug' because:
[        ]   Build cache is disabled
[        ]   Simple merging task
[        ] Task ':image_picker_android:bundleLibRuntimeToJarDebug' is not up-to-date because:
[        ]   No history is available.
[        ] work action resolve classes.jar (project :image_picker_android) (Thread[#55,included builds,5,main]) started.
[        ] IdentityTransform (Thread[#55,included builds,5,main]) started.
[        ] > Transform classes.jar (project :image_picker_android) with IdentityTransform
[        ] Caching disabled for IdentityTransform: /home/ubuntu/FFM-source-2d123ad-v67/build/image_picker_android/intermediates/runtime_library_classes_jar/debug/bundleLibRuntimeToJarDebug/classes.jar because:
[        ]   Build cache is disabled
[        ]   Caching not enabled.
[        ] DexingNoClasspathTransform (Thread[#55,included builds,5,main]) started.
[+1498 ms] > Transform classes.jar (project :image_picker_android) with DexingNoClasspathTransform
[        ] Caching disabled for DexingNoClasspathTransform: /home/ubuntu/FFM-source-2d123ad-v67/build/image_picker_android/intermediates/runtime_library_classes_jar/debug/bundleLibRuntimeToJarDebug/classes.jar because:
[        ]   Build cache is disabled
[        ] DexingNoClasspathTransform: /home/ubuntu/FFM-source-2d123ad-v67/build/image_picker_android/intermediates/runtime_library_classes_jar/debug/bundleLibRuntimeToJarDebug/classes.jar is not up-to-date because:
[        ]   No history is available.
[        ] The input changes require a full rebuild for incremental DexingNoClasspathTransform: /home/ubuntu/FFM-source-2d123ad-v67/build/image_picker_android/intermediates/runtime_library_classes_jar/debug/bundleLibRuntimeToJarDebug/classes.jar.
[        ] Running dexing transform non-incrementally for '/home/ubuntu/FFM-source-2d123ad-v67/build/image_picker_android/intermediates/runtime_library_classes_jar/debug/bundleLibRuntimeToJarDebug/classes.jar'
[        ] INFO: /home/ubuntu/FFM-source-2d123ad-v67/build/image_picker_android/intermediates/runtime_library_classes_jar/debug/bundleLibRuntimeToJarDebug/classes.jar: D8: Type `kotlin.jvm.functions.Function1` was not found, it is required for default or static interface methods desugaring of `io.flutter.plugins.imagepicker.ImagePickerApi$Companion$$InternalSyntheticLambda$2$14f30f9418cdd6a4721d541e20afdd2ae8be58fb6a8cfd79b9a677f0fb911d11$0`
[        ] INFO: /home/ubuntu/FFM-source-2d123ad-v67/build/image_picker_android/intermediates/runtime_library_classes_jar/debug/bundleLibRuntimeToJarDebug/classes.jar: D8: Type `kotlin.jvm.functions.Function0` was not found, it is required for default or static interface methods desugaring of `io.flutter.plugins.imagepicker.ImagePickerApi$Companion$$InternalSyntheticLambda$2$77ef9ba1985e8ccd141bc1dc297e2e33ddea68c277f10ed741bf6a5d58ebd7e4$0`
[        ] INFO: /home/ubuntu/FFM-source-2d123ad-v67/build/image_picker_android/intermediates/runtime_library_classes_jar/debug/bundleLibRuntimeToJarDebug/classes.jar: D8: Type `io.flutter.plugin.common.BasicMessageChannel$MessageHandler` was not found, it is required for default or static interface methods desugaring of `io.flutter.plugins.imagepicker.ImagePickerApi$Companion$$InternalSyntheticLambda$2$ce9fabcfdcc884fbb3ae0d2663c7042bb2087c8bc4436b188221c8ce4617618c$0`
[        ] INFO: /home/ubuntu/FFM-source-2d123ad-v67/build/image_picker_android/intermediates/runtime_library_classes_jar/debug/bundleLibRuntimeToJarDebug/classes.jar: D8: Type `io.flutter.plugin.common.PluginRegistry$ActivityResultListener` was not found, it is required for default or static interface methods desugaring of `io.flutter.plugins.imagepicker.ImagePickerDelegate`
[        ] INFO: /home/ubuntu/FFM-source-2d123ad-v67/build/image_picker_android/intermediates/runtime_library_classes_jar/debug/bundleLibRuntimeToJarDebug/classes.jar: D8: Type `io.flutter.plugin.common.PluginRegistry$RequestPermissionsResultListener` was not found, it is required for default or static interface methods desugaring of `io.flutter.plugins.imagepicker.ImagePickerDelegate`
[        ] INFO: /home/ubuntu/FFM-source-2d123ad-v67/build/image_picker_android/intermediates/runtime_library_classes_jar/debug/bundleLibRuntimeToJarDebug/classes.jar: D8: Type `androidx.core.content.FileProvider` was not found, it is required for default or static interface methods desugaring of `io.flutter.plugins.imagepicker.ImagePickerFileProvider`
[        ] INFO: /home/ubuntu/FFM-source-2d123ad-v67/build/image_picker_android/intermediates/runtime_library_classes_jar/debug/bundleLibRuntimeToJarDebug/classes.jar: D8: Type `androidx.lifecycle.DefaultLifecycleObserver` was not found, it is required for default or static interface methods desugaring of `io.flutter.plugins.imagepicker.ImagePickerPlugin$LifeCycleObserver`
[        ] INFO: /home/ubuntu/FFM-source-2d123ad-v67/build/image_picker_android/intermediates/runtime_library_classes_jar/debug/bundleLibRuntimeToJarDebug/classes.jar: D8: Type `io.flutter.embedding.engine.plugins.FlutterPlugin` was not found, it is required for default or static interface methods desugaring of `io.flutter.plugins.imagepicker.ImagePickerPlugin`
[        ] INFO: /home/ubuntu/FFM-source-2d123ad-v67/build/image_picker_android/intermediates/runtime_library_classes_jar/debug/bundleLibRuntimeToJarDebug/classes.jar: D8: Type `io.flutter.embedding.engine.plugins.activity.ActivityAware` was not found, it is required for default or static interface methods desugaring of `io.flutter.plugins.imagepicker.ImagePickerPlugin`
[        ] INFO: /home/ubuntu/FFM-source-2d123ad-v67/build/image_picker_android/intermediates/runtime_library_classes_jar/debug/bundleLibRuntimeToJarDebug/classes.jar: D8: Type `io.flutter.plugin.common.StandardMessageCodec` was not found, it is required for default or static interface methods desugaring of `io.flutter.plugins.imagepicker.MessagesPigeonCodec`
[        ] DexingOutputSplitTransform (Thread[#55,included builds,5,main]) started.
[        ] > Transform classes.jar (project :image_picker_android) with DexingOutputSplitTransform
[        ] Caching disabled for DexingOutputSplitTransform: /home/ubuntu/FFM-source-2d123ad-v67/build/image_picker_android/.transforms/46962cd449173e72868adfbaa8a776bc/transformed/classes because:
[        ]   Build cache is disabled
[        ]   Caching not enabled.
[        ] Resolve mutations for :local_auth_android:bundleLibRuntimeToJarDebug (Thread[#55,included builds,5,main]) started.
[        ] :local_auth_android:bundleLibRuntimeToJarDebug (Thread[#55,included builds,5,main]) started.
[        ] > Task :local_auth_android:bundleLibRuntimeToJarDebug UP-TO-DATE
[        ] Caching disabled for task ':local_auth_android:bundleLibRuntimeToJarDebug' because:
[        ]   Build cache is disabled
[        ]   Simple merging task
[        ] Skipping task ':local_auth_android:bundleLibRuntimeToJarDebug' as it is up-to-date.
[        ] work action resolve classes.jar (project :local_auth_android) (Thread[#55,included builds,5,main]) started.
[        ] IdentityTransform (Thread[#55,included builds,5,main]) started.
[  +98 ms] DexingNoClasspathTransform (Thread[#55,included builds,5,main]) started.
[        ] > Transform classes.jar (project :local_auth_android) with DexingNoClasspathTransform
[        ] Caching disabled for DexingNoClasspathTransform: /home/ubuntu/FFM-source-2d123ad-v67/build/local_auth_android/intermediates/runtime_library_classes_jar/debug/bundleLibRuntimeToJarDebug/classes.jar because:
[        ]   Build cache is disabled
[        ] Skipping DexingNoClasspathTransform: /home/ubuntu/FFM-source-2d123ad-v67/build/local_auth_android/intermediates/runtime_library_classes_jar/debug/bundleLibRuntimeToJarDebug/classes.jar as it is up-to-date.
[        ] DexingOutputSplitTransform (Thread[#55,included builds,5,main]) started.
[        ] Resolve mutations for :flutter_plugin_android_lifecycle:bundleLibRuntimeToJarDebug (Thread[#55,included builds,5,main]) started.
[        ] :flutter_plugin_android_lifecycle:bundleLibRuntimeToJarDebug (Thread[#55,included builds,5,main]) started.
[        ] > Task :flutter_plugin_android_lifecycle:bundleLibRuntimeToJarDebug UP-TO-DATE
[        ] Caching disabled for task ':flutter_plugin_android_lifecycle:bundleLibRuntimeToJarDebug' because:
[        ]   Build cache is disabled
[        ]   Simple merging task
[        ] Skipping task ':flutter_plugin_android_lifecycle:bundleLibRuntimeToJarDebug' as it is up-to-date.
[        ] work action resolve classes.jar (project :flutter_plugin_android_lifecycle) (Thread[#55,included builds,5,main]) started.
[        ] IdentityTransform (Thread[#55,included builds,5,main]) started.
[        ] DexingNoClasspathTransform (Thread[#55,included builds,5,main]) started.
[        ] > Transform classes.jar (project :flutter_plugin_android_lifecycle) with DexingNoClasspathTransform
[        ] Caching disabled for DexingNoClasspathTransform: /home/ubuntu/FFM-source-2d123ad-v67/build/flutter_plugin_android_lifecycle/intermediates/runtime_library_classes_jar/debug/bundleLibRuntimeToJarDebug/classes.jar because:
[        ]   Build cache is disabled
[        ] Skipping DexingNoClasspathTransform: /home/ubuntu/FFM-source-2d123ad-v67/build/flutter_plugin_android_lifecycle/intermediates/runtime_library_classes_jar/debug/bundleLibRuntimeToJarDebug/classes.jar as it is up-to-date.
[        ] DexingOutputSplitTransform (Thread[#55,included builds,5,main]) started.
[        ] Resolve mutations for :flutter_secure_storage:bundleLibRuntimeToJarDebug (Thread[#55,included builds,5,main]) started.
[        ] :flutter_secure_storage:bundleLibRuntimeToJarDebug (Thread[#55,included builds,5,main]) started.
[        ] > Task :flutter_secure_storage:bundleLibRuntimeToJarDebug UP-TO-DATE
[        ] Caching disabled for task ':flutter_secure_storage:bundleLibRuntimeToJarDebug' because:
[        ]   Build cache is disabled
[        ]   Simple merging task
[        ] Skipping task ':flutter_secure_storage:bundleLibRuntimeToJarDebug' as it is up-to-date.
[        ] work action resolve classes.jar (project :flutter_secure_storage) (Thread[#55,included builds,5,main]) started.
[        ] IdentityTransform (Thread[#55,included builds,5,main]) started.
[        ] DexingNoClasspathTransform (Thread[#55,included builds,5,main]) started.
[        ] > Transform classes.jar (project :flutter_secure_storage) with DexingNoClasspathTransform
[        ] Caching disabled for DexingNoClasspathTransform: /home/ubuntu/FFM-source-2d123ad-v67/build/flutter_secure_storage/intermediates/runtime_library_classes_jar/debug/bundleLibRuntimeToJarDebug/classes.jar because:
[        ]   Build cache is disabled
[        ] Skipping DexingNoClasspathTransform: /home/ubuntu/FFM-source-2d123ad-v67/build/flutter_secure_storage/intermediates/runtime_library_classes_jar/debug/bundleLibRuntimeToJarDebug/classes.jar as it is up-to-date.
[        ] DexingOutputSplitTransform (Thread[#55,included builds,5,main]) started.
[        ] Resolve mutations for :jni_flutter:bundleLibRuntimeToJarDebug (Thread[#55,included builds,5,main]) started.
[        ] :jni_flutter:bundleLibRuntimeToJarDebug (Thread[#55,included builds,5,main]) started.
[        ] > Task :jni_flutter:bundleLibRuntimeToJarDebug UP-TO-DATE
[        ] Caching disabled for task ':jni_flutter:bundleLibRuntimeToJarDebug' because:
[        ]   Build cache is disabled
[        ]   Simple merging task
[        ] Skipping task ':jni_flutter:bundleLibRuntimeToJarDebug' as it is up-to-date.
[        ] work action resolve classes.jar (project :jni_flutter) (Thread[#55,included builds,5,main]) started.
[        ] IdentityTransform (Thread[#55,included builds,5,main]) started.
[        ] DexingNoClasspathTransform (Thread[#55,included builds,5,main]) started.
[        ] > Transform classes.jar (project :jni_flutter) with DexingNoClasspathTransform
[        ] Caching disabled for DexingNoClasspathTransform: /home/ubuntu/FFM-source-2d123ad-v67/build/jni_flutter/intermediates/runtime_library_classes_jar/debug/bundleLibRuntimeToJarDebug/classes.jar because:
[        ]   Build cache is disabled
[        ] Skipping DexingNoClasspathTransform: /home/ubuntu/FFM-source-2d123ad-v67/build/jni_flutter/intermediates/runtime_library_classes_jar/debug/bundleLibRuntimeToJarDebug/classes.jar as it is up-to-date.
[        ] DexingOutputSplitTransform (Thread[#55,included builds,5,main]) started.
[        ] Resolve mutations for :jni:bundleLibRuntimeToJarDebug (Thread[#55,included builds,5,main]) started.
[        ] :jni:bundleLibRuntimeToJarDebug (Thread[#55,included builds,5,main]) started.
[        ] > Task :jni:bundleLibRuntimeToJarDebug UP-TO-DATE
[        ] Caching disabled for task ':jni:bundleLibRuntimeToJarDebug' because:
[        ]   Build cache is disabled
[        ]   Simple merging task
[        ] Skipping task ':jni:bundleLibRuntimeToJarDebug' as it is up-to-date.
[        ] work action resolve classes.jar (project :jni) (Thread[#55,included builds,5,main]) started.
[        ] IdentityTransform (Thread[#55,included builds,5,main]) started.
[        ] DexingNoClasspathTransform (Thread[#55,included builds,5,main]) started.
[        ] > Transform classes.jar (project :jni) with DexingNoClasspathTransform
[        ] Caching disabled for DexingNoClasspathTransform: /home/ubuntu/FFM-source-2d123ad-v67/build/jni/intermediates/runtime_library_classes_jar/debug/bundleLibRuntimeToJarDebug/classes.jar because:
[        ]   Build cache is disabled
[        ] Skipping DexingNoClasspathTransform: /home/ubuntu/FFM-source-2d123ad-v67/build/jni/intermediates/runtime_library_classes_jar/debug/bundleLibRuntimeToJarDebug/classes.jar as it is up-to-date.
[        ] DexingOutputSplitTransform (Thread[#55,included builds,5,main]) started.
[        ] Resolve mutations for :printing:bundleLibRuntimeToJarDebug (Thread[#55,included builds,5,main]) started.
[        ] :printing:bundleLibRuntimeToJarDebug (Thread[#55,included builds,5,main]) started.
[        ] > Task :printing:bundleLibRuntimeToJarDebug UP-TO-DATE
[        ] Caching disabled for task ':printing:bundleLibRuntimeToJarDebug' because:
[        ]   Build cache is disabled
[        ]   Simple merging task
[        ] Skipping task ':printing:bundleLibRuntimeToJarDebug' as it is up-to-date.
[        ] work action resolve classes.jar (project :printing) (Thread[#55,included builds,5,main]) started.
[        ] IdentityTransform (Thread[#55,included builds,5,main]) started.
[        ] DexingNoClasspathTransform (Thread[#55,included builds,5,main]) started.
[        ] > Transform classes.jar (project :printing) with DexingNoClasspathTransform
[        ] Caching disabled for DexingNoClasspathTransform: /home/ubuntu/FFM-source-2d123ad-v67/build/printing/intermediates/runtime_library_classes_jar/debug/bundleLibRuntimeToJarDebug/classes.jar because:
[        ]   Build cache is disabled
[        ] Skipping DexingNoClasspathTransform: /home/ubuntu/FFM-source-2d123ad-v67/build/printing/intermediates/runtime_library_classes_jar/debug/bundleLibRuntimeToJarDebug/classes.jar as it is up-to-date.
[        ] DexingOutputSplitTransform (Thread[#55,included builds,5,main]) started.
[        ] Resolve mutations for :share_plus:bundleLibRuntimeToJarDebug (Thread[#55,included builds,5,main]) started.
[        ] :share_plus:bundleLibRuntimeToJarDebug (Thread[#55,included builds,5,main]) started.
[        ] > Task :share_plus:bundleLibRuntimeToJarDebug UP-TO-DATE
[        ] Caching disabled for task ':share_plus:bundleLibRuntimeToJarDebug' because:
[        ]   Build cache is disabled
[        ]   Simple merging task
[        ] Skipping task ':share_plus:bundleLibRuntimeToJarDebug' as it is up-to-date.
[        ] work action resolve classes.jar (project :share_plus) (Thread[#55,included builds,5,main]) started.
[        ] IdentityTransform (Thread[#55,included builds,5,main]) started.
[        ] DexingNoClasspathTransform (Thread[#55,included builds,5,main]) started.
[        ] > Transform classes.jar (project :share_plus) with DexingNoClasspathTransform
[        ] Caching disabled for DexingNoClasspathTransform: /home/ubuntu/FFM-source-2d123ad-v67/build/share_plus/intermediates/runtime_library_classes_jar/debug/bundleLibRuntimeToJarDebug/classes.jar because:
[        ]   Build cache is disabled
[        ] Skipping DexingNoClasspathTransform: /home/ubuntu/FFM-source-2d123ad-v67/build/share_plus/intermediates/runtime_library_classes_jar/debug/bundleLibRuntimeToJarDebug/classes.jar as it is up-to-date.
[        ] DexingOutputSplitTransform (Thread[#55,included builds,5,main]) started.
[        ] Resolve mutations for :shared_preferences_android:bundleLibRuntimeToJarDebug (Thread[#55,included builds,5,main]) started.
[        ] :shared_preferences_android:bundleLibRuntimeToJarDebug (Thread[#55,included builds,5,main]) started.
[        ] > Task :shared_preferences_android:bundleLibRuntimeToJarDebug UP-TO-DATE
[        ] Caching disabled for task ':shared_preferences_android:bundleLibRuntimeToJarDebug' because:
[        ]   Build cache is disabled
[        ]   Simple merging task
[        ] Skipping task ':shared_preferences_android:bundleLibRuntimeToJarDebug' as it is up-to-date.
[        ] work action resolve classes.jar (project :shared_preferences_android) (Thread[#55,included builds,5,main]) started.
[        ] IdentityTransform (Thread[#55,included builds,5,main]) started.
[        ] DexingNoClasspathTransform (Thread[#55,included builds,5,main]) started.
[        ] > Transform classes.jar (project :shared_preferences_android) with DexingNoClasspathTransform
[        ] Caching disabled for DexingNoClasspathTransform: /home/ubuntu/FFM-source-2d123ad-v67/build/shared_preferences_android/intermediates/runtime_library_classes_jar/debug/bundleLibRuntimeToJarDebug/classes.jar because:
[        ]   Build cache is disabled
[        ] Skipping DexingNoClasspathTransform: /home/ubuntu/FFM-source-2d123ad-v67/build/shared_preferences_android/intermediates/runtime_library_classes_jar/debug/bundleLibRuntimeToJarDebug/classes.jar as it is up-to-date.
[        ] DexingOutputSplitTransform (Thread[#55,included builds,5,main]) started.
[        ] Resolve mutations for :speech_to_text:bundleLibRuntimeToJarDebug (Thread[#55,included builds,5,main]) started.
[        ] :speech_to_text:bundleLibRuntimeToJarDebug (Thread[#55,included builds,5,main]) started.
[        ] > Task :speech_to_text:bundleLibRuntimeToJarDebug UP-TO-DATE
[        ] Caching disabled for task ':speech_to_text:bundleLibRuntimeToJarDebug' because:
[        ]   Build cache is disabled
[        ]   Simple merging task
[        ] Skipping task ':speech_to_text:bundleLibRuntimeToJarDebug' as it is up-to-date.
[        ] work action resolve classes.jar (project :speech_to_text) (Thread[#55,included builds,5,main]) started.
[        ] IdentityTransform (Thread[#55,included builds,5,main]) started.
[        ] DexingNoClasspathTransform (Thread[#55,included builds,5,main]) started.
[        ] > Transform classes.jar (project :speech_to_text) with DexingNoClasspathTransform
[        ] Caching disabled for DexingNoClasspathTransform: /home/ubuntu/FFM-source-2d123ad-v67/build/speech_to_text/intermediates/runtime_library_classes_jar/debug/bundleLibRuntimeToJarDebug/classes.jar because:
[        ]   Build cache is disabled
[        ] Skipping DexingNoClasspathTransform: /home/ubuntu/FFM-source-2d123ad-v67/build/speech_to_text/intermediates/runtime_library_classes_jar/debug/bundleLibRuntimeToJarDebug/classes.jar as it is up-to-date.
[        ] DexingOutputSplitTransform (Thread[#55,included builds,5,main]) started.
[        ] Resolve mutations for :whisper_cpp_flutter_plus:bundleLibRuntimeToJarDebug (Thread[#55,included builds,5,main]) started.
[        ] :whisper_cpp_flutter_plus:bundleLibRuntimeToJarDebug (Thread[#55,included builds,5,main]) started.
[        ] > Task :whisper_cpp_flutter_plus:bundleLibRuntimeToJarDebug UP-TO-DATE
[        ] Caching disabled for task ':whisper_cpp_flutter_plus:bundleLibRuntimeToJarDebug' because:
[        ]   Build cache is disabled
[        ]   Simple merging task
[        ] Skipping task ':whisper_cpp_flutter_plus:bundleLibRuntimeToJarDebug' as it is up-to-date.
[        ] work action resolve classes.jar (project :whisper_cpp_flutter_plus) (Thread[#55,included builds,5,main]) started.
[        ] IdentityTransform (Thread[#55,included builds,5,main]) started.
[        ] DexingNoClasspathTransform (Thread[#55,included builds,5,main]) started.
[        ] > Transform classes.jar (project :whisper_cpp_flutter_plus) with DexingNoClasspathTransform
[        ] Caching disabled for DexingNoClasspathTransform: /home/ubuntu/FFM-source-2d123ad-v67/build/whisper_cpp_flutter_plus/intermediates/runtime_library_classes_jar/debug/bundleLibRuntimeToJarDebug/classes.jar because:
[        ]   Build cache is disabled
[        ] Skipping DexingNoClasspathTransform: /home/ubuntu/FFM-source-2d123ad-v67/build/whisper_cpp_flutter_plus/intermediates/runtime_library_classes_jar/debug/bundleLibRuntimeToJarDebug/classes.jar as it is up-to-date.
[        ] DexingOutputSplitTransform (Thread[#55,included builds,5,main]) started.
[        ] Resolve mutations for :app:desugarDebugFileDependencies (Thread[#55,included builds,5,main]) started.
[        ] :app:desugarDebugFileDependencies (Thread[#55,included builds,5,main]) started.
[        ] > Task :app:desugarDebugFileDependencies UP-TO-DATE
[        ] Caching disabled for task ':app:desugarDebugFileDependencies' because:
[        ]   Build cache is disabled
[        ] Skipping task ':app:desugarDebugFileDependencies' as it is up-to-date.
[        ] Resolve mutations for :android_file_picker:mapDebugSourceSetPaths (Thread[#55,included builds,5,main]) started.
[        ] :android_file_picker:mapDebugSourceSetPaths (Thread[#55,included builds,5,main]) started.
[        ] > Task :android_file_picker:mapDebugSourceSetPaths UP-TO-DATE
[        ] Caching disabled for task ':android_file_picker:mapDebugSourceSetPaths' because:
[        ]   Build cache is disabled
[        ]   Caching has been disabled for the task
[        ] Skipping task ':android_file_picker:mapDebugSourceSetPaths' as it is up-to-date.
[        ] work action resolve file-map.txt (project :android_file_picker) (Thread[#55,included builds,5,main]) started.
[        ] Resolve mutations for :android_file_picker:compileDebugLibraryResources (Thread[#55,included builds,5,main]) started.
[        ] :android_file_picker:compileDebugLibraryResources (Thread[#55,included builds,5,main]) started.
[        ] > Task :android_file_picker:compileDebugLibraryResources UP-TO-DATE
[        ] Caching disabled for task ':android_file_picker:compileDebugLibraryResources' because:
[        ]   Build cache is disabled
[        ] Skipping task ':android_file_picker:compileDebugLibraryResources' as it is up-to-date.
[        ] work action resolve out (project :android_file_picker) (Thread[#55,included builds,5,main]) started.
[        ] Resolve mutations for :flutter_local_notifications:writeDebugAarMetadata (Thread[#55,included builds,5,main]) started.
[        ] :flutter_local_notifications:writeDebugAarMetadata (Thread[#55,included builds,5,main]) started.
[  +96 ms] > Task :flutter_local_notifications:writeDebugAarMetadata UP-TO-DATE
[        ] Caching disabled for task ':flutter_local_notifications:writeDebugAarMetadata' because:
[        ]   Build cache is disabled
[        ]   Caching has been disabled for the task
[        ] Skipping task ':flutter_local_notifications:writeDebugAarMetadata' as it is up-to-date.
[        ] work action resolve aar-metadata.properties (project :flutter_local_notifications) (Thread[#55,included builds,5,main]) started.
[        ] Resolve mutations for :flutter_plugin_android_lifecycle:writeDebugAarMetadata (Thread[#55,included builds,5,main]) started.
[        ] :flutter_plugin_android_lifecycle:writeDebugAarMetadata (Thread[#55,included builds,5,main]) started.
[        ] > Task :flutter_plugin_android_lifecycle:writeDebugAarMetadata UP-TO-DATE
[        ] Caching disabled for task ':flutter_plugin_android_lifecycle:writeDebugAarMetadata' because:
[        ]   Build cache is disabled
[        ]   Caching has been disabled for the task
[        ] Skipping task ':flutter_plugin_android_lifecycle:writeDebugAarMetadata' as it is up-to-date.
[        ] work action resolve aar-metadata.properties (project :flutter_plugin_android_lifecycle) (Thread[#55,included builds,5,main]) started.
[        ] Resolve mutations for :flutter_secure_storage:writeDebugAarMetadata (Thread[#55,included builds,5,main]) started.
[        ] :flutter_secure_storage:writeDebugAarMetadata (Thread[#55,included builds,5,main]) started.
[        ] > Task :flutter_secure_storage:writeDebugAarMetadata UP-TO-DATE
[        ] Caching disabled for task ':flutter_secure_storage:writeDebugAarMetadata' because:
[        ]   Build cache is disabled
[        ]   Caching has been disabled for the task
[        ] Skipping task ':flutter_secure_storage:writeDebugAarMetadata' as it is up-to-date.
[        ] work action resolve aar-metadata.properties (project :flutter_secure_storage) (Thread[#55,included builds,5,main]) started.
[        ] Resolve mutations for :image_picker_android:writeDebugAarMetadata (Thread[#55,included builds,5,main]) started.
[        ] :image_picker_android:writeDebugAarMetadata (Thread[#55,included builds,5,main]) started.
[        ] > Task :image_picker_android:writeDebugAarMetadata
[        ] Caching disabled for task ':image_picker_android:writeDebugAarMetadata' because:
[        ]   Build cache is disabled
[        ]   Caching has been disabled for the task
[        ] Task ':image_picker_android:writeDebugAarMetadata' is not up-to-date because:
[        ]   No history is available.
[        ] work action resolve aar-metadata.properties (project :image_picker_android) (Thread[#55,included builds,5,main]) started.
[        ] Resolve mutations for :jni:writeDebugAarMetadata (Thread[#55,included builds,5,main]) started.
[        ] :jni:writeDebugAarMetadata (Thread[#55,included builds,5,main]) started.
[        ] > Task :jni:writeDebugAarMetadata UP-TO-DATE
[        ] Caching disabled for task ':jni:writeDebugAarMetadata' because:
[        ]   Build cache is disabled
[        ]   Caching has been disabled for the task
[        ] Skipping task ':jni:writeDebugAarMetadata' as it is up-to-date.
[        ] work action resolve aar-metadata.properties (project :jni) (Thread[#55,included builds,5,main]) started.
[        ] Resolve mutations for :jni_flutter:writeDebugAarMetadata (Thread[#55,included builds,5,main]) started.
[        ] :jni_flutter:writeDebugAarMetadata (Thread[#55,included builds,5,main]) started.
[        ] > Task :jni_flutter:writeDebugAarMetadata UP-TO-DATE
[        ] Caching disabled for task ':jni_flutter:writeDebugAarMetadata' because:
[        ]   Build cache is disabled
[        ]   Caching has been disabled for the task
[        ] Skipping task ':jni_flutter:writeDebugAarMetadata' as it is up-to-date.
[        ] work action resolve aar-metadata.properties (project :jni_flutter) (Thread[#55,included builds,5,main]) started.
[        ] Resolve mutations for :local_auth_android:writeDebugAarMetadata (Thread[#55,included builds,5,main]) started.
[        ] :local_auth_android:writeDebugAarMetadata (Thread[#55,included builds,5,main]) started.
[        ] > Task :local_auth_android:writeDebugAarMetadata UP-TO-DATE
[        ] Caching disabled for task ':local_auth_android:writeDebugAarMetadata' because:
[        ]   Build cache is disabled
[        ]   Caching has been disabled for the task
[        ] Skipping task ':local_auth_android:writeDebugAarMetadata' as it is up-to-date.
[        ] work action resolve aar-metadata.properties (project :local_auth_android) (Thread[#55,included builds,5,main]) started.
[        ] Resolve mutations for :printing:writeDebugAarMetadata (Thread[#55,included builds,5,main]) started.
[        ] :printing:writeDebugAarMetadata (Thread[#55,included builds,5,main]) started.
[        ] > Task :printing:writeDebugAarMetadata UP-TO-DATE
[        ] Caching disabled for task ':printing:writeDebugAarMetadata' because:
[        ]   Build cache is disabled
[        ]   Caching has been disabled for the task
[        ] Skipping task ':printing:writeDebugAarMetadata' as it is up-to-date.
[        ] work action resolve aar-metadata.properties (project :printing) (Thread[#55,included builds,5,main]) started.
[        ] Resolve mutations for :share_plus:writeDebugAarMetadata (Thread[#55,included builds,5,main]) started.
[        ] :share_plus:writeDebugAarMetadata (Thread[#55,included builds,5,main]) started.
[        ] > Task :share_plus:writeDebugAarMetadata UP-TO-DATE
[        ] Caching disabled for task ':share_plus:writeDebugAarMetadata' because:
[        ]   Build cache is disabled
[        ]   Caching has been disabled for the task
[        ] Skipping task ':share_plus:writeDebugAarMetadata' as it is up-to-date.
[        ] work action resolve aar-metadata.properties (project :share_plus) (Thread[#55,included builds,5,main]) started.
[        ] Resolve mutations for :shared_preferences_android:writeDebugAarMetadata (Thread[#55,included builds,5,main]) started.
[        ] :shared_preferences_android:writeDebugAarMetadata (Thread[#55,included builds,5,main]) started.
[        ] > Task :shared_preferences_android:writeDebugAarMetadata UP-TO-DATE
[        ] Caching disabled for task ':shared_preferences_android:writeDebugAarMetadata' because:
[        ]   Build cache is disabled
[        ]   Caching has been disabled for the task
[        ] Skipping task ':shared_preferences_android:writeDebugAarMetadata' as it is up-to-date.
[        ] work action resolve aar-metadata.properties (project :shared_preferences_android) (Thread[#55,included builds,5,main]) started.
[        ] Resolve mutations for :speech_to_text:writeDebugAarMetadata (Thread[#55,included builds,5,main]) started.
[        ] :speech_to_text:writeDebugAarMetadata (Thread[#55,included builds,5,main]) started.
[        ] > Task :speech_to_text:writeDebugAarMetadata UP-TO-DATE
[        ] Caching disabled for task ':speech_to_text:writeDebugAarMetadata' because:
[        ]   Build cache is disabled
[        ]   Caching has been disabled for the task
[        ] Skipping task ':speech_to_text:writeDebugAarMetadata' as it is up-to-date.
[        ] work action resolve aar-metadata.properties (project :speech_to_text) (Thread[#55,included builds,5,main]) started.
[        ] Resolve mutations for :whisper_cpp_flutter_plus:writeDebugAarMetadata (Thread[#55,included builds,5,main]) started.
[        ] :whisper_cpp_flutter_plus:writeDebugAarMetadata (Thread[#55,included builds,5,main]) started.
[        ] > Task :whisper_cpp_flutter_plus:writeDebugAarMetadata UP-TO-DATE
[        ] Caching disabled for task ':whisper_cpp_flutter_plus:writeDebugAarMetadata' because:
[        ]   Build cache is disabled
[        ]   Caching has been disabled for the task
[        ] Skipping task ':whisper_cpp_flutter_plus:writeDebugAarMetadata' as it is up-to-date.
[        ] work action resolve aar-metadata.properties (project :whisper_cpp_flutter_plus) (Thread[#55,included builds,5,main]) started.
[        ] Resolve mutations for :app:checkDebugAarMetadata (Thread[#55,included builds,5,main]) started.
[        ] :app:checkDebugAarMetadata (Thread[#55,included builds,5,main]) started.
[  +97 ms] > Task :app:checkDebugAarMetadata
[        ] Caching disabled for AarTransform: /home/ubuntu/.gradle/caches/9.3.1/transforms/39181d7ce1fc170d8b944eed27d52074/transformed/activity-ktx-1.12.4 because:
[        ]   Build cache is disabled
[        ]   Caching not enabled.
[        ] Caching disabled for AarTransform: /home/ubuntu/.gradle/caches/9.3.1/transforms/54153e64d0eee9e14adfe22df61734e4/transformed/activity-1.12.4 because:
[        ]   Build cache is disabled
[        ]   Caching not enabled.
[        ] Caching disabled for AarTransform: /home/ubuntu/.gradle/caches/9.3.1/transforms/c95fa921fffd17270ecab5e2092c9ba9/transformed/navigationevent because:
[        ]   Build cache is disabled
[        ]   Caching not enabled.
[        ] Caching disabled for AarTransform: /home/ubuntu/.gradle/caches/9.3.1/transforms/8c9977e1d2b6d4eac35b732a0a74293c/transformed/exifinterface-1.4.2 because:
[        ]   Build cache is disabled
[        ]   Caching not enabled.
[        ] Caching disabled for AarTransform: /home/ubuntu/.gradle/caches/9.3.1/transforms/c0964caf9c24094a321210620cc78cb1/transformed/runtime-annotation because:
[        ]   Build cache is disabled
[        ]   Caching not enabled.
[        ] Caching disabled for task ':app:checkDebugAarMetadata' because:
[        ]   Build cache is disabled
[        ]   Caching has been disabled for the task
[        ] Task ':app:checkDebugAarMetadata' is not up-to-date because:
[        ]   Input property 'aarMetadataFiles' file /home/ubuntu/FFM-source-2d123ad-v67/build/speech_to_text/intermediates/aar_metadata/debug/writeDebugAarMetadata/aar-metadata.properties has been added.
[        ]   Input property 'aarMetadataFiles' file /home/ubuntu/.gradle/caches/9.3.1/transforms/1cb9fa298f2892e5c8bff352cb1bc5e1/transformed/core-ktx-1.18.0/META-INF/com/android/build/gradle/aar-metadata.properties has been added.
[        ]   Input property 'aarMetadataFiles' file /home/ubuntu/.gradle/caches/9.3.1/transforms/d093bb2eca2532b7d20813ec3c4a0c68/transformed/core-1.18.0/META-INF/com/android/build/gradle/aar-metadata.properties has been added.
[        ]   and more...
[        ] Resolve mutations for :app:mapDebugSourceSetPaths (Thread[#55,included builds,5,main]) started.
[        ] :app:mapDebugSourceSetPaths (Thread[#55,included builds,5,main]) started.
[        ] > Task :app:mapDebugSourceSetPaths UP-TO-DATE
[        ] Caching disabled for task ':app:mapDebugSourceSetPaths' because:
[        ]   Build cache is disabled
[        ]   Caching has been disabled for the task
[        ] Skipping task ':app:mapDebugSourceSetPaths' as it is up-to-date.
[        ] Resolve mutations for :app:compileDebugNavigationResources (Thread[#55,included builds,5,main]) started.
[        ] :app:compileDebugNavigationResources (Thread[#55,included builds,5,main]) started.
[        ] > Task :app:compileDebugNavigationResources UP-TO-DATE
[        ] Caching disabled for task ':app:compileDebugNavigationResources' because:
[        ]   Build cache is disabled
[        ] Skipping task ':app:compileDebugNavigationResources' as it is up-to-date.
[        ] Resolve mutations for :app:mergeDebugResources (Thread[#55,included builds,5,main]) started.
[        ] :app:mergeDebugResources (Thread[#55,included builds,5,main]) started.
[ +798 ms] > Task :app:mergeDebugResources
[        ] Caching disabled for AarTransform: /home/ubuntu/.gradle/caches/9.3.1/transforms/39181d7ce1fc170d8b944eed27d52074/transformed/activity-ktx-1.12.4 because:
[        ]   Build cache is disabled
[        ]   Caching not enabled.
[        ] Caching disabled for AarTransform: /home/ubuntu/.gradle/caches/9.3.1/transforms/54153e64d0eee9e14adfe22df61734e4/transformed/activity-1.12.4 because:
[        ]   Build cache is disabled
[        ]   Caching not enabled.
[        ] Caching disabled for AarTransform: /home/ubuntu/.gradle/caches/9.3.1/transforms/c95fa921fffd17270ecab5e2092c9ba9/transformed/navigationevent because:
[        ]   Build cache is disabled
[        ]   Caching not enabled.
[        ] Caching disabled for AarTransform: /home/ubuntu/.gradle/caches/9.3.1/transforms/8c9977e1d2b6d4eac35b732a0a74293c/transformed/exifinterface-1.4.2 because:
[        ]   Build cache is disabled
[        ]   Caching not enabled.
[        ] Caching disabled for AarTransform: /home/ubuntu/.gradle/caches/9.3.1/transforms/c0964caf9c24094a321210620cc78cb1/transformed/runtime-annotation because:
[        ]   Build cache is disabled
[        ]   Caching not enabled.
[        ] Caching disabled for task ':app:mergeDebugResources' because:
[        ]   Build cache is disabled
[        ] Task ':app:mergeDebugResources' is not up-to-date because:
[        ]   Input property 'resourcesComputer.librarySourceSets' file /home/ubuntu/FFM-source-2d123ad-v67/build/image_picker_android/intermediates/packaged_res/debug/packageDebugResources/xml has been added.
[        ]   Input property 'resourcesComputer.librarySourceSets' file /home/ubuntu/FFM-source-2d123ad-v67/build/image_picker_android/intermediates/packaged_res/debug/packageDebugResources/xml/flutter_image_picker_file_paths.xml has been added.
[        ]   Input property 'resourcesComputer.librarySourceSets' file /home/ubuntu/.gradle/caches/9.3.1/transforms/c95fa921fffd17270ecab5e2092c9ba9/transformed/navigationevent/res/values/values.xml has been added.
[        ]   and more...
[        ] Changed Resource sets: full task run!
[        ] Compiling XML table /home/ubuntu/FFM-source-2d123ad-v67/build/app/intermediates/incremental/debug/mergeDebugResources/merged.dir/values/values.xml to /home/ubuntu/FFM-source-2d123ad-v67/build/app/intermediates/merged_res/debug/mergeDebugResources/values_values.arsc.flat
[        ] Compiling XML table /home/ubuntu/FFM-source-2d123ad-v67/build/app/intermediates/incremental/debug/mergeDebugResources/merged.dir/values-hi/values-hi.xml to /home/ubuntu/FFM-source-2d123ad-v67/build/app/intermediates/merged_res/debug/mergeDebugResources/values-hi_values-hi.arsc.flat
[        ] Compiling XML table /home/ubuntu/FFM-source-2d123ad-v67/build/app/intermediates/incremental/debug/mergeDebugResources/merged.dir/values-pt/values-pt.xml to /home/ubuntu/FFM-source-2d123ad-v67/build/app/intermediates/merged_res/debug/mergeDebugResources/values-pt_values-pt.arsc.flat
[        ] Compiling XML table /home/ubuntu/FFM-source-2d123ad-v67/build/app/intermediates/incremental/debug/mergeDebugResources/merged.dir/values-watch-v21/values-watch-v21.xml to /home/ubuntu/FFM-source-2d123ad-v67/build/app/intermediates/merged_res/debug/mergeDebugResources/values-watch-v21_values-watch-v21.arsc.flat
[        ] Compiling XML table /home/ubuntu/FFM-source-2d123ad-v67/build/app/intermediates/incremental/debug/mergeDebugResources/merged.dir/values-watch-v20/values-watch-v20.xml to /home/ubuntu/FFM-source-2d123ad-v67/build/app/intermediates/merged_res/debug/mergeDebugResources/values-watch-v20_values-watch-v20.arsc.flat
[        ] Compiling XML table /home/ubuntu/FFM-source-2d123ad-v67/build/app/intermediates/incremental/debug/mergeDebugResources/merged.dir/values-hr/values-hr.xml to /home/ubuntu/FFM-source-2d123ad-v67/build/app/intermediates/merged_res/debug/mergeDebugResources/values-hr_values-hr.arsc.flat
[        ] Compiling XML table /home/ubuntu/FFM-source-2d123ad-v67/build/app/intermediates/incremental/debug/mergeDebugResources/merged.dir/values-hu/values-hu.xml to /home/ubuntu/FFM-source-2d123ad-v67/build/app/intermediates/merged_res/debug/mergeDebugResources/values-hu_values-hu.arsc.flat
[        ] Compiling XML table /home/ubuntu/FFM-source-2d123ad-v67/build/app/intermediates/incremental/debug/mergeDebugResources/merged.dir/values-hy/values-hy.xml to /home/ubuntu/FFM-source-2d123ad-v67/build/app/intermediates/merged_res/debug/mergeDebugResources/values-hy_values-hy.arsc.flat
[        ] Compiling XML table /home/ubuntu/FFM-source-2d123ad-v67/build/app/intermediates/incremental/debug/mergeDebugResources/merged.dir/values-v16/values-v16.xml to /home/ubuntu/FFM-source-2d123ad-v67/build/app/intermediates/merged_res/debug/mergeDebugResources/values-v16_values-v16.arsc.flat
[        ] Compiling XML table /home/ubuntu/FFM-source-2d123ad-v67/build/app/intermediates/incremental/debug/mergeDebugResources/merged.dir/values-v18/values-v18.xml to /home/ubuntu/FFM-source-2d123ad-v67/build/app/intermediates/merged_res/debug/mergeDebugResources/values-v18_values-v18.arsc.flat
[        ] Compiling XML table /home/ubuntu/FFM-source-2d123ad-v67/build/app/intermediates/incremental/debug/mergeDebugResources/merged.dir/values-v17/values-v17.xml to /home/ubuntu/FFM-source-2d123ad-v67/build/app/intermediates/merged_res/debug/mergeDebugResources/values-v17_values-v17.arsc.flat
[        ] Compiling XML table /home/ubuntu/FFM-source-2d123ad-v67/build/app/intermediates/incremental/debug/mergeDebugResources/merged.dir/values-ldltr-v21/values-ldltr-v21.xml to /home/ubuntu/FFM-source-2d123ad-v67/build/app/intermediates/merged_res/debug/mergeDebugResources/values-ldltr-v21_values-ldltr-v21.arsc.flat
[        ] Compiling XML table /home/ubuntu/FFM-source-2d123ad-v67/build/app/intermediates/incremental/debug/mergeDebugResources/merged.dir/values-af/values-af.xml to /home/ubuntu/FFM-source-2d123ad-v67/build/app/intermediates/merged_res/debug/mergeDebugResources/values-af_values-af.arsc.flat
[        ] Compiling XML table /home/ubuntu/FFM-source-2d123ad-v67/build/app/intermediates/incremental/debug/mergeDebugResources/merged.dir/values-in/values-in.xml to /home/ubuntu/FFM-source-2d123ad-v67/build/app/intermediates/merged_res/debug/mergeDebugResources/values-in_values-in.arsc.flat
[        ] Compiling XML table /home/ubuntu/FFM-source-2d123ad-v67/build/app/intermediates/incremental/debug/mergeDebugResources/merged.dir/values-zh-rHK/values-zh-rHK.xml to /home/ubuntu/FFM-source-2d123ad-v67/build/app/intermediates/merged_res/debug/mergeDebugResources/values-zh-rHK_values-zh-rHK.arsc.flat
[        ] Compiling XML table /home/ubuntu/FFM-source-2d123ad-v67/build/app/intermediates/incremental/debug/mergeDebugResources/merged.dir/values-is/values-is.xml to /home/ubuntu/FFM-source-2d123ad-v67/build/app/intermediates/merged_res/debug/mergeDebugResources/values-is_values-is.arsc.flat
[        ] Compiling XML table /home/ubuntu/FFM-source-2d123ad-v67/build/app/intermediates/incremental/debug/mergeDebugResources/merged.dir/values-it/values-it.xml to /home/ubuntu/FFM-source-2d123ad-v67/build/app/intermediates/merged_res/debug/mergeDebugResources/values-it_values-it.arsc.flat
[        ] Compiling XML table /home/ubuntu/FFM-source-2d123ad-v67/build/app/intermediates/incremental/debug/mergeDebugResources/merged.dir/values-am/values-am.xml to /home/ubuntu/FFM-source-2d123ad-v67/build/app/intermediates/merged_res/debug/mergeDebugResources/values-am_values-am.arsc.flat
[        ] Compiling XML table /home/ubuntu/FFM-source-2d123ad-v67/build/app/intermediates/incremental/debug/mergeDebugResources/merged.dir/values-iw/values-iw.xml to /home/ubuntu/FFM-source-2d123ad-v67/build/app/intermediates/merged_res/debug/mergeDebugResources/values-iw_values-iw.arsc.flat
[        ] Compiling XML table /home/ubuntu/FFM-source-2d123ad-v67/build/app/intermediates/incremental/debug/mergeDebugResources/merged.dir/values-b+sr+Latn/values-b+sr+Latn.xml to /home/ubuntu/FFM-source-2d123ad-v67/build/app/intermediates/merged_res/debug/mergeDebugResources/values-b+sr+Latn_values-b+sr+Latn.arsc.flat
[        ] Compiling XML table /home/ubuntu/FFM-source-2d123ad-v67/build/app/intermediates/incremental/debug/mergeDebugResources/merged.dir/values-ar/values-ar.xml to /home/ubuntu/FFM-source-2d123ad-v67/build/app/intermediates/merged_res/debug/mergeDebugResources/values-ar_values-ar.arsc.flat
[        ] Compiling XML table /home/ubuntu/FFM-source-2d123ad-v67/build/app/intermediates/incremental/debug/mergeDebugResources/merged.dir/values-as/values-as.xml to /home/ubuntu/FFM-source-2d123ad-v67/build/app/intermediates/merged_res/debug/mergeDebugResources/values-as_values-as.arsc.flat
[        ] Compiling XML table /home/ubuntu/FFM-source-2d123ad-v67/build/app/intermediates/incremental/debug/mergeDebugResources/merged.dir/values-v21/values-v21.xml to /home/ubuntu/FFM-source-2d123ad-v67/build/app/intermediates/merged_res/debug/mergeDebugResources/values-v21_values-v21.arsc.flat
[        ] Compiling XML table /home/ubuntu/FFM-source-2d123ad-v67/build/app/intermediates/incremental/debug/mergeDebugResources/merged.dir/values-es-rUS/values-es-rUS.xml to /home/ubuntu/FFM-source-2d123ad-v67/build/app/intermediates/merged_res/debug/mergeDebugResources/values-es-rUS_values-es-rUS.arsc.flat
[        ] Compiling XML table /home/ubuntu/FFM-source-2d123ad-v67/build/app/intermediates/incremental/debug/mergeDebugResources/merged.dir/values-v23/values-v23.xml to /home/ubuntu/FFM-source-2d123ad-v67/build/app/intermediates/merged_res/debug/mergeDebugResources/values-v23_values-v23.arsc.flat
[        ] Compiling XML table /home/ubuntu/FFM-source-2d123ad-v67/build/app/intermediates/incremental/debug/mergeDebugResources/merged.dir/values-ja/values-ja.xml to /home/ubuntu/FFM-source-2d123ad-v67/build/app/intermediates/merged_res/debug/mergeDebugResources/values-ja_values-ja.arsc.flat
[        ] Compiling XML table /home/ubuntu/FFM-source-2d123ad-v67/build/app/intermediates/incremental/debug/mergeDebugResources/merged.dir/values-v22/values-v22.xml to /home/ubuntu/FFM-source-2d123ad-v67/build/app/intermediates/merged_res/debug/mergeDebugResources/values-v22_values-v22.arsc.flat
[        ] Compiling XML table /home/ubuntu/FFM-source-2d123ad-v67/build/app/intermediates/incremental/debug/mergeDebugResources/merged.dir/values-v25/values-v25.xml to /home/ubuntu/FFM-source-2d123ad-v67/build/app/intermediates/merged_res/debug/mergeDebugResources/values-v25_values-v25.arsc.flat
[        ] Compiling XML table /home/ubuntu/FFM-source-2d123ad-v67/build/app/intermediates/incremental/debug/mergeDebugResources/merged.dir/values-az/values-az.xml to /home/ubuntu/FFM-source-2d123ad-v67/build/app/intermediates/merged_res/debug/mergeDebugResources/values-az_values-az.arsc.flat
[        ] Compiling XML table /home/ubuntu/FFM-source-2d123ad-v67/build/app/intermediates/incremental/debug/mergeDebugResources/merged.dir/values-v24/values-v24.xml to /home/ubuntu/FFM-source-2d123ad-v67/build/app/intermediates/merged_res/debug/mergeDebugResources/values-v24_values-v24.arsc.flat
[        ] Compiling XML table /home/ubuntu/FFM-source-2d123ad-v67/build/app/intermediates/incremental/debug/mergeDebugResources/merged.dir/values-pt-rPT/values-pt-rPT.xml to /home/ubuntu/FFM-source-2d123ad-v67/build/app/intermediates/merged_res/debug/mergeDebugResources/values-pt-rPT_values-pt-rPT.arsc.flat
[        ] Compiling XML table /home/ubuntu/FFM-source-2d123ad-v67/build/app/intermediates/incremental/debug/mergeDebugResources/merged.dir/values-zu/values-zu.xml to /home/ubuntu/FFM-source-2d123ad-v67/build/app/intermediates/merged_res/debug/mergeDebugResources/values-zu_values-zu.arsc.flat
[        ] Compiling XML table /home/ubuntu/FFM-source-2d123ad-v67/build/app/intermediates/incremental/debug/mergeDebugResources/merged.dir/values-v26/values-v26.xml to /home/ubuntu/FFM-source-2d123ad-v67/build/app/intermediates/merged_res/debug/mergeDebugResources/values-v26_values-v26.arsc.flat
[        ] Compiling XML table /home/ubuntu/FFM-source-2d123ad-v67/build/app/intermediates/incremental/debug/mergeDebugResources/merged.dir/values-ro/values-ro.xml to /home/ubuntu/FFM-source-2d123ad-v67/build/app/intermediates/merged_res/debug/mergeDebugResources/values-ro_values-ro.arsc.flat
[        ] Compiling XML table /home/ubuntu/FFM-source-2d123ad-v67/build/app/intermediates/incremental/debug/mergeDebugResources/merged.dir/values-v28/values-v28.xml to /home/ubuntu/FFM-source-2d123ad-v67/build/app/intermediates/merged_res/debug/mergeDebugResources/values-v28_values-v28.arsc.flat
[        ] Compiling XML table /home/ubuntu/FFM-source-2d123ad-v67/build/app/intermediates/incremental/debug/mergeDebugResources/merged.dir/values-sw600dp-v13/values-sw600dp-v13.xml to /home/ubuntu/FFM-source-2d123ad-v67/build/app/intermediates/merged_res/debug/mergeDebugResources/values-sw600dp-v13_values-sw600dp-v13.arsc.flat
[        ] Compiling XML table /home/ubuntu/FFM-source-2d123ad-v67/build/app/intermediates/incremental/debug/mergeDebugResources/merged.dir/values-be/values-be.xml to /home/ubuntu/FFM-source-2d123ad-v67/build/app/intermediates/merged_res/debug/mergeDebugResources/values-be_values-be.arsc.flat
[        ] Compiling XML table /home/ubuntu/FFM-source-2d123ad-v67/build/app/intermediates/incremental/debug/mergeDebugResources/merged.dir/values-ru/values-ru.xml to /home/ubuntu/FFM-source-2d123ad-v67/build/app/intermediates/merged_res/debug/mergeDebugResources/values-ru_values-ru.arsc.flat
[        ] Compiling XML table /home/ubuntu/FFM-source-2d123ad-v67/build/app/intermediates/incremental/debug/mergeDebugResources/merged.dir/values-bg/values-bg.xml to /home/ubuntu/FFM-source-2d123ad-v67/build/app/intermediates/merged_res/debug/mergeDebugResources/values-bg_values-bg.arsc.flat
[        ] Compiling XML table /home/ubuntu/FFM-source-2d123ad-v67/build/app/intermediates/incremental/debug/mergeDebugResources/merged.dir/values-bn/values-bn.xml to /home/ubuntu/FFM-source-2d123ad-v67/build/app/intermediates/merged_res/debug/mergeDebugResources/values-bn_values-bn.arsc.flat
[        ] Compiling XML table /home/ubuntu/FFM-source-2d123ad-v67/build/app/intermediates/incremental/debug/mergeDebugResources/merged.dir/values-en-rCA/values-en-rCA.xml to /home/ubuntu/FFM-source-2d123ad-v67/build/app/intermediates/merged_res/debug/mergeDebugResources/values-en-rCA_values-en-rCA.arsc.flat
[        ] Compiling XML table /home/ubuntu/FFM-source-2d123ad-v67/build/app/intermediates/incremental/debug/mergeDebugResources/merged.dir/values-bs/values-bs.xml to /home/ubuntu/FFM-source-2d123ad-v67/build/app/intermediates/merged_res/debug/mergeDebugResources/values-bs_values-bs.arsc.flat
[        ] Compiling XML table /home/ubuntu/FFM-source-2d123ad-v67/build/app/intermediates/incremental/debug/mergeDebugResources/merged.dir/values-si/values-si.xml to /home/ubuntu/FFM-source-2d123ad-v67/build/app/intermediates/merged_res/debug/mergeDebugResources/values-si_values-si.arsc.flat
[        ] Compiling XML table /home/ubuntu/FFM-source-2d123ad-v67/build/app/intermediates/incremental/debug/mergeDebugResources/merged.dir/values-ka/values-ka.xml to /home/ubuntu/FFM-source-2d123ad-v67/build/app/intermediates/merged_res/debug/mergeDebugResources/values-ka_values-ka.arsc.flat
[        ] Compiling XML table /home/ubuntu/FFM-source-2d123ad-v67/build/app/intermediates/incremental/debug/mergeDebugResources/merged.dir/values-sk/values-sk.xml to /home/ubuntu/FFM-source-2d123ad-v67/build/app/intermediates/merged_res/debug/mergeDebugResources/values-sk_values-sk.arsc.flat
[        ] Compiling XML table /home/ubuntu/FFM-source-2d123ad-v67/build/app/intermediates/incremental/debug/mergeDebugResources/merged.dir/values-sl/values-sl.xml to /home/ubuntu/FFM-source-2d123ad-v67/build/app/intermediates/merged_res/debug/mergeDebugResources/values-sl_values-sl.arsc.flat
[        ] Compiling XML table /home/ubuntu/FFM-source-2d123ad-v67/build/app/intermediates/incremental/debug/mergeDebugResources/merged.dir/values-sq/values-sq.xml to /home/ubuntu/FFM-source-2d123ad-v67/build/app/intermediates/merged_res/debug/mergeDebugResources/values-sq_values-sq.arsc.flat
[        ] Compiling XML table /home/ubuntu/FFM-source-2d123ad-v67/build/app/intermediates/incremental/debug/mergeDebugResources/merged.dir/values-ca/values-ca.xml to /home/ubuntu/FFM-source-2d123ad-v67/build/app/intermediates/merged_res/debug/mergeDebugResources/values-ca_values-ca.arsc.flat
[        ] Compiling XML table /home/ubuntu/FFM-source-2d123ad-v67/build/app/intermediates/incremental/debug/mergeDebugResources/merged.dir/values-sr/values-sr.xml to /home/ubuntu/FFM-source-2d123ad-v67/build/app/intermediates/merged_res/debug/mergeDebugResources/values-sr_values-sr.arsc.flat
[        ] Compiling XML table /home/ubuntu/FFM-source-2d123ad-v67/build/app/intermediates/incremental/debug/mergeDebugResources/merged.dir/values-kk/values-kk.xml to /home/ubuntu/FFM-source-2d123ad-v67/build/app/intermediates/merged_res/debug/mergeDebugResources/values-kk_values-kk.arsc.flat
[        ] Compiling XML table /home/ubuntu/FFM-source-2d123ad-v67/build/app/intermediates/incremental/debug/mergeDebugResources/merged.dir/values-km/values-km.xml to /home/ubuntu/FFM-source-2d123ad-v67/build/app/intermediates/merged_res/debug/mergeDebugResources/values-km_values-km.arsc.flat
[        ] Compiling XML table /home/ubuntu/FFM-source-2d123ad-v67/build/app/intermediates/incremental/debug/mergeDebugResources/merged.dir/values-sv/values-sv.xml to /home/ubuntu/FFM-source-2d123ad-v67/build/app/intermediates/merged_res/debug/mergeDebugResources/values-sv_values-sv.arsc.flat
[        ] Compiling XML table /home/ubuntu/FFM-source-2d123ad-v67/build/app/intermediates/incremental/debug/mergeDebugResources/merged.dir/values-kn/values-kn.xml to /home/ubuntu/FFM-source-2d123ad-v67/build/app/intermediates/merged_res/debug/mergeDebugResources/values-kn_values-kn.arsc.flat
[        ] Compiling XML table /home/ubuntu/FFM-source-2d123ad-v67/build/app/intermediates/incremental/debug/mergeDebugResources/merged.dir/values-ko/values-ko.xml to /home/ubuntu/FFM-source-2d123ad-v67/build/app/intermediates/merged_res/debug/mergeDebugResources/values-ko_values-ko.arsc.flat
[        ] Compiling XML table /home/ubuntu/FFM-source-2d123ad-v67/build/app/intermediates/incremental/debug/mergeDebugResources/merged.dir/values-sw/values-sw.xml to /home/ubuntu/FFM-source-2d123ad-v67/build/app/intermediates/merged_res/debug/mergeDebugResources/values-sw_values-sw.arsc.flat
[        ] Compiling XML table /home/ubuntu/FFM-source-2d123ad-v67/build/app/intermediates/incremental/debug/mergeDebugResources/merged.dir/values-ta/values-ta.xml to /home/ubuntu/FFM-source-2d123ad-v67/build/app/intermediates/merged_res/debug/mergeDebugResources/values-ta_values-ta.arsc.flat
[        ] Compiling XML table /home/ubuntu/FFM-source-2d123ad-v67/build/app/intermediates/incremental/debug/mergeDebugResources/merged.dir/values-ky/values-ky.xml to /home/ubuntu/FFM-source-2d123ad-v67/build/app/intermediates/merged_res/debug/mergeDebugResources/values-ky_values-ky.arsc.flat
[        ] Compiling XML table /home/ubuntu/FFM-source-2d123ad-v67/build/app/intermediates/incremental/debug/mergeDebugResources/merged.dir/values-pt-rBR/values-pt-rBR.xml to /home/ubuntu/FFM-source-2d123ad-v67/build/app/intermediates/merged_res/debug/mergeDebugResources/values-pt-rBR_values-pt-rBR.arsc.flat
[        ] Compiling XML table /home/ubuntu/FFM-source-2d123ad-v67/build/app/intermediates/incremental/debug/mergeDebugResources/merged.dir/values-cs/values-cs.xml to /home/ubuntu/FFM-source-2d123ad-v67/build/app/intermediates/merged_res/debug/mergeDebugResources/values-cs_values-cs.arsc.flat
[        ] Compiling XML table /home/ubuntu/FFM-source-2d123ad-v67/build/app/intermediates/incremental/debug/mergeDebugResources/merged.dir/values-h720dp-v13/values-h720dp-v13.xml to /home/ubuntu/FFM-source-2d123ad-v67/build/app/intermediates/merged_res/debug/mergeDebugResources/values-h720dp-v13_values-h720dp-v13.arsc.flat
[        ] Compiling XML table /home/ubuntu/FFM-source-2d123ad-v67/build/app/intermediates/incremental/debug/mergeDebugResources/merged.dir/values-te/values-te.xml to /home/ubuntu/FFM-source-2d123ad-v67/build/app/intermediates/merged_res/debug/mergeDebugResources/values-te_values-te.arsc.flat
[        ] Compiling XML table /home/ubuntu/FFM-source-2d123ad-v67/build/app/intermediates/incremental/debug/mergeDebugResources/merged.dir/values-th/values-th.xml to /home/ubuntu/FFM-source-2d123ad-v67/build/app/intermediates/merged_res/debug/mergeDebugResources/values-th_values-th.arsc.flat
[        ] Compiling XML table /home/ubuntu/FFM-source-2d123ad-v67/build/app/intermediates/incremental/debug/mergeDebugResources/merged.dir/values-tl/values-tl.xml to /home/ubuntu/FFM-source-2d123ad-v67/build/app/intermediates/merged_res/debug/mergeDebugResources/values-tl_values-tl.arsc.flat
[        ] Compiling XML table /home/ubuntu/FFM-source-2d123ad-v67/build/app/intermediates/incremental/debug/mergeDebugResources/merged.dir/values-xlarge-v4/values-xlarge-v4.xml to /home/ubuntu/FFM-source-2d123ad-v67/build/app/intermediates/merged_res/debug/mergeDebugResources/values-xlarge-v4_values-xlarge-v4.arsc.flat
[        ] Compiling XML table /home/ubuntu/FFM-source-2d123ad-v67/build/app/intermediates/incremental/debug/mergeDebugResources/merged.dir/values-da/values-da.xml to /home/ubuntu/FFM-source-2d123ad-v67/build/app/intermediates/merged_res/debug/mergeDebugResources/values-da_values-da.arsc.flat
[        ] Compiling XML table /home/ubuntu/FFM-source-2d123ad-v67/build/app/intermediates/incremental/debug/mergeDebugResources/merged.dir/values-tr/values-tr.xml to /home/ubuntu/FFM-source-2d123ad-v67/build/app/intermediates/merged_res/debug/mergeDebugResources/values-tr_values-tr.arsc.flat
[        ] Compiling XML table /home/ubuntu/FFM-source-2d123ad-v67/build/app/intermediates/incremental/debug/mergeDebugResources/merged.dir/values-en-rAU/values-en-rAU.xml to /home/ubuntu/FFM-source-2d123ad-v67/build/app/intermediates/merged_res/debug/mergeDebugResources/values-en-rAU_values-en-rAU.arsc.flat
[        ] Compiling XML table /home/ubuntu/FFM-source-2d123ad-v67/build/app/intermediates/incremental/debug/mergeDebugResources/merged.dir/values-de/values-de.xml to /home/ubuntu/FFM-source-2d123ad-v67/build/app/intermediates/merged_res/debug/mergeDebugResources/values-de_values-de.arsc.flat
[        ] Compiling XML table /home/ubuntu/FFM-source-2d123ad-v67/build/app/intermediates/incremental/debug/mergeDebugResources/merged.dir/values-lo/values-lo.xml to /home/ubuntu/FFM-source-2d123ad-v67/build/app/intermediates/merged_res/debug/mergeDebugResources/values-lo_values-lo.arsc.flat
[        ] Compiling XML table /home/ubuntu/FFM-source-2d123ad-v67/build/app/intermediates/incremental/debug/mergeDebugResources/merged.dir/values-lt/values-lt.xml to /home/ubuntu/FFM-source-2d123ad-v67/build/app/intermediates/merged_res/debug/mergeDebugResources/values-lt_values-lt.arsc.flat
[        ] Compiling XML table /home/ubuntu/FFM-source-2d123ad-v67/build/app/intermediates/incremental/debug/mergeDebugResources/merged.dir/values-lv/values-lv.xml to /home/ubuntu/FFM-source-2d123ad-v67/build/app/intermediates/merged_res/debug/mergeDebugResources/values-lv_values-lv.arsc.flat
[        ] Compiling XML table /home/ubuntu/FFM-source-2d123ad-v67/build/app/intermediates/incremental/debug/mergeDebugResources/merged.dir/values-en-rIN/values-en-rIN.xml to /home/ubuntu/FFM-source-2d123ad-v67/build/app/intermediates/merged_res/debug/mergeDebugResources/values-en-rIN_values-en-rIN.arsc.flat
[        ] Compiling XML table /home/ubuntu/FFM-source-2d123ad-v67/build/app/intermediates/incremental/debug/mergeDebugResources/merged.dir/values-uk/values-uk.xml to /home/ubuntu/FFM-source-2d123ad-v67/build/app/intermediates/merged_res/debug/mergeDebugResources/values-uk_values-uk.arsc.flat
[        ] Compiling XML table /home/ubuntu/FFM-source-2d123ad-v67/build/app/intermediates/incremental/debug/mergeDebugResources/merged.dir/values-ur/values-ur.xml to /home/ubuntu/FFM-source-2d123ad-v67/build/app/intermediates/merged_res/debug/mergeDebugResources/values-ur_values-ur.arsc.flat
[        ] Compiling XML table /home/ubuntu/FFM-source-2d123ad-v67/build/app/intermediates/incremental/debug/mergeDebugResources/merged.dir/values-mk/values-mk.xml to /home/ubuntu/FFM-source-2d123ad-v67/build/app/intermediates/merged_res/debug/mergeDebugResources/values-mk_values-mk.arsc.flat
[        ] Compiling XML table /home/ubuntu/FFM-source-2d123ad-v67/build/app/intermediates/incremental/debug/mergeDebugResources/merged.dir/values-ml/values-ml.xml to /home/ubuntu/FFM-source-2d123ad-v67/build/app/intermediates/merged_res/debug/mergeDebugResources/values-ml_values-ml.arsc.flat
[        ] Compiling XML table /home/ubuntu/FFM-source-2d123ad-v67/build/app/intermediates/incremental/debug/mergeDebugResources/merged.dir/values-mn/values-mn.xml to /home/ubuntu/FFM-source-2d123ad-v67/build/app/intermediates/merged_res/debug/mergeDebugResources/values-mn_values-mn.arsc.flat
[        ] Compiling XML table /home/ubuntu/FFM-source-2d123ad-v67/build/app/intermediates/incremental/debug/mergeDebugResources/merged.dir/values-uz/values-uz.xml to /home/ubuntu/FFM-source-2d123ad-v67/build/app/intermediates/merged_res/debug/mergeDebugResources/values-uz_values-uz.arsc.flat
[        ] Compiling XML table /home/ubuntu/FFM-source-2d123ad-v67/build/app/intermediates/incremental/debug/mergeDebugResources/merged.dir/values-mr/values-mr.xml to /home/ubuntu/FFM-source-2d123ad-v67/build/app/intermediates/merged_res/debug/mergeDebugResources/values-mr_values-mr.arsc.flat
[        ] Compiling XML table /home/ubuntu/FFM-source-2d123ad-v67/build/app/intermediates/incremental/debug/mergeDebugResources/merged.dir/values-fr-rCA/values-fr-rCA.xml to /home/ubuntu/FFM-source-2d123ad-v67/build/app/intermediates/merged_res/debug/mergeDebugResources/values-fr-rCA_values-fr-rCA.arsc.flat
[        ] Compiling XML table /home/ubuntu/FFM-source-2d123ad-v67/build/app/intermediates/incremental/debug/mergeDebugResources/merged.dir/values-ms/values-ms.xml to /home/ubuntu/FFM-source-2d123ad-v67/build/app/intermediates/merged_res/debug/mergeDebugResources/values-ms_values-ms.arsc.flat
[        ] Compiling XML table /home/ubuntu/FFM-source-2d123ad-v67/build/app/intermediates/incremental/debug/mergeDebugResources/merged.dir/values-el/values-el.xml to /home/ubuntu/FFM-source-2d123ad-v67/build/app/intermediates/merged_res/debug/mergeDebugResources/values-el_values-el.arsc.flat
[        ] Compiling XML table /home/ubuntu/FFM-source-2d123ad-v67/build/app/intermediates/incremental/debug/mergeDebugResources/merged.dir/values-zh-rTW/values-zh-rTW.xml to /home/ubuntu/FFM-source-2d123ad-v67/build/app/intermediates/merged_res/debug/mergeDebugResources/values-zh-rTW_values-zh-rTW.arsc.flat
[        ] Compiling XML table /home/ubuntu/FFM-source-2d123ad-v67/build/app/intermediates/incremental/debug/mergeDebugResources/merged.dir/values-my/values-my.xml to /home/ubuntu/FFM-source-2d123ad-v67/build/app/intermediates/merged_res/debug/mergeDebugResources/values-my_values-my.arsc.flat
[        ] Compiling XML table /home/ubuntu/FFM-source-2d123ad-v67/build/app/intermediates/incremental/debug/mergeDebugResources/merged.dir/values-es/values-es.xml to /home/ubuntu/FFM-source-2d123ad-v67/build/app/intermediates/merged_res/debug/mergeDebugResources/values-es_values-es.arsc.flat
[        ] Compiling XML table /home/ubuntu/FFM-source-2d123ad-v67/build/app/intermediates/incremental/debug/mergeDebugResources/merged.dir/values-et/values-et.xml to /home/ubuntu/FFM-source-2d123ad-v67/build/app/intermediates/merged_res/debug/mergeDebugResources/values-et_values-et.arsc.flat
[        ] Compiling XML table /home/ubuntu/FFM-source-2d123ad-v67/build/app/intermediates/incremental/debug/mergeDebugResources/merged.dir/values-eu/values-eu.xml to /home/ubuntu/FFM-source-2d123ad-v67/build/app/intermediates/merged_res/debug/mergeDebugResources/values-eu_values-eu.arsc.flat
[        ] Compiling XML table /home/ubuntu/FFM-source-2d123ad-v67/build/app/intermediates/incremental/debug/mergeDebugResources/merged.dir/values-vi/values-vi.xml to /home/ubuntu/FFM-source-2d123ad-v67/build/app/intermediates/merged_res/debug/mergeDebugResources/values-vi_values-vi.arsc.flat
[        ] Compiling XML table /home/ubuntu/FFM-source-2d123ad-v67/build/app/intermediates/incremental/debug/mergeDebugResources/merged.dir/values-nb/values-nb.xml to /home/ubuntu/FFM-source-2d123ad-v67/build/app/intermediates/merged_res/debug/mergeDebugResources/values-nb_values-nb.arsc.flat
[        ] Compiling XML table /home/ubuntu/FFM-source-2d123ad-v67/build/app/intermediates/incremental/debug/mergeDebugResources/merged.dir/values-port/values-port.xml to /home/ubuntu/FFM-source-2d123ad-v67/build/app/intermediates/merged_res/debug/mergeDebugResources/values-port_values-port.arsc.flat
[        ] Compiling XML table /home/ubuntu/FFM-source-2d123ad-v67/build/app/intermediates/incremental/debug/mergeDebugResources/merged.dir/values-night-v8/values-night-v8.xml to /home/ubuntu/FFM-source-2d123ad-v67/build/app/intermediates/merged_res/debug/mergeDebugResources/values-night-v8_values-night-v8.arsc.flat
[        ] Compiling XML table /home/ubuntu/FFM-source-2d123ad-v67/build/app/intermediates/incremental/debug/mergeDebugResources/merged.dir/values-ne/values-ne.xml to /home/ubuntu/FFM-source-2d123ad-v67/build/app/intermediates/merged_res/debug/mergeDebugResources/values-ne_values-ne.arsc.flat
[        ] Compiling XML table /home/ubuntu/FFM-source-2d123ad-v67/build/app/intermediates/incremental/debug/mergeDebugResources/merged.dir/values-fa/values-fa.xml to /home/ubuntu/FFM-source-2d123ad-v67/build/app/intermediates/merged_res/debug/mergeDebugResources/values-fa_values-fa.arsc.flat
[        ] Compiling XML table /home/ubuntu/FFM-source-2d123ad-v67/build/app/intermediates/incremental/debug/mergeDebugResources/merged.dir/values-nl/values-nl.xml to /home/ubuntu/FFM-source-2d123ad-v67/build/app/intermediates/merged_res/debug/mergeDebugResources/values-nl_values-nl.arsc.flat
[        ] Compiling XML table /home/ubuntu/FFM-source-2d123ad-v67/build/app/intermediates/incremental/debug/mergeDebugResources/merged.dir/values-zh-rCN/values-zh-rCN.xml to /home/ubuntu/FFM-source-2d123ad-v67/build/app/intermediates/merged_res/debug/mergeDebugResources/values-zh-rCN_values-zh-rCN.arsc.flat
[        ] Compiling XML table /home/ubuntu/FFM-source-2d123ad-v67/build/app/intermediates/incremental/debug/mergeDebugResources/merged.dir/values-fi/values-fi.xml to /home/ubuntu/FFM-source-2d123ad-v67/build/app/intermediates/merged_res/debug/mergeDebugResources/values-fi_values-fi.arsc.flat
[        ] Compiling XML table /home/ubuntu/FFM-source-2d123ad-v67/build/app/intermediates/incremental/debug/mergeDebugResources/merged.dir/values-en-rXC/values-en-rXC.xml to /home/ubuntu/FFM-source-2d123ad-v67/build/app/intermediates/merged_res/debug/mergeDebugResources/values-en-rXC_values-en-rXC.arsc.flat
[        ] Compiling XML table /home/ubuntu/FFM-source-2d123ad-v67/build/app/intermediates/incremental/debug/mergeDebugResources/merged.dir/values-fr/values-fr.xml to /home/ubuntu/FFM-source-2d123ad-v67/build/app/intermediates/merged_res/debug/mergeDebugResources/values-fr_values-fr.arsc.flat
[        ] Compiling XML table /home/ubuntu/FFM-source-2d123ad-v67/build/app/intermediates/incremental/debug/mergeDebugResources/merged.dir/values-large-v4/values-large-v4.xml to /home/ubuntu/FFM-source-2d123ad-v67/build/app/intermediates/merged_res/debug/mergeDebugResources/values-large-v4_values-large-v4.arsc.flat
[        ] Compiling XML table /home/ubuntu/FFM-source-2d123ad-v67/build/app/intermediates/incremental/debug/mergeDebugResources/merged.dir/values-hdpi-v4/values-hdpi-v4.xml to /home/ubuntu/FFM-source-2d123ad-v67/build/app/intermediates/merged_res/debug/mergeDebugResources/values-hdpi-v4_values-hdpi-v4.arsc.flat
[        ] Compiling XML table /home/ubuntu/FFM-source-2d123ad-v67/build/app/intermediates/incremental/debug/mergeDebugResources/merged.dir/values-en-rGB/values-en-rGB.xml to /home/ubuntu/FFM-source-2d123ad-v67/build/app/intermediates/merged_res/debug/mergeDebugResources/values-en-rGB_values-en-rGB.arsc.flat
[        ] Compiling XML table /home/ubuntu/FFM-source-2d123ad-v67/build/app/intermediates/incremental/debug/mergeDebugResources/merged.dir/values-land/values-land.xml to /home/ubuntu/FFM-source-2d123ad-v67/build/app/intermediates/merged_res/debug/mergeDebugResources/values-land_values-land.arsc.flat
[        ] Compiling XML table /home/ubuntu/FFM-source-2d123ad-v67/build/app/intermediates/incremental/debug/mergeDebugResources/merged.dir/values-or/values-or.xml to /home/ubuntu/FFM-source-2d123ad-v67/build/app/intermediates/merged_res/debug/mergeDebugResources/values-or_values-or.arsc.flat
[        ] Compiling XML table /home/ubuntu/FFM-source-2d123ad-v67/build/app/intermediates/incremental/debug/mergeDebugResources/merged.dir/values-gl/values-gl.xml to /home/ubuntu/FFM-source-2d123ad-v67/build/app/intermediates/merged_res/debug/mergeDebugResources/values-gl_values-gl.arsc.flat
[        ] Compiling XML table /home/ubuntu/FFM-source-2d123ad-v67/build/app/intermediates/incremental/debug/mergeDebugResources/merged.dir/values-gu/values-gu.xml to /home/ubuntu/FFM-source-2d123ad-v67/build/app/intermediates/merged_res/debug/mergeDebugResources/values-gu_values-gu.arsc.flat
[        ] Compiling XML table /home/ubuntu/FFM-source-2d123ad-v67/build/app/intermediates/incremental/debug/mergeDebugResources/merged.dir/values-pa/values-pa.xml to /home/ubuntu/FFM-source-2d123ad-v67/build/app/intermediates/merged_res/debug/mergeDebugResources/values-pa_values-pa.arsc.flat
[        ] Compiling XML table /home/ubuntu/FFM-source-2d123ad-v67/build/app/intermediates/incremental/debug/mergeDebugResources/merged.dir/values-sw360dp-v13/values-sw360dp-v13.xml to /home/ubuntu/FFM-source-2d123ad-v67/build/app/intermediates/merged_res/debug/mergeDebugResources/values-sw360dp-v13_values-sw360dp-v13.arsc.flat
[        ] Compiling XML table /home/ubuntu/FFM-source-2d123ad-v67/build/app/intermediates/incremental/debug/mergeDebugResources/merged.dir/values-pl/values-pl.xml to /home/ubuntu/FFM-source-2d123ad-v67/build/app/intermediates/merged_res/debug/mergeDebugResources/values-pl_values-pl.arsc.flat
[        ] Compiling image file /home/ubuntu/FFM-source-2d123ad-v67/android/app/src/main/res/mipmap-hdpi/ic_launcher.png
[        ] Compiling file /home/ubuntu/FFM-source-2d123ad-v67/android/app/src/main/res/mipmap-hdpi/ic_launcher.png to /home/ubuntu/FFM-source-2d123ad-v67/build/app/intermediates/merged_res/debug/mergeDebugResources/mipmap-hdpi_ic_launcher.png.flat
[        ] Compiling image file /home/ubuntu/FFM-source-2d123ad-v67/android/app/src/main/res/mipmap-xxhdpi/ic_launcher.png
[        ] Compiling file /home/ubuntu/FFM-source-2d123ad-v67/android/app/src/main/res/mipmap-xxhdpi/ic_launcher.png to /home/ubuntu/FFM-source-2d123ad-v67/build/app/intermediates/merged_res/debug/mergeDebugResources/mipmap-xxhdpi_ic_launcher.png.flat
[        ] Compiling xml file /home/ubuntu/FFM-source-2d123ad-v67/android/app/src/main/res/layout/ffm_widget.xml to /home/ubuntu/FFM-source-2d123ad-v67/build/app/intermediates/merged_res/debug/mergeDebugResources/layout_ffm_widget.xml.flat
[        ] Compiling image file /home/ubuntu/FFM-source-2d123ad-v67/android/app/src/main/res/mipmap-mdpi/ic_launcher.png
[        ] Compiling file /home/ubuntu/FFM-source-2d123ad-v67/android/app/src/main/res/mipmap-mdpi/ic_launcher.png to /home/ubuntu/FFM-source-2d123ad-v67/build/app/intermediates/merged_res/debug/mergeDebugResources/mipmap-mdpi_ic_launcher.png.flat
[        ] Compiling xml file /home/ubuntu/FFM-source-2d123ad-v67/android/app/src/main/res/drawable-v21/launch_background.xml to /home/ubuntu/FFM-source-2d123ad-v67/build/app/intermediates/merged_res/debug/mergeDebugResources/drawable-v21_launch_background.xml.flat
[        ] Compiling image file /home/ubuntu/FFM-source-2d123ad-v67/android/app/src/main/res/mipmap-xhdpi/ic_launcher.png
[        ] Compiling file /home/ubuntu/FFM-source-2d123ad-v67/android/app/src/main/res/mipmap-xhdpi/ic_launcher.png to /home/ubuntu/FFM-source-2d123ad-v67/build/app/intermediates/merged_res/debug/mergeDebugResources/mipmap-xhdpi_ic_launcher.png.flat
[        ] Compiling xml file /home/ubuntu/FFM-source-2d123ad-v67/android/app/src/main/res/xml/ffm_widget_info.xml to /home/ubuntu/FFM-source-2d123ad-v67/build/app/intermediates/merged_res/debug/mergeDebugResources/xml_ffm_widget_info.xml.flat
[        ] Compiling image file /home/ubuntu/FFM-source-2d123ad-v67/android/app/src/main/res/mipmap-xxxhdpi/ic_launcher.png
[        ] Compiling file /home/ubuntu/FFM-source-2d123ad-v67/android/app/src/main/res/mipmap-xxxhdpi/ic_launcher.png to /home/ubuntu/FFM-source-2d123ad-v67/build/app/intermediates/merged_res/debug/mergeDebugResources/mipmap-xxxhdpi_ic_launcher.png.flat
[        ] Resolve mutations for :app:createDebugCompatibleScreenManifests (Thread[#55,included builds,5,main]) started.
[        ] :app:createDebugCompatibleScreenManifests (Thread[#55,included builds,5,main]) started.
[        ] > Task :app:createDebugCompatibleScreenManifests UP-TO-DATE
[        ] Caching disabled for task ':app:createDebugCompatibleScreenManifests' because:
[        ]   Build cache is disabled
[        ]   Caching has been disabled for the task
[        ] Skipping task ':app:createDebugCompatibleScreenManifests' as it is up-to-date.
[        ] Resolve mutations for :android_file_picker:extractDeepLinksDebug (Thread[#55,included builds,5,main]) started.
[        ] :android_file_picker:extractDeepLinksDebug (Thread[#55,included builds,5,main]) started.
[        ] > Task :android_file_picker:extractDeepLinksDebug UP-TO-DATE
[        ] Caching disabled for task ':android_file_picker:extractDeepLinksDebug' because:
[        ]   Build cache is disabled
[        ] Skipping task ':android_file_picker:extractDeepLinksDebug' as it is up-to-date.
[        ] work action resolve navigation.json (project :android_file_picker) (Thread[#55,included builds,5,main]) started.
[        ] Resolve mutations for :app:extractDeepLinksDebug (Thread[#55,included builds,5,main]) started.
[        ] :app:extractDeepLinksDebug (Thread[#55,included builds,5,main]) started.
[        ] > Task :app:extractDeepLinksDebug UP-TO-DATE
[        ] Caching disabled for task ':app:extractDeepLinksDebug' because:
[        ]   Build cache is disabled
[        ] Skipping task ':app:extractDeepLinksDebug' as it is up-to-date.
[        ] Resolve mutations for :flutter_local_notifications:extractDeepLinksDebug (Thread[#55,included builds,5,main]) started.
[        ] :flutter_local_notifications:extractDeepLinksDebug (Thread[#55,included builds,5,main]) started.
[        ] > Task :flutter_local_notifications:extractDeepLinksDebug UP-TO-DATE
[        ] Caching disabled for task ':flutter_local_notifications:extractDeepLinksDebug' because:
[        ]   Build cache is disabled
[        ] Skipping task ':flutter_local_notifications:extractDeepLinksDebug' as it is up-to-date.
[        ] work action resolve navigation.json (project :flutter_local_notifications) (Thread[#55,included builds,5,main]) started.
[        ] Resolve mutations for :flutter_local_notifications:processDebugManifest (Thread[#55,included builds,5,main]) started.
[        ] :flutter_local_notifications:processDebugManifest (Thread[#55,included builds,5,main]) started.
[        ] > Task :flutter_local_notifications:processDebugManifest UP-TO-DATE
[        ] Caching disabled for task ':flutter_local_notifications:processDebugManifest' because:
[        ]   Build cache is disabled
[        ] Skipping task ':flutter_local_notifications:processDebugManifest' as it is up-to-date.
[        ] work action resolve AndroidManifest.xml (project :flutter_local_notifications) (Thread[#55,included builds,5,main]) started.
[        ] Resolve mutations for :flutter_plugin_android_lifecycle:extractDeepLinksDebug (Thread[#55,included builds,5,main]) started.
[        ] :flutter_plugin_android_lifecycle:extractDeepLinksDebug (Thread[#55,included builds,5,main]) started.
[        ] > Task :flutter_plugin_android_lifecycle:extractDeepLinksDebug UP-TO-DATE
[        ] Caching disabled for task ':flutter_plugin_android_lifecycle:extractDeepLinksDebug' because:
[        ]   Build cache is disabled
[        ] Skipping task ':flutter_plugin_android_lifecycle:extractDeepLinksDebug' as it is up-to-date.
[        ] work action resolve navigation.json (project :flutter_plugin_android_lifecycle) (Thread[#55,included builds,5,main]) started.
[        ] Resolve mutations for :flutter_plugin_android_lifecycle:processDebugManifest (Thread[#55,included builds,5,main]) started.
[        ] :flutter_plugin_android_lifecycle:processDebugManifest (Thread[#55,included builds,5,main]) started.
[        ] > Task :flutter_plugin_android_lifecycle:processDebugManifest UP-TO-DATE
[        ] Caching disabled for task ':flutter_plugin_android_lifecycle:processDebugManifest' because:
[        ]   Build cache is disabled
[        ] Skipping task ':flutter_plugin_android_lifecycle:processDebugManifest' as it is up-to-date.
[        ] work action resolve AndroidManifest.xml (project :flutter_plugin_android_lifecycle) (Thread[#55,included builds,5,main]) started.
[        ] Resolve mutations for :flutter_secure_storage:extractDeepLinksDebug (Thread[#55,included builds,5,main]) started.
[        ] :flutter_secure_storage:extractDeepLinksDebug (Thread[#55,included builds,5,main]) started.
[        ] > Task :flutter_secure_storage:extractDeepLinksDebug UP-TO-DATE
[        ] Caching disabled for task ':flutter_secure_storage:extractDeepLinksDebug' because:
[        ]   Build cache is disabled
[        ] Skipping task ':flutter_secure_storage:extractDeepLinksDebug' as it is up-to-date.
[        ] work action resolve navigation.json (project :flutter_secure_storage) (Thread[#55,included builds,5,main]) started.
[        ] Resolve mutations for :flutter_secure_storage:processDebugManifest (Thread[#55,included builds,5,main]) started.
[        ] :flutter_secure_storage:processDebugManifest (Thread[#55,included builds,5,main]) started.
[        ] > Task :flutter_secure_storage:processDebugManifest UP-TO-DATE
[        ] Caching disabled for task ':flutter_secure_storage:processDebugManifest' because:
[        ]   Build cache is disabled
[        ] Skipping task ':flutter_secure_storage:processDebugManifest' as it is up-to-date.
[        ] work action resolve AndroidManifest.xml (project :flutter_secure_storage) (Thread[#55,included builds,5,main]) started.
[        ] Resolve mutations for :image_picker_android:extractDeepLinksDebug (Thread[#55,included builds,5,main]) started.
[        ] :image_picker_android:extractDeepLinksDebug (Thread[#55,included builds,5,main]) started.
[        ] > Task :image_picker_android:extractDeepLinksDebug
[        ] Caching disabled for task ':image_picker_android:extractDeepLinksDebug' because:
[        ]   Build cache is disabled
[        ] Task ':image_picker_android:extractDeepLinksDebug' is not up-to-date because:
[        ]   No history is available.
[        ] work action resolve navigation.json (project :image_picker_android) (Thread[#55,included builds,5,main]) started.
[        ] Resolve mutations for :image_picker_android:processDebugManifest (Thread[#55,included builds,5,main]) started.
[        ] :image_picker_android:processDebugManifest (Thread[#55,included builds,5,main]) started.
[  +94 ms] > Task :image_picker_android:processDebugManifest
[        ] Caching disabled for task ':image_picker_android:processDebugManifest' because:
[        ]   Build cache is disabled
[        ] Task ':image_picker_android:processDebugManifest' is not up-to-date because:
[        ]   No history is available.
[        ] package="io.flutter.plugins.imagepicker" found in source AndroidManifest.xml: /home/ubuntu/.pub-cache/hosted/pub.dev/image_picker_android-0.8.13+19/android/src/main/AndroidManifest.xml.
[        ] Setting the namespace via the package attribute in the source AndroidManifest.xml is no longer supported, and the value is ignored.
[        ] Recommendation: remove package="io.flutter.plugins.imagepicker" from the source AndroidManifest.xml: /home/ubuntu/.pub-cache/hosted/pub.dev/image_picker_android-0.8.13+19/android/src/main/AndroidManifest.xml.
[        ] Merging main manifest /home/ubuntu/.pub-cache/hosted/pub.dev/image_picker_android-0.8.13+19/android/src/main/AndroidManifest.xml
[        ] Merging result: SUCCESS
[        ] 1<?xml version="1.0" encoding="utf-8"?>
[        ] 2<manifest xmlns:android="http://schemas.android.com/apk/res/android"
[        ] 3    xmlns:tools="http://schemas.android.com/tools"
[        ] 4    package="io.flutter.plugins.imagepicker" >
[        ] 5
[        ] 6    <uses-sdk android:minSdkVersion="24" />
[        ] 6-->INJECTED
[        ] 6-->INJECTED
[        ] 7
[        ] 8    <application>
[        ] 8-->/home/ubuntu/.pub-cache/hosted/pub.dev/image_picker_android-0.8.13+19/android/src/main/AndroidManifest.xml:5:5-25:19
[        ] 9        <provider
[        ] 9-->/home/ubuntu/.pub-cache/hosted/pub.dev/image_picker_android-0.8.13+19/android/src/main/AndroidManifest.xml:6:9-14:20
[        ] 10            android:name="io.flutter.plugins.imagepicker.ImagePickerFileProvider"
[        ] 10-->/home/ubuntu/.pub-cache/hosted/pub.dev/image_picker_android-0.8.13+19/android/src/main/AndroidManifest.xml:7:13-82
[        ] 11            android:authorities="${applicationId}.flutter.image_provider"
[        ] 11-->/home/ubuntu/.pub-cache/hosted/pub.dev/image_picker_android-0.8.13+19/android/src/main/AndroidManifest.xml:8:13-74
[        ] 12            android:exported="false"
[        ] 12-->/home/ubuntu/.pub-cache/hosted/pub.dev/image_picker_android-0.8.13+19/android/src/main/AndroidManifest.xml:9:13-37
[        ] 13            android:grantUriPermissions="true" >
[        ] 13-->/home/ubuntu/.pub-cache/hosted/pub.dev/image_picker_android-0.8.13+19/android/src/main/AndroidManifest.xml:10:13-47
[        ] 14            <meta-data
[        ] 14-->/home/ubuntu/.pub-cache/hosted/pub.dev/image_picker_android-0.8.13+19/android/src/main/AndroidManifest.xml:11:13-13:75
[        ] 15                android:name="android.support.FILE_PROVIDER_PATHS"
[        ] 15-->/home/ubuntu/.pub-cache/hosted/pub.dev/image_picker_android-0.8.13+19/android/src/main/AndroidManifest.xml:12:17-67
[        ] 16                android:resource="@xml/flutter_image_picker_file_paths" />
[        ] 16-->/home/ubuntu/.pub-cache/hosted/pub.dev/image_picker_android-0.8.13+19/android/src/main/AndroidManifest.xml:13:17-72
[        ] 17        </provider>
[        ] 18        <!-- Trigger Google Play services to install the backported photo picker module. -->
[        ] 19        <service
[        ] 19-->/home/ubuntu/.pub-cache/hosted/pub.dev/image_picker_android-0.8.13+19/android/src/main/AndroidManifest.xml:16:9-24:19
[        ] 20            android:name="com.google.android.gms.metadata.ModuleDependencies"
[        ] 20-->/home/ubuntu/.pub-cache/hosted/pub.dev/image_picker_android-0.8.13+19/android/src/main/AndroidManifest.xml:16:18-83
[        ] 21            android:enabled="false"
[        ] 21-->/home/ubuntu/.pub-cache/hosted/pub.dev/image_picker_android-0.8.13+19/android/src/main/AndroidManifest.xml:17:17-40
[        ] 22            android:exported="false"
[        ] 22-->/home/ubuntu/.pub-cache/hosted/pub.dev/image_picker_android-0.8.13+19/android/src/main/AndroidManifest.xml:18:17-41
[        ] 23            tools:ignore="MissingClass" >
[        ] 23-->/home/ubuntu/.pub-cache/hosted/pub.dev/image_picker_android-0.8.13+19/android/src/main/AndroidManifest.xml:19:17-44
[        ] 24            <intent-filter>
[        ] 24-->/home/ubuntu/.pub-cache/hosted/pub.dev/image_picker_android-0.8.13+19/android/src/main/AndroidManifest.xml:20:13-22:29
[        ] 25                <action android:name="com.google.android.gms.metadata.MODULE_DEPENDENCIES" />
[        ] 25-->/home/ubuntu/.pub-cache/hosted/pub.dev/image_picker_android-0.8.13+19/android/src/main/AndroidManifest.xml:21:17-94
[        ] 25-->/home/ubuntu/.pub-cache/hosted/pub.dev/image_picker_android-0.8.13+19/android/src/main/AndroidManifest.xml:21:25-91
[        ] 26            </intent-filter>
[        ] 27
[        ] 28            <meta-data
[        ] 28-->/home/ubuntu/.pub-cache/hosted/pub.dev/image_picker_android-0.8.13+19/android/src/main/AndroidManifest.xml:23:13-90
[        ] 29                android:name="photopicker_activity:0:required"
[        ] 29-->/home/ubuntu/.pub-cache/hosted/pub.dev/image_picker_android-0.8.13+19/android/src/main/AndroidManifest.xml:23:24-70
[        ] 30                android:value="" />
[        ] 30-->/home/ubuntu/.pub-cache/hosted/pub.dev/image_picker_android-0.8.13+19/android/src/main/AndroidManifest.xml:23:71-87
[        ] 31        </service>
[        ] 32    </application>
[        ] 33
[        ] 34</manifest>
[        ] Merged manifest saved to /home/ubuntu/FFM-source-2d123ad-v67/build/image_picker_android/intermediates/merged_manifest/debug/processDebugManifest/AndroidManifest.xml
[        ] work action resolve AndroidManifest.xml (project :image_picker_android) (Thread[#55,included builds,5,main]) started.
[        ] Resolve mutations for :jni:extractDeepLinksDebug (Thread[#55,included builds,5,main]) started.
[        ] :jni:extractDeepLinksDebug (Thread[#55,included builds,5,main]) started.
[        ] > Task :jni:extractDeepLinksDebug UP-TO-DATE
[        ] Caching disabled for task ':jni:extractDeepLinksDebug' because:
[        ]   Build cache is disabled
[        ] Skipping task ':jni:extractDeepLinksDebug' as it is up-to-date.
[        ] work action resolve navigation.json (project :jni) (Thread[#55,included builds,5,main]) started.
[        ] Resolve mutations for :jni:processDebugManifest (Thread[#55,included builds,5,main]) started.
[        ] :jni:processDebugManifest (Thread[#55,included builds,5,main]) started.
[        ] > Task :jni:processDebugManifest UP-TO-DATE
[        ] Caching disabled for task ':jni:processDebugManifest' because:
[        ]   Build cache is disabled
[        ] Skipping task ':jni:processDebugManifest' as it is up-to-date.
[        ] work action resolve AndroidManifest.xml (project :jni) (Thread[#55,included builds,5,main]) started.
[        ] Resolve mutations for :jni_flutter:extractDeepLinksDebug (Thread[#55,included builds,5,main]) started.
[        ] :jni_flutter:extractDeepLinksDebug (Thread[#55,included builds,5,main]) started.
[        ] > Task :jni_flutter:extractDeepLinksDebug UP-TO-DATE
[        ] Caching disabled for task ':jni_flutter:extractDeepLinksDebug' because:
[        ]   Build cache is disabled
[        ] Skipping task ':jni_flutter:extractDeepLinksDebug' as it is up-to-date.
[        ] work action resolve navigation.json (project :jni_flutter) (Thread[#55,included builds,5,main]) started.
[        ] Resolve mutations for :jni_flutter:processDebugManifest (Thread[#55,included builds,5,main]) started.
[        ] :jni_flutter:processDebugManifest (Thread[#55,included builds,5,main]) started.
[        ] > Task :jni_flutter:processDebugManifest UP-TO-DATE
[        ] Caching disabled for task ':jni_flutter:processDebugManifest' because:
[        ]   Build cache is disabled
[        ] Skipping task ':jni_flutter:processDebugManifest' as it is up-to-date.
[        ] work action resolve AndroidManifest.xml (project :jni_flutter) (Thread[#55,included builds,5,main]) started.
[        ] Resolve mutations for :local_auth_android:extractDeepLinksDebug (Thread[#55,included builds,5,main]) started.
[        ] :local_auth_android:extractDeepLinksDebug (Thread[#55,included builds,5,main]) started.
[        ] > Task :local_auth_android:extractDeepLinksDebug UP-TO-DATE
[        ] Caching disabled for task ':local_auth_android:extractDeepLinksDebug' because:
[        ]   Build cache is disabled
[        ] Skipping task ':local_auth_android:extractDeepLinksDebug' as it is up-to-date.
[        ] work action resolve navigation.json (project :local_auth_android) (Thread[#55,included builds,5,main]) started.
[        ] Resolve mutations for :local_auth_android:processDebugManifest (Thread[#55,included builds,5,main]) started.
[        ] :local_auth_android:processDebugManifest (Thread[#55,included builds,5,main]) started.
[        ] > Task :local_auth_android:processDebugManifest UP-TO-DATE
[        ] Caching disabled for task ':local_auth_android:processDebugManifest' because:
[        ]   Build cache is disabled
[        ] Skipping task ':local_auth_android:processDebugManifest' as it is up-to-date.
[        ] work action resolve AndroidManifest.xml (project :local_auth_android) (Thread[#55,included builds,5,main]) started.
[        ] Resolve mutations for :printing:extractDeepLinksDebug (Thread[#55,included builds,5,main]) started.
[        ] :printing:extractDeepLinksDebug (Thread[#55,included builds,5,main]) started.
[        ] > Task :printing:extractDeepLinksDebug UP-TO-DATE
[        ] Caching disabled for task ':printing:extractDeepLinksDebug' because:
[        ]   Build cache is disabled
[        ] Skipping task ':printing:extractDeepLinksDebug' as it is up-to-date.
[        ] work action resolve navigation.json (project :printing) (Thread[#55,included builds,5,main]) started.
[        ] Resolve mutations for :printing:processDebugManifest (Thread[#55,included builds,5,main]) started.
[        ] :printing:processDebugManifest (Thread[#55,included builds,5,main]) started.
[        ] > Task :printing:processDebugManifest UP-TO-DATE
[        ] Caching disabled for task ':printing:processDebugManifest' because:
[        ]   Build cache is disabled
[        ] Skipping task ':printing:processDebugManifest' as it is up-to-date.
[        ] work action resolve AndroidManifest.xml (project :printing) (Thread[#55,included builds,5,main]) started.
[        ] Resolve mutations for :share_plus:extractDeepLinksDebug (Thread[#55,included builds,5,main]) started.
[        ] :share_plus:extractDeepLinksDebug (Thread[#55,included builds,5,main]) started.
[        ] > Task :share_plus:extractDeepLinksDebug UP-TO-DATE
[        ] Caching disabled for task ':share_plus:extractDeepLinksDebug' because:
[        ]   Build cache is disabled
[        ] Skipping task ':share_plus:extractDeepLinksDebug' as it is up-to-date.
[        ] work action resolve navigation.json (project :share_plus) (Thread[#55,included builds,5,main]) started.
[        ] Resolve mutations for :share_plus:processDebugManifest (Thread[#55,included builds,5,main]) started.
[        ] :share_plus:processDebugManifest (Thread[#55,included builds,5,main]) started.
[        ] > Task :share_plus:processDebugManifest UP-TO-DATE
[        ] Caching disabled for task ':share_plus:processDebugManifest' because:
[        ]   Build cache is disabled
[        ] Skipping task ':share_plus:processDebugManifest' as it is up-to-date.
[        ] work action resolve AndroidManifest.xml (project :share_plus) (Thread[#55,included builds,5,main]) started.
[        ] Resolve mutations for :shared_preferences_android:extractDeepLinksDebug (Thread[#55,included builds,5,main]) started.
[        ] :shared_preferences_android:extractDeepLinksDebug (Thread[#55,included builds,5,main]) started.
[        ] > Task :shared_preferences_android:extractDeepLinksDebug UP-TO-DATE
[        ] Caching disabled for task ':shared_preferences_android:extractDeepLinksDebug' because:
[        ]   Build cache is disabled
[        ] Skipping task ':shared_preferences_android:extractDeepLinksDebug' as it is up-to-date.
[        ] work action resolve navigation.json (project :shared_preferences_android) (Thread[#55,included builds,5,main]) started.
[        ] Resolve mutations for :shared_preferences_android:processDebugManifest (Thread[#55,included builds,5,main]) started.
[        ] :shared_preferences_android:processDebugManifest (Thread[#55,included builds,5,main]) started.
[        ] > Task :shared_preferences_android:processDebugManifest UP-TO-DATE
[        ] Caching disabled for task ':shared_preferences_android:processDebugManifest' because:
[        ]   Build cache is disabled
[        ] Skipping task ':shared_preferences_android:processDebugManifest' as it is up-to-date.
[        ] work action resolve AndroidManifest.xml (project :shared_preferences_android) (Thread[#55,included builds,5,main]) started.
[        ] Resolve mutations for :speech_to_text:extractDeepLinksDebug (Thread[#55,included builds,5,main]) started.
[        ] :speech_to_text:extractDeepLinksDebug (Thread[#55,included builds,5,main]) started.
[        ] > Task :speech_to_text:extractDeepLinksDebug UP-TO-DATE
[        ] Caching disabled for task ':speech_to_text:extractDeepLinksDebug' because:
[        ]   Build cache is disabled
[        ] Skipping task ':speech_to_text:extractDeepLinksDebug' as it is up-to-date.
[        ] work action resolve navigation.json (project :speech_to_text) (Thread[#55,included builds,5,main]) started.
[        ] Resolve mutations for :speech_to_text:processDebugManifest (Thread[#55,included builds,5,main]) started.
[        ] :speech_to_text:processDebugManifest (Thread[#55,included builds,5,main]) started.
[        ] > Task :speech_to_text:processDebugManifest UP-TO-DATE
[        ] Caching disabled for task ':speech_to_text:processDebugManifest' because:
[        ]   Build cache is disabled
[        ] Skipping task ':speech_to_text:processDebugManifest' as it is up-to-date.
[        ] work action resolve AndroidManifest.xml (project :speech_to_text) (Thread[#55,included builds,5,main]) started.
[        ] Resolve mutations for :whisper_cpp_flutter_plus:extractDeepLinksDebug (Thread[#55,included builds,5,main]) started.
[        ] :whisper_cpp_flutter_plus:extractDeepLinksDebug (Thread[#55,included builds,5,main]) started.
[        ] > Task :whisper_cpp_flutter_plus:extractDeepLinksDebug UP-TO-DATE
[        ] Caching disabled for task ':whisper_cpp_flutter_plus:extractDeepLinksDebug' because:
[        ]   Build cache is disabled
[        ] Skipping task ':whisper_cpp_flutter_plus:extractDeepLinksDebug' as it is up-to-date.
[        ] work action resolve navigation.json (project :whisper_cpp_flutter_plus) (Thread[#55,included builds,5,main]) started.
[        ] Resolve mutations for :whisper_cpp_flutter_plus:processDebugManifest (Thread[#55,included builds,5,main]) started.
[        ] :whisper_cpp_flutter_plus:processDebugManifest (Thread[#55,included builds,5,main]) started.
[        ] > Task :whisper_cpp_flutter_plus:processDebugManifest UP-TO-DATE
[        ] Caching disabled for task ':whisper_cpp_flutter_plus:processDebugManifest' because:
[        ]   Build cache is disabled
[        ] Skipping task ':whisper_cpp_flutter_plus:processDebugManifest' as it is up-to-date.
[        ] work action resolve AndroidManifest.xml (project :whisper_cpp_flutter_plus) (Thread[#55,included builds,5,main]) started.
[        ] Resolve mutations for :app:processDebugMainManifest (Thread[#55,included builds,5,main]) started.
[        ] :app:processDebugMainManifest (Thread[#55,included builds,5,main]) started.
[  +96 ms] > Task :app:processDebugMainManifest
[        ] Caching disabled for AarTransform: /home/ubuntu/.gradle/caches/9.3.1/transforms/39181d7ce1fc170d8b944eed27d52074/transformed/activity-ktx-1.12.4 because:
[        ]   Build cache is disabled
[        ]   Caching not enabled.
[        ] Caching disabled for AarTransform: /home/ubuntu/.gradle/caches/9.3.1/transforms/54153e64d0eee9e14adfe22df61734e4/transformed/activity-1.12.4 because:
[        ]   Build cache is disabled
[        ]   Caching not enabled.
[        ] Caching disabled for AarTransform: /home/ubuntu/.gradle/caches/9.3.1/transforms/c95fa921fffd17270ecab5e2092c9ba9/transformed/navigationevent because:
[        ]   Build cache is disabled
[        ]   Caching not enabled.
[        ] Caching disabled for AarTransform: /home/ubuntu/.gradle/caches/9.3.1/transforms/8c9977e1d2b6d4eac35b732a0a74293c/transformed/exifinterface-1.4.2 because:
[        ]   Build cache is disabled
[        ]   Caching not enabled.
[        ] Caching disabled for AarTransform: /home/ubuntu/.gradle/caches/9.3.1/transforms/c0964caf9c24094a321210620cc78cb1/transformed/runtime-annotation because:
[        ]   Build cache is disabled
[        ]   Caching not enabled.
[        ] Caching disabled for AarTransform: /home/ubuntu/.gradle/caches/9.3.1/transforms/39181d7ce1fc170d8b944eed27d52074/transformed/activity-ktx-1.12.4 because:
[        ]   Build cache is disabled
[        ]   Caching not enabled.
[        ] Caching disabled for AarTransform: /home/ubuntu/.gradle/caches/9.3.1/transforms/54153e64d0eee9e14adfe22df61734e4/transformed/activity-1.12.4 because:
[        ]   Build cache is disabled
[        ]   Caching not enabled.
[        ] Caching disabled for AarTransform: /home/ubuntu/.gradle/caches/9.3.1/transforms/c95fa921fffd17270ecab5e2092c9ba9/transformed/navigationevent because:
[        ]   Build cache is disabled
[        ]   Caching not enabled.
[        ] Caching disabled for AarTransform: /home/ubuntu/.gradle/caches/9.3.1/transforms/8c9977e1d2b6d4eac35b732a0a74293c/transformed/exifinterface-1.4.2 because:
[        ]   Build cache is disabled
[        ]   Caching not enabled.
[        ] Caching disabled for AarTransform: /home/ubuntu/.gradle/caches/9.3.1/transforms/c0964caf9c24094a321210620cc78cb1/transformed/runtime-annotation because:
[        ]   Build cache is disabled
[        ]   Caching not enabled.
[        ] Caching disabled for task ':app:processDebugMainManifest' because:
[        ]   Build cache is disabled
[        ] Task ':app:processDebugMainManifest' is not up-to-date because:
[        ]   Input property 'manifests' file /home/ubuntu/.gradle/caches/9.3.1/transforms/0414b4107b329aa6a3f0ac1999b0bac8/transformed/activity-ktx-1.8.1/AndroidManifest.xml has been removed.
[        ]   Input property 'manifests' file /home/ubuntu/.gradle/caches/9.3.1/transforms/670c42120b4e285772fcf22135293e72/transformed/activity-1.8.1/AndroidManifest.xml has been removed.
[        ]   Input property 'manifests' file /home/ubuntu/FFM-source-2d123ad-v67/build/image_picker_android/intermediates/merged_manifest/debug/processDebugManifest/AndroidManifest.xml has been added.
[        ]   and more...
[        ] Loading library manifest /home/ubuntu/FFM-source-2d123ad-v67/build/android_file_picker/intermediates/merged_manifest/debug/processDebugManifest/AndroidManifest.xml
[        ] Loading library manifest /home/ubuntu/FFM-source-2d123ad-v67/build/flutter_local_notifications/intermediates/merged_manifest/debug/processDebugManifest/AndroidManifest.xml
[        ] Loading library manifest /home/ubuntu/FFM-source-2d123ad-v67/build/image_picker_android/intermediates/merged_manifest/debug/processDebugManifest/AndroidManifest.xml
[        ] Loading library manifest /home/ubuntu/FFM-source-2d123ad-v67/build/local_auth_android/intermediates/merged_manifest/debug/processDebugManifest/AndroidManifest.xml
[        ] Loading library manifest /home/ubuntu/FFM-source-2d123ad-v67/build/flutter_plugin_android_lifecycle/intermediates/merged_manifest/debug/processDebugManifest/AndroidManifest.xml
[        ] Loading library manifest /home/ubuntu/FFM-source-2d123ad-v67/build/flutter_secure_storage/intermediates/merged_manifest/debug/processDebugManifest/AndroidManifest.xml
[        ] Loading library manifest /home/ubuntu/FFM-source-2d123ad-v67/build/jni_flutter/intermediates/merged_manifest/debug/processDebugManifest/AndroidManifest.xml
[        ] Loading library manifest /home/ubuntu/FFM-source-2d123ad-v67/build/jni/intermediates/merged_manifest/debug/processDebugManifest/AndroidManifest.xml
[        ] Loading library manifest /home/ubuntu/FFM-source-2d123ad-v67/build/printing/intermediates/merged_manifest/debug/processDebugManifest/AndroidManifest.xml
[        ] Loading library manifest /home/ubuntu/FFM-source-2d123ad-v67/build/share_plus/intermediates/merged_manifest/debug/processDebugManifest/AndroidManifest.xml
[        ] Loading library manifest /home/ubuntu/FFM-source-2d123ad-v67/build/shared_preferences_android/intermediates/merged_manifest/debug/processDebugManifest/AndroidManifest.xml
[        ] Loading library manifest /home/ubuntu/FFM-source-2d123ad-v67/build/speech_to_text/intermediates/merged_manifest/debug/processDebugManifest/AndroidManifest.xml
[        ] Loading library manifest /home/ubuntu/FFM-source-2d123ad-v67/build/whisper_cpp_flutter_plus/intermediates/merged_manifest/debug/processDebugManifest/AndroidManifest.xml
[        ] Loading library manifest /home/ubuntu/.gradle/caches/9.3.1/transforms/ee1b8669af97281b0603cc47a91cd059/transformed/biometric-1.1.0/AndroidManifest.xml
[        ] Loading library manifest /home/ubuntu/.gradle/caches/9.3.1/transforms/8ff37497f57f986e9fcda827e43928a1/transformed/preference-1.2.1/AndroidManifest.xml
[        ] Loading library manifest /home/ubuntu/.gradle/caches/9.3.1/transforms/aa68329c59e58390d036b9224776a8dd/transformed/appcompat-1.2.0/AndroidManifest.xml
[        ] Loading library manifest /home/ubuntu/.gradle/caches/9.3.1/transforms/0fd502dc15e36a19120c8084ed495575/transformed/fragment-ktx-1.8.9/AndroidManifest.xml
[        ] Loading library manifest /home/ubuntu/.gradle/caches/9.3.1/transforms/7531f992883c62ccd4689fa6bd52f74b/transformed/fragment-1.8.9/AndroidManifest.xml
[        ] Loading library manifest /home/ubuntu/.gradle/caches/9.3.1/transforms/39181d7ce1fc170d8b944eed27d52074/transformed/activity-ktx-1.12.4/AndroidManifest.xml
[        ] Loading library manifest /home/ubuntu/.gradle/caches/9.3.1/transforms/54153e64d0eee9e14adfe22df61734e4/transformed/activity-1.12.4/AndroidManifest.xml
[        ] Loading library manifest /home/ubuntu/.gradle/caches/9.3.1/transforms/3011132ea42f1fb8e17f3e414b357516/transformed/recyclerview-1.0.0/AndroidManifest.xml
[        ] Loading library manifest /home/ubuntu/.gradle/caches/9.3.1/transforms/d97e8ebe169ff71bb8d8cd24b20c4b5c/transformed/legacy-support-core-ui-1.0.0/AndroidManifest.xml
[        ] Loading library manifest /home/ubuntu/.gradle/caches/9.3.1/transforms/8a6d667d2630f9b6dbacca3965bc2a96/transformed/legacy-support-core-utils-1.0.0/AndroidManifest.xml
[        ] Loading library manifest /home/ubuntu/.gradle/caches/9.3.1/transforms/1910b6d9312a778ba1bce42e0ad447b6/transformed/loader-1.0.0/AndroidManifest.xml
[        ] Loading library manifest /home/ubuntu/.gradle/caches/9.3.1/transforms/2e47d588e718bd98000f987a2a89fba1/transformed/lifecycle-runtime-ktx/AndroidManifest.xml
[        ] Loading library manifest /home/ubuntu/.gradle/caches/9.3.1/transforms/9588b15be6b376f6fe668218c45df4ae/transformed/lifecycle-viewmodel-2.10.0/AndroidManifest.xml
[        ] Loading library manifest /home/ubuntu/.gradle/caches/9.3.1/transforms/047ab22f8c2784e2b9872c5af9fcf706/transformed/lifecycle-viewmodel/AndroidManifest.xml
[        ] Loading library manifest /home/ubuntu/.gradle/caches/9.3.1/transforms/072adc96444a9b75a263d8a6573eff21/transformed/savedstate-ktx-1.4.0/AndroidManifest.xml
[        ] Loading library manifest /home/ubuntu/.gradle/caches/9.3.1/transforms/e7d823684d6aba311f2fa2327812a00f/transformed/savedstate/AndroidManifest.xml
[        ] Loading library manifest /home/ubuntu/.gradle/caches/9.3.1/transforms/31d81b40bb5a8f55f33df960175c4d93/transformed/lifecycle-viewmodel-ktx-2.10.0/AndroidManifest.xml
[        ] Loading library manifest /home/ubuntu/.gradle/caches/9.3.1/transforms/b556b8bf983e35e9c85f00e34052e117/transformed/lifecycle-livedata-core-ktx-2.10.0/AndroidManifest.xml
[        ] Loading library manifest /home/ubuntu/.gradle/caches/9.3.1/transforms/15d4833e7c016fbb62c87ceab117cc4a/transformed/lifecycle-livedata-2.10.0/AndroidManifest.xml
[        ] Loading library manifest /home/ubuntu/.gradle/caches/9.3.1/transforms/06aa87040e4b39ed5d8d478686f22d34/transformed/lifecycle-process-2.10.0/AndroidManifest.xml
[        ] Loading library manifest /home/ubuntu/.gradle/caches/9.3.1/transforms/1f075e62ff8a345a8bdb0e45f5073b10/transformed/lifecycle-livedata-core-2.10.0/AndroidManifest.xml
[        ] Loading library manifest /home/ubuntu/.gradle/caches/9.3.1/transforms/203c0d07577b60d082a9ae8a04586b3f/transformed/lifecycle-runtime/AndroidManifest.xml
[        ] Loading library manifest /home/ubuntu/.gradle/caches/9.3.1/transforms/a2f4853fef332ce5d6aa4d3375e1ad8a/transformed/lifecycle-viewmodel-savedstate/AndroidManifest.xml
[        ] Loading library manifest /home/ubuntu/.gradle/caches/9.3.1/transforms/1cb9fa298f2892e5c8bff352cb1bc5e1/transformed/core-ktx-1.18.0/AndroidManifest.xml
[        ] Loading library manifest /home/ubuntu/.gradle/caches/9.3.1/transforms/0921f9df8cf8b539060cb1bd937038e7/transformed/media-1.1.0/AndroidManifest.xml
[        ] Loading library manifest /home/ubuntu/.gradle/caches/9.3.1/transforms/dbf382485cedbea82a05027c1955eeb3/transformed/slidingpanelayout-1.2.0/AndroidManifest.xml
[        ] Loading library manifest /home/ubuntu/.gradle/caches/9.3.1/transforms/3af980662234f52902de775e9c6e354f/transformed/window-1.2.0/AndroidManifest.xml
[        ] Loading library manifest /home/ubuntu/.gradle/caches/9.3.1/transforms/169afe10ff2f01272b137719d317fb78/transformed/window-java-1.2.0/AndroidManifest.xml
[        ] Loading library manifest /home/ubuntu/.gradle/caches/9.3.1/transforms/9c03e2381136b6831b281ff9bd73cf46/transformed/viewpager-1.0.0/AndroidManifest.xml
[        ] Loading library manifest /home/ubuntu/.gradle/caches/9.3.1/transforms/7fde627efd28a30dfed01da246182008/transformed/appcompat-resources-1.2.0/AndroidManifest.xml
[        ] Loading library manifest /home/ubuntu/.gradle/caches/9.3.1/transforms/33205348bc67036e78f8c2342772ca91/transformed/drawerlayout-1.0.0/AndroidManifest.xml
[        ] Loading library manifest /home/ubuntu/.gradle/caches/9.3.1/transforms/d3211d1d7fd67f776447c54fdd47dad2/transformed/coordinatorlayout-1.0.0/AndroidManifest.xml
[        ] Loading library manifest /home/ubuntu/.gradle/caches/9.3.1/transforms/3527fd5c9b1735c136ab64fdeadc3bd3/transformed/customview-1.1.0/AndroidManifest.xml
[        ] Loading library manifest /home/ubuntu/.gradle/caches/9.3.1/transforms/cf9664ba8c5c4414650bee773713e7bb/transformed/transition-1.4.1/AndroidManifest.xml
[        ] Loading library manifest /home/ubuntu/.gradle/caches/9.3.1/transforms/71c0812dec9cd2ec0f2c15b89c0658ec/transformed/vectordrawable-animated-1.1.0/AndroidManifest.xml
[        ] Loading library manifest /home/ubuntu/.gradle/caches/9.3.1/transforms/17f520752ed56d5cdd16d2219a6bb5af/transformed/vectordrawable-1.1.0/AndroidManifest.xml
[        ] Loading library manifest /home/ubuntu/.gradle/caches/9.3.1/transforms/5c1b69020e77f61a04debc0d595e19ad/transformed/swiperefreshlayout-1.0.0/AndroidManifest.xml
[        ] Loading library manifest /home/ubuntu/.gradle/caches/9.3.1/transforms/adb99d1fe9cf8d7deb77e3c54e2b3ddb/transformed/asynclayoutinflater-1.0.0/AndroidManifest.xml
[        ] Loading library manifest /home/ubuntu/.gradle/caches/9.3.1/transforms/d093bb2eca2532b7d20813ec3c4a0c68/transformed/core-1.18.0/AndroidManifest.xml
[        ] Loading library manifest /home/ubuntu/.gradle/caches/9.3.1/transforms/86983a852aebb7d8bf3782e411df221b/transformed/datastore-preferences-core-release/AndroidManifest.xml
[        ] Loading library manifest /home/ubuntu/.gradle/caches/9.3.1/transforms/e44eb4329d641b304e8baee8291c9234/transformed/datastore-core-release/AndroidManifest.xml
[        ] Loading library manifest /home/ubuntu/.gradle/caches/9.3.1/transforms/45d3b9b1cb31a4ffba6587fb62808701/transformed/datastore-preferences-release/AndroidManifest.xml
[        ] Loading library manifest /home/ubuntu/.gradle/caches/9.3.1/transforms/ef9286cfd2c65fd2412534ebfb130ef9/transformed/datastore-release/AndroidManifest.xml
[        ] Loading library manifest /home/ubuntu/.gradle/caches/9.3.1/transforms/c95fa921fffd17270ecab5e2092c9ba9/transformed/navigationevent/AndroidManifest.xml
[        ] Loading library manifest /home/ubuntu/.gradle/caches/9.3.1/transforms/8ac3dbed3f0f19926fe4f749027dae3f/transformed/annotation-experimental-1.4.1/AndroidManifest.xml
[        ] Loading library manifest /home/ubuntu/.gradle/caches/9.3.1/transforms/e81d5eeb13a3223f331ec31d266f9dbb/transformed/core-viewtree-1.0.0/AndroidManifest.xml
[        ] Loading library manifest /home/ubuntu/.gradle/caches/9.3.1/transforms/8c9977e1d2b6d4eac35b732a0a74293c/transformed/exifinterface-1.4.2/AndroidManifest.xml
[        ] Loading library manifest /home/ubuntu/.gradle/caches/9.3.1/transforms/7366a9c8623cf5e0422083d5012d9281/transformed/profileinstaller-1.4.0/AndroidManifest.xml
[        ] Loading library manifest /home/ubuntu/.gradle/caches/9.3.1/transforms/9b4102c231a6286b797c71f1baf13a34/transformed/startup-runtime-1.1.1/AndroidManifest.xml
[        ] Loading library manifest /home/ubuntu/.gradle/caches/9.3.1/transforms/b29c715449f72c435a349c85b3d0caea/transformed/tracing-1.2.0/AndroidManifest.xml
[        ] Loading library manifest /home/ubuntu/.gradle/caches/9.3.1/transforms/edd921f3d079cdfa25fa38fcddc7d994/transformed/interpolator-1.0.0/AndroidManifest.xml
[        ] Loading library manifest /home/ubuntu/.gradle/caches/9.3.1/transforms/cd2c59b851083326f63879acf62ab040/transformed/versionedparcelable-1.1.1/AndroidManifest.xml
[        ] Loading library manifest /home/ubuntu/.gradle/caches/9.3.1/transforms/676a00389ce276119408c3f879732fa3/transformed/core-runtime-2.2.0/AndroidManifest.xml
[        ] Loading library manifest /home/ubuntu/.gradle/caches/9.3.1/transforms/044b3bfb291122cb5d839f7bb5f457ef/transformed/cursoradapter-1.0.0/AndroidManifest.xml
[        ] Loading library manifest /home/ubuntu/.gradle/caches/9.3.1/transforms/351270bffe273cd281381403a975b48c/transformed/core-1.0.0/AndroidManifest.xml
[        ] Loading library manifest /home/ubuntu/.gradle/caches/9.3.1/transforms/336483228e0435006a40d56cae8d6634/transformed/documentfile-1.0.0/AndroidManifest.xml
[        ] Loading library manifest /home/ubuntu/.gradle/caches/9.3.1/transforms/eaec30f7aa2286e29e53547b46f28aab/transformed/localbroadcastmanager-1.0.0/AndroidManifest.xml
[        ] Loading library manifest /home/ubuntu/.gradle/caches/9.3.1/transforms/944a2efc24e2e0f77326922d335f8a70/transformed/print-1.0.0/AndroidManifest.xml
[        ] Loading library manifest /home/ubuntu/.gradle/caches/9.3.1/transforms/c0964caf9c24094a321210620cc78cb1/transformed/runtime-annotation/AndroidManifest.xml
[        ] Loading library manifest /home/ubuntu/.gradle/caches/9.3.1/transforms/8ae01703e8ba44e569ce5fa8506d081c/transformed/relinker-1.4.5/AndroidManifest.xml
[        ] Merging main manifest /home/ubuntu/FFM-source-2d123ad-v67/android/app/src/main/AndroidManifest.xml
[        ] Merging library manifest /home/ubuntu/FFM-source-2d123ad-v67/build/android_file_picker/intermediates/merged_manifest/debug/processDebugManifest/AndroidManifest.xml
[        ] Merging manifest with lower [:android_file_picker] AndroidManifest.xml:2:1-15:12
[        ] uses-sdk defined in both files...
[        ] Merging uses-sdk with lower [:android_file_picker] AndroidManifest.xml:5:5-44
[        ] queries defined in both files...
[        ] Merging queries with lower [:android_file_picker] AndroidManifest.xml:7:5-13:15
[        ] Adopted [intent: null]
[        ] Merging library manifest /home/ubuntu/FFM-source-2d123ad-v67/build/flutter_local_notifications/intermediates/merged_manifest/debug/processDebugManifest/AndroidManifest.xml
[        ] Merging manifest with lower [:flutter_local_notifications] AndroidManifest.xml:2:1-10:12
[        ] uses-sdk defined in both files...
[        ] Merging uses-sdk with lower [:flutter_local_notifications] AndroidManifest.xml:5:5-44
[        ] uses-permission#android.permission.VIBRATE defined in both files...
[        ] Merging uses-permission#android.permission.VIBRATE with lower [:flutter_local_notifications] AndroidManifest.xml:7:5-66
[        ] uses-permission#android.permission.POST_NOTIFICATIONS defined in both files...
[        ] Merging uses-permission#android.permission.POST_NOTIFICATIONS with lower [:flutter_local_notifications] AndroidManifest.xml:8:5-77
[        ] Merging library manifest /home/ubuntu/FFM-source-2d123ad-v67/build/image_picker_android/intermediates/merged_manifest/debug/processDebugManifest/AndroidManifest.xml
[        ] Merging manifest with lower [:image_picker_android] AndroidManifest.xml:2:1-34:12
[        ] uses-sdk defined in both files...
[        ] Merging uses-sdk with lower [:image_picker_android] AndroidManifest.xml:6:5-44
[        ] application defined in both files...
[        ] Merging application with lower [:image_picker_android] AndroidManifest.xml:8:5-32:19
[        ] Adopted [provider: null]
[        ] Adopted [service: null]
[        ] Merging library manifest /home/ubuntu/FFM-source-2d123ad-v67/build/local_auth_android/intermediates/merged_manifest/debug/processDebugManifest/AndroidManifest.xml
[        ] Merging manifest with lower [:local_auth_android] AndroidManifest.xml:2:1-9:12
[        ] uses-sdk defined in both files...
[        ] Merging uses-sdk with lower [:local_auth_android] AndroidManifest.xml:5:5-44
[        ] Adopted [uses-permission: null]
[        ] Merging library manifest /home/ubuntu/FFM-source-2d123ad-v67/build/flutter_plugin_android_lifecycle/intermediates/merged_manifest/debug/processDebugManifest/AndroidManifest.xml
[        ] Merging manifest with lower [:flutter_plugin_android_lifecycle] AndroidManifest.xml:2:1-7:12
[        ] uses-sdk defined in both files...
[        ] Merging uses-sdk with lower [:flutter_plugin_android_lifecycle] AndroidManifest.xml:5:5-44
[        ] Merging library manifest /home/ubuntu/FFM-source-2d123ad-v67/build/flutter_secure_storage/intermediates/merged_manifest/debug/processDebugManifest/AndroidManifest.xml
[        ] Merging manifest with lower [:flutter_secure_storage] AndroidManifest.xml:2:1-7:12
[        ] uses-sdk defined in both files...
[        ] Merging uses-sdk with lower [:flutter_secure_storage] AndroidManifest.xml:5:5-44
[        ] Merging library manifest /home/ubuntu/FFM-source-2d123ad-v67/build/jni_flutter/intermediates/merged_manifest/debug/processDebugManifest/AndroidManifest.xml
[        ] Merging manifest with lower [:jni_flutter] AndroidManifest.xml:2:1-7:12
[        ] uses-sdk defined in both files...
[        ] Merging uses-sdk with lower [:jni_flutter] AndroidManifest.xml:5:5-44
[        ] Merging library manifest /home/ubuntu/FFM-source-2d123ad-v67/build/jni/intermediates/merged_manifest/debug/processDebugManifest/AndroidManifest.xml
[        ] Merging manifest with lower [:jni] AndroidManifest.xml:2:1-7:12
[        ] uses-sdk defined in both files...
[        ] Merging uses-sdk with lower [:jni] AndroidManifest.xml:5:5-44
[        ] Merging library manifest /home/ubuntu/FFM-source-2d123ad-v67/build/printing/intermediates/merged_manifest/debug/processDebugManifest/AndroidManifest.xml
[        ] Merging manifest with lower [:printing] AndroidManifest.xml:2:1-19:12
[        ] uses-sdk defined in both files...
[        ] Merging uses-sdk with lower [:printing] AndroidManifest.xml:5:5-44
[        ] application defined in both files...
[        ] Merging application with lower [:printing] AndroidManifest.xml:7:5-17:19
[        ] Adopted [provider: null]
[        ] Merging library manifest /home/ubuntu/FFM-source-2d123ad-v67/build/share_plus/intermediates/merged_manifest/debug/processDebugManifest/AndroidManifest.xml
[        ] Merging manifest with lower [:share_plus] AndroidManifest.xml:2:1-35:12
[        ] uses-sdk defined in both files...
[        ] Merging uses-sdk with lower [:share_plus] AndroidManifest.xml:5:5-44
[        ] application defined in both files...
[        ] Merging application with lower [:share_plus] AndroidManifest.xml:7:5-33:19
[        ] Adopted [provider: null]
[        ] Adopted [receiver: null]
[        ] Merging library manifest /home/ubuntu/FFM-source-2d123ad-v67/build/shared_preferences_android/intermediates/merged_manifest/debug/processDebugManifest/AndroidManifest.xml
[        ] Merging manifest with lower [:shared_preferences_android] AndroidManifest.xml:2:1-7:12
[        ] uses-sdk defined in both files...
[        ] Merging uses-sdk with lower [:shared_preferences_android] AndroidManifest.xml:5:5-44
[        ] Merging library manifest /home/ubuntu/FFM-source-2d123ad-v67/build/speech_to_text/intermediates/merged_manifest/debug/processDebugManifest/AndroidManifest.xml
[        ] Merging manifest with lower [:speech_to_text] AndroidManifest.xml:2:1-7:12
[        ] uses-sdk defined in both files...
[        ] Merging uses-sdk with lower [:speech_to_text] AndroidManifest.xml:5:5-44
[        ] Merging library manifest /home/ubuntu/FFM-source-2d123ad-v67/build/whisper_cpp_flutter_plus/intermediates/merged_manifest/debug/processDebugManifest/AndroidManifest.xml
[        ] Merging manifest with lower [:whisper_cpp_flutter_plus] AndroidManifest.xml:2:1-9:12
[        ] uses-sdk defined in both files...
[        ] Merging uses-sdk with lower [:whisper_cpp_flutter_plus] AndroidManifest.xml:5:5-44
[        ] uses-permission#android.permission.RECORD_AUDIO defined in both files...
[        ] Merging uses-permission#android.permission.RECORD_AUDIO with lower [:whisper_cpp_flutter_plus] AndroidManifest.xml:7:5-71
[        ] Merging library manifest /home/ubuntu/.gradle/caches/9.3.1/transforms/ee1b8669af97281b0603cc47a91cd059/transformed/biometric-1.1.0/AndroidManifest.xml
[        ] Merging manifest with lower [androidx.biometric:biometric:1.1.0] AndroidManifest.xml:17:1-29:12
[        ] uses-sdk defined in both files...
[        ] Merging uses-sdk with lower [androidx.biometric:biometric:1.1.0] AndroidManifest.xml:20:5-22:41
[        ] uses-permission#android.permission.USE_BIOMETRIC defined in both files...
[        ] Merging uses-permission#android.permission.USE_BIOMETRIC with lower [androidx.biometric:biometric:1.1.0] AndroidManifest.xml:24:5-72
[        ] Adopted [uses-permission: null]
[        ] Merging library manifest /home/ubuntu/.gradle/caches/9.3.1/transforms/8ff37497f57f986e9fcda827e43928a1/transformed/preference-1.2.1/AndroidManifest.xml
[        ] Merging manifest with lower [androidx.preference:preference:1.2.1] AndroidManifest.xml:17:1-24:12
[        ] uses-sdk defined in both files...
[        ] Merging uses-sdk with lower [androidx.preference:preference:1.2.1] AndroidManifest.xml:20:5-22:41
[        ] Merging library manifest /home/ubuntu/.gradle/caches/9.3.1/transforms/aa68329c59e58390d036b9224776a8dd/transformed/appcompat-1.2.0/AndroidManifest.xml
[        ] Merging manifest with lower [androidx.appcompat:appcompat:1.2.0] AndroidManifest.xml:17:1-24:12
[        ] uses-sdk defined in both files...
[        ] Merging uses-sdk with lower [androidx.appcompat:appcompat:1.2.0] AndroidManifest.xml:20:5-22:41
[        ] Merging library manifest /home/ubuntu/.gradle/caches/9.3.1/transforms/0fd502dc15e36a19120c8084ed495575/transformed/fragment-ktx-1.8.9/AndroidManifest.xml
[        ] Merging manifest with lower [androidx.fragment:fragment-ktx:1.8.9] AndroidManifest.xml:2:1-7:12
[        ] uses-sdk defined in both files...
[        ] Merging uses-sdk with lower [androidx.fragment:fragment-ktx:1.8.9] AndroidManifest.xml:5:5-44
[        ] Merging library manifest /home/ubuntu/.gradle/caches/9.3.1/transforms/7531f992883c62ccd4689fa6bd52f74b/transformed/fragment-1.8.9/AndroidManifest.xml
[        ] Merging manifest with lower [androidx.fragment:fragment:1.8.9] AndroidManifest.xml:2:1-7:12
[        ] uses-sdk defined in both files...
[        ] Merging uses-sdk with lower [androidx.fragment:fragment:1.8.9] AndroidManifest.xml:5:5-44
[        ] Merging library manifest /home/ubuntu/.gradle/caches/9.3.1/transforms/39181d7ce1fc170d8b944eed27d52074/transformed/activity-ktx-1.12.4/AndroidManifest.xml
[        ] Merging manifest with lower [androidx.activity:activity-ktx:1.12.4] AndroidManifest.xml:2:1-7:12
[        ] uses-sdk defined in both files...
[        ] Merging uses-sdk with lower [androidx.activity:activity-ktx:1.12.4] AndroidManifest.xml:5:5-44
[        ] Merging library manifest /home/ubuntu/.gradle/caches/9.3.1/transforms/54153e64d0eee9e14adfe22df61734e4/transformed/activity-1.12.4/AndroidManifest.xml
[        ] Merging manifest with lower [androidx.activity:activity:1.12.4] AndroidManifest.xml:17:1-22:12
[        ] uses-sdk defined in both files...
[        ] Merging uses-sdk with lower [androidx.activity:activity:1.12.4] AndroidManifest.xml:20:5-44
[        ] Merging library manifest /home/ubuntu/.gradle/caches/9.3.1/transforms/3011132ea42f1fb8e17f3e414b357516/transformed/recyclerview-1.0.0/AndroidManifest.xml
[        ] Merging manifest with lower [androidx.recyclerview:recyclerview:1.0.0] AndroidManifest.xml:17:1-22:12
[        ] uses-sdk defined in both files...
[        ] Merging uses-sdk with lower [androidx.recyclerview:recyclerview:1.0.0] AndroidManifest.xml:20:5-44
[        ] Merging library manifest /home/ubuntu/.gradle/caches/9.3.1/transforms/d97e8ebe169ff71bb8d8cd24b20c4b5c/transformed/legacy-support-core-ui-1.0.0/AndroidManifest.xml
[        ] Merging manifest with lower [androidx.legacy:legacy-support-core-ui:1.0.0] AndroidManifest.xml:17:1-22:12
[        ] uses-sdk defined in both files...
[        ] Merging uses-sdk with lower [androidx.legacy:legacy-support-core-ui:1.0.0] AndroidManifest.xml:20:5-44
[        ] Merging library manifest /home/ubuntu/.gradle/caches/9.3.1/transforms/8a6d667d2630f9b6dbacca3965bc2a96/transformed/legacy-support-core-utils-1.0.0/AndroidManifest.xml
[        ] Merging manifest with lower [androidx.legacy:legacy-support-core-utils:1.0.0] AndroidManifest.xml:17:1-22:12
[        ] uses-sdk defined in both files...
[        ] Merging uses-sdk with lower [androidx.legacy:legacy-support-core-utils:1.0.0] AndroidManifest.xml:20:5-44
[        ] Merging library manifest /home/ubuntu/.gradle/caches/9.3.1/transforms/1910b6d9312a778ba1bce42e0ad447b6/transformed/loader-1.0.0/AndroidManifest.xml
[        ] Merging manifest with lower [androidx.loader:loader:1.0.0] AndroidManifest.xml:17:1-22:12
[        ] uses-sdk defined in both files...
[        ] Merging uses-sdk with lower [androidx.loader:loader:1.0.0] AndroidManifest.xml:20:5-44
[        ] Merging library manifest /home/ubuntu/.gradle/caches/9.3.1/transforms/2e47d588e718bd98000f987a2a89fba1/transformed/lifecycle-runtime-ktx/AndroidManifest.xml
[        ] Merging manifest with lower [androidx.lifecycle:lifecycle-runtime-ktx-android:2.10.0] AndroidManifest.xml:2:1-7:12
[        ] uses-sdk defined in both files...
[        ] Merging uses-sdk with lower [androidx.lifecycle:lifecycle-runtime-ktx-android:2.10.0] AndroidManifest.xml:5:5-44
[        ] Merging library manifest /home/ubuntu/.gradle/caches/9.3.1/transforms/9588b15be6b376f6fe668218c45df4ae/transformed/lifecycle-viewmodel-2.10.0/AndroidManifest.xml
[        ] Merging manifest with lower [androidx.lifecycle:lifecycle-viewmodel:2.10.0] AndroidManifest.xml:2:1-5:12
[        ] uses-sdk defined in both files...
[        ] Merging uses-sdk with lower [androidx.lifecycle:lifecycle-viewmodel:2.10.0] AndroidManifest.xml:4:5-43
[        ] Merging library manifest /home/ubuntu/.gradle/caches/9.3.1/transforms/047ab22f8c2784e2b9872c5af9fcf706/transformed/lifecycle-viewmodel/AndroidManifest.xml
[        ] Merging manifest with lower [androidx.lifecycle:lifecycle-viewmodel-android:2.10.0] AndroidManifest.xml:17:1-22:12
[        ] uses-sdk defined in both files...
[        ] Merging uses-sdk with lower [androidx.lifecycle:lifecycle-viewmodel-android:2.10.0] AndroidManifest.xml:20:5-44
[        ] Merging library manifest /home/ubuntu/.gradle/caches/9.3.1/transforms/072adc96444a9b75a263d8a6573eff21/transformed/savedstate-ktx-1.4.0/AndroidManifest.xml
[        ] Merging manifest with lower [androidx.savedstate:savedstate-ktx:1.4.0] AndroidManifest.xml:2:1-7:12
[        ] uses-sdk defined in both files...
[        ] Merging uses-sdk with lower [androidx.savedstate:savedstate-ktx:1.4.0] AndroidManifest.xml:5:5-44
[        ] Merging library manifest /home/ubuntu/.gradle/caches/9.3.1/transforms/e7d823684d6aba311f2fa2327812a00f/transformed/savedstate/AndroidManifest.xml
[        ] Merging manifest with lower [androidx.savedstate:savedstate-android:1.4.0] AndroidManifest.xml:17:1-22:12
[        ] uses-sdk defined in both files...
[        ] Merging uses-sdk with lower [androidx.savedstate:savedstate-android:1.4.0] AndroidManifest.xml:20:5-44
[        ] Merging library manifest /home/ubuntu/.gradle/caches/9.3.1/transforms/31d81b40bb5a8f55f33df960175c4d93/transformed/lifecycle-viewmodel-ktx-2.10.0/AndroidManifest.xml
[        ] Merging manifest with lower [androidx.lifecycle:lifecycle-viewmodel-ktx:2.10.0] AndroidManifest.xml:2:1-7:12
[        ] uses-sdk defined in both files...
[        ] Merging uses-sdk with lower [androidx.lifecycle:lifecycle-viewmodel-ktx:2.10.0] AndroidManifest.xml:5:5-44
[        ] Merging library manifest /home/ubuntu/.gradle/caches/9.3.1/transforms/b556b8bf983e35e9c85f00e34052e117/transformed/lifecycle-livedata-core-ktx-2.10.0/AndroidManifest.xml
[        ] Merging manifest with lower [androidx.lifecycle:lifecycle-livedata-core-ktx:2.10.0] AndroidManifest.xml:2:1-7:12
[        ] uses-sdk defined in both files...
[        ] Merging uses-sdk with lower [androidx.lifecycle:lifecycle-livedata-core-ktx:2.10.0] AndroidManifest.xml:5:5-44
[        ] Merging library manifest /home/ubuntu/.gradle/caches/9.3.1/transforms/15d4833e7c016fbb62c87ceab117cc4a/transformed/lifecycle-livedata-2.10.0/AndroidManifest.xml
[        ] Merging manifest with lower [androidx.lifecycle:lifecycle-livedata:2.10.0] AndroidManifest.xml:17:1-22:12
[        ] uses-sdk defined in both files...
[        ] Merging uses-sdk with lower [androidx.lifecycle:lifecycle-livedata:2.10.0] AndroidManifest.xml:20:5-44
[        ] Merging library manifest /home/ubuntu/.gradle/caches/9.3.1/transforms/06aa87040e4b39ed5d8d478686f22d34/transformed/lifecycle-process-2.10.0/AndroidManifest.xml
[        ] Merging manifest with lower [androidx.lifecycle:lifecycle-process:2.10.0] AndroidManifest.xml:17:1-35:12
[        ] uses-sdk defined in both files...
[        ] Merging uses-sdk with lower [androidx.lifecycle:lifecycle-process:2.10.0] AndroidManifest.xml:21:5-44
[        ] application defined in both files...
[        ] Merging application with lower [androidx.lifecycle:lifecycle-process:2.10.0] AndroidManifest.xml:23:5-33:19
[        ] Adopted [provider: null]
[        ] Merging library manifest /home/ubuntu/.gradle/caches/9.3.1/transforms/1f075e62ff8a345a8bdb0e45f5073b10/transformed/lifecycle-livedata-core-2.10.0/AndroidManifest.xml
[        ] Merging manifest with lower [androidx.lifecycle:lifecycle-livedata-core:2.10.0] AndroidManifest.xml:17:1-22:12
[        ] uses-sdk defined in both files...
[        ] Merging uses-sdk with lower [androidx.lifecycle:lifecycle-livedata-core:2.10.0] AndroidManifest.xml:20:5-44
[        ] Merging library manifest /home/ubuntu/.gradle/caches/9.3.1/transforms/203c0d07577b60d082a9ae8a04586b3f/transformed/lifecycle-runtime/AndroidManifest.xml
[        ] Merging manifest with lower [androidx.lifecycle:lifecycle-runtime-android:2.10.0] AndroidManifest.xml:17:1-22:12
[        ] uses-sdk defined in both files...
[        ] Merging uses-sdk with lower [androidx.lifecycle:lifecycle-runtime-android:2.10.0] AndroidManifest.xml:20:5-44
[        ] Merging library manifest /home/ubuntu/.gradle/caches/9.3.1/transforms/a2f4853fef332ce5d6aa4d3375e1ad8a/transformed/lifecycle-viewmodel-savedstate/AndroidManifest.xml
[        ] Merging manifest with lower [androidx.lifecycle:lifecycle-viewmodel-savedstate-android:2.10.0] AndroidManifest.xml:17:1-22:12
[        ] uses-sdk defined in both files...
[        ] Merging uses-sdk with lower [androidx.lifecycle:lifecycle-viewmodel-savedstate-android:2.10.0] AndroidManifest.xml:20:5-44
[        ] Merging library manifest /home/ubuntu/.gradle/caches/9.3.1/transforms/1cb9fa298f2892e5c8bff352cb1bc5e1/transformed/core-ktx-1.18.0/AndroidManifest.xml
[        ] Merging manifest with lower [androidx.core:core-ktx:1.18.0] AndroidManifest.xml:2:1-7:12
[        ] uses-sdk defined in both files...
[        ] Merging uses-sdk with lower [androidx.core:core-ktx:1.18.0] AndroidManifest.xml:5:5-44
[        ] Merging library manifest /home/ubuntu/.gradle/caches/9.3.1/transforms/0921f9df8cf8b539060cb1bd937038e7/transformed/media-1.1.0/AndroidManifest.xml
[        ] Merging manifest with lower [androidx.media:media:1.1.0] AndroidManifest.xml:17:1-24:12
[        ] uses-sdk defined in both files...
[        ] Merging uses-sdk with lower [androidx.media:media:1.1.0] AndroidManifest.xml:20:5-22:41
[        ] Merging library manifest /home/ubuntu/.gradle/caches/9.3.1/transforms/dbf382485cedbea82a05027c1955eeb3/transformed/slidingpanelayout-1.2.0/AndroidManifest.xml
[        ] Merging manifest with lower [androidx.slidingpanelayout:slidingpanelayout:1.2.0] AndroidManifest.xml:17:1-24:12
[        ] uses-sdk defined in both files...
[        ] Merging uses-sdk with lower [androidx.slidingpanelayout:slidingpanelayout:1.2.0] AndroidManifest.xml:20:5-22:41
[        ] Merging library manifest /home/ubuntu/.gradle/caches/9.3.1/transforms/3af980662234f52902de775e9c6e354f/transformed/window-1.2.0/AndroidManifest.xml
[        ] Merging manifest with lower [androidx.window:window:1.2.0] AndroidManifest.xml:17:1-31:12
[        ] uses-sdk defined in both files...
[        ] Merging uses-sdk with lower [androidx.window:window:1.2.0] AndroidManifest.xml:20:5-44
[        ] application defined in both files...
[        ] Merging application with lower [androidx.window:window:1.2.0] AndroidManifest.xml:22:5-29:19
[        ] Adopted [uses-library: null]
[        ] Adopted [uses-library: null]
[        ] Merging library manifest /home/ubuntu/.gradle/caches/9.3.1/transforms/169afe10ff2f01272b137719d317fb78/transformed/window-java-1.2.0/AndroidManifest.xml
[        ] Merging manifest with lower [androidx.window:window-java:1.2.0] AndroidManifest.xml:17:1-21:12
[        ] uses-sdk defined in both files...
[        ] Merging uses-sdk with lower [androidx.window:window-java:1.2.0] AndroidManifest.xml:19:5-44
[        ] Merging library manifest /home/ubuntu/.gradle/caches/9.3.1/transforms/9c03e2381136b6831b281ff9bd73cf46/transformed/viewpager-1.0.0/AndroidManifest.xml
[        ] Merging manifest with lower [androidx.viewpager:viewpager:1.0.0] AndroidManifest.xml:17:1-22:12
[        ] uses-sdk defined in both files...
[        ] Merging uses-sdk with lower [androidx.viewpager:viewpager:1.0.0] AndroidManifest.xml:20:5-44
[        ] Merging library manifest /home/ubuntu/.gradle/caches/9.3.1/transforms/7fde627efd28a30dfed01da246182008/transformed/appcompat-resources-1.2.0/AndroidManifest.xml
[        ] Merging manifest with lower [androidx.appcompat:appcompat-resources:1.2.0] AndroidManifest.xml:17:1-24:12
[        ] uses-sdk defined in both files...
[        ] Merging uses-sdk with lower [androidx.appcompat:appcompat-resources:1.2.0] AndroidManifest.xml:20:5-22:41
[        ] Merging library manifest /home/ubuntu/.gradle/caches/9.3.1/transforms/33205348bc67036e78f8c2342772ca91/transformed/drawerlayout-1.0.0/AndroidManifest.xml
[        ] Merging manifest with lower [androidx.drawerlayout:drawerlayout:1.0.0] AndroidManifest.xml:17:1-22:12
[        ] uses-sdk defined in both files...
[        ] Merging uses-sdk with lower [androidx.drawerlayout:drawerlayout:1.0.0] AndroidManifest.xml:20:5-44
[        ] Merging library manifest /home/ubuntu/.gradle/caches/9.3.1/transforms/d3211d1d7fd67f776447c54fdd47dad2/transformed/coordinatorlayout-1.0.0/AndroidManifest.xml
[        ] Merging manifest with lower [androidx.coordinatorlayout:coordinatorlayout:1.0.0] AndroidManifest.xml:17:1-22:12
[        ] uses-sdk defined in both files...
[        ] Merging uses-sdk with lower [androidx.coordinatorlayout:coordinatorlayout:1.0.0] AndroidManifest.xml:20:5-44
[        ] Merging library manifest /home/ubuntu/.gradle/caches/9.3.1/transforms/3527fd5c9b1735c136ab64fdeadc3bd3/transformed/customview-1.1.0/AndroidManifest.xml
[        ] Merging manifest with lower [androidx.customview:customview:1.1.0] AndroidManifest.xml:17:1-24:12
[        ] uses-sdk defined in both files...
[        ] Merging uses-sdk with lower [androidx.customview:customview:1.1.0] AndroidManifest.xml:20:5-22:41
[        ] Merging library manifest /home/ubuntu/.gradle/caches/9.3.1/transforms/cf9664ba8c5c4414650bee773713e7bb/transformed/transition-1.4.1/AndroidManifest.xml
[        ] Merging manifest with lower [androidx.transition:transition:1.4.1] AndroidManifest.xml:17:1-24:12
[        ] uses-sdk defined in both files...
[        ] Merging uses-sdk with lower [androidx.transition:transition:1.4.1] AndroidManifest.xml:20:5-22:41
[        ] Merging library manifest /home/ubuntu/.gradle/caches/9.3.1/transforms/71c0812dec9cd2ec0f2c15b89c0658ec/transformed/vectordrawable-animated-1.1.0/AndroidManifest.xml
[        ] Merging manifest with lower [androidx.vectordrawable:vectordrawable-animated:1.1.0] AndroidManifest.xml:17:1-24:12
[        ] uses-sdk defined in both files...
[        ] Merging uses-sdk with lower [androidx.vectordrawable:vectordrawable-animated:1.1.0] AndroidManifest.xml:20:5-22:41
[        ] Merging library manifest /home/ubuntu/.gradle/caches/9.3.1/transforms/17f520752ed56d5cdd16d2219a6bb5af/transformed/vectordrawable-1.1.0/AndroidManifest.xml
[        ] Merging manifest with lower [androidx.vectordrawable:vectordrawable:1.1.0] AndroidManifest.xml:17:1-24:12
[        ] uses-sdk defined in both files...
[        ] Merging uses-sdk with lower [androidx.vectordrawable:vectordrawable:1.1.0] AndroidManifest.xml:20:5-22:41
[        ] Merging library manifest /home/ubuntu/.gradle/caches/9.3.1/transforms/5c1b69020e77f61a04debc0d595e19ad/transformed/swiperefreshlayout-1.0.0/AndroidManifest.xml
[        ] Merging manifest with lower [androidx.swiperefreshlayout:swiperefreshlayout:1.0.0] AndroidManifest.xml:17:1-22:12
[        ] uses-sdk defined in both files...
[        ] Merging uses-sdk with lower [androidx.swiperefreshlayout:swiperefreshlayout:1.0.0] AndroidManifest.xml:20:5-44
[        ] Merging library manifest /home/ubuntu/.gradle/caches/9.3.1/transforms/adb99d1fe9cf8d7deb77e3c54e2b3ddb/transformed/asynclayoutinflater-1.0.0/AndroidManifest.xml
[        ] Merging manifest with lower [androidx.asynclayoutinflater:asynclayoutinflater:1.0.0] AndroidManifest.xml:17:1-22:12
[        ] uses-sdk defined in both files...
[        ] Merging uses-sdk with lower [androidx.asynclayoutinflater:asynclayoutinflater:1.0.0] AndroidManifest.xml:20:5-44
[        ] Merging library manifest /home/ubuntu/.gradle/caches/9.3.1/transforms/d093bb2eca2532b7d20813ec3c4a0c68/transformed/core-1.18.0/AndroidManifest.xml
[        ] Merging manifest with lower [androidx.core:core:1.18.0] AndroidManifest.xml:17:1-30:12
[        ] uses-sdk defined in both files...
[        ] Merging uses-sdk with lower [androidx.core:core:1.18.0] AndroidManifest.xml:20:5-44
[        ] Adopted [permission: null]
[        ] Adopted [uses-permission: null]
[        ] application defined in both files...
[        ] Merging application with lower [androidx.core:core:1.18.0] AndroidManifest.xml:28:5-89
[        ] Merging library manifest /home/ubuntu/.gradle/caches/9.3.1/transforms/86983a852aebb7d8bf3782e411df221b/transformed/datastore-preferences-core-release/AndroidManifest.xml
[        ] Merging manifest with lower [androidx.datastore:datastore-preferences-core-android:1.1.7] AndroidManifest.xml:2:1-7:12
[        ] uses-sdk defined in both files...
[        ] Merging uses-sdk with lower [androidx.datastore:datastore-preferences-core-android:1.1.7] AndroidManifest.xml:5:5-44
[        ] Merging library manifest /home/ubuntu/.gradle/caches/9.3.1/transforms/e44eb4329d641b304e8baee8291c9234/transformed/datastore-core-release/AndroidManifest.xml
[        ] Merging manifest with lower [androidx.datastore:datastore-core-android:1.1.7] AndroidManifest.xml:2:1-7:12
[        ] uses-sdk defined in both files...
[        ] Merging uses-sdk with lower [androidx.datastore:datastore-core-android:1.1.7] AndroidManifest.xml:5:5-44
[        ] Merging library manifest /home/ubuntu/.gradle/caches/9.3.1/transforms/45d3b9b1cb31a4ffba6587fb62808701/transformed/datastore-preferences-release/AndroidManifest.xml
[        ] Merging manifest with lower [androidx.datastore:datastore-preferences-android:1.1.7] AndroidManifest.xml:17:1-22:12
[        ] uses-sdk defined in both files...
[        ] Merging uses-sdk with lower [androidx.datastore:datastore-preferences-android:1.1.7] AndroidManifest.xml:20:5-44
[        ] Merging library manifest /home/ubuntu/.gradle/caches/9.3.1/transforms/ef9286cfd2c65fd2412534ebfb130ef9/transformed/datastore-release/AndroidManifest.xml
[        ] Merging manifest with lower [androidx.datastore:datastore-android:1.1.7] AndroidManifest.xml:17:1-22:12
[        ] uses-sdk defined in both files...
[        ] Merging uses-sdk with lower [androidx.datastore:datastore-android:1.1.7] AndroidManifest.xml:20:5-44
[        ] Merging library manifest /home/ubuntu/.gradle/caches/9.3.1/transforms/c95fa921fffd17270ecab5e2092c9ba9/transformed/navigationevent/AndroidManifest.xml
[        ] Merging manifest with lower [androidx.navigationevent:navigationevent-android:1.0.2] AndroidManifest.xml:2:1-7:12
[        ] uses-sdk defined in both files...
[        ] Merging uses-sdk with lower [androidx.navigationevent:navigationevent-android:1.0.2] AndroidManifest.xml:5:5-44
[        ] Merging library manifest /home/ubuntu/.gradle/caches/9.3.1/transforms/8ac3dbed3f0f19926fe4f749027dae3f/transformed/annotation-experimental-1.4.1/AndroidManifest.xml
[        ] Merging manifest with lower [androidx.annotation:annotation-experimental:1.4.1] AndroidManifest.xml:2:1-7:12
[        ] uses-sdk defined in both files...
[        ] Merging uses-sdk with lower [androidx.annotation:annotation-experimental:1.4.1] AndroidManifest.xml:5:5-44
[        ] Merging library manifest /home/ubuntu/.gradle/caches/9.3.1/transforms/e81d5eeb13a3223f331ec31d266f9dbb/transformed/core-viewtree-1.0.0/AndroidManifest.xml
[        ] Merging manifest with lower [androidx.core:core-viewtree:1.0.0] AndroidManifest.xml:2:1-7:12
[        ] uses-sdk defined in both files...
[        ] Merging uses-sdk with lower [androidx.core:core-viewtree:1.0.0] AndroidManifest.xml:5:5-44
[        ] Merging library manifest /home/ubuntu/.gradle/caches/9.3.1/transforms/8c9977e1d2b6d4eac35b732a0a74293c/transformed/exifinterface-1.4.2/AndroidManifest.xml
[        ] Merging manifest with lower [androidx.exifinterface:exifinterface:1.4.2] AndroidManifest.xml:2:1-7:12
[        ] uses-sdk defined in both files...
[        ] Merging uses-sdk with lower [androidx.exifinterface:exifinterface:1.4.2] AndroidManifest.xml:5:5-44
[        ] Merging library manifest /home/ubuntu/.gradle/caches/9.3.1/transforms/7366a9c8623cf5e0422083d5012d9281/transformed/profileinstaller-1.4.0/AndroidManifest.xml
[        ] Merging manifest with lower [androidx.profileinstaller:profileinstaller:1.4.0] AndroidManifest.xml:17:1-55:12
[        ] uses-sdk defined in both files...
[        ] Merging uses-sdk with lower [androidx.profileinstaller:profileinstaller:1.4.0] AndroidManifest.xml:21:5-44
[        ] application defined in both files...
[        ] Merging application with lower [androidx.profileinstaller:profileinstaller:1.4.0] AndroidManifest.xml:23:5-53:19
[        ] provider#androidx.startup.InitializationProvider defined in both files...
[        ] Merging provider#androidx.startup.InitializationProvider with lower [androidx.profileinstaller:profileinstaller:1.4.0] AndroidManifest.xml:24:9-32:20
[        ] Adopted [meta-data: null]
[        ] Adopted [receiver: null]
[        ] Merging library manifest /home/ubuntu/.gradle/caches/9.3.1/transforms/9b4102c231a6286b797c71f1baf13a34/transformed/startup-runtime-1.1.1/AndroidManifest.xml
[        ] Merging manifest with lower [androidx.startup:startup-runtime:1.1.1] AndroidManifest.xml:17:1-33:12
[        ] uses-sdk defined in both files...
[        ] Merging uses-sdk with lower [androidx.startup:startup-runtime:1.1.1] AndroidManifest.xml:21:5-23:41
[        ] application defined in both files...
[        ] Merging application with lower [androidx.startup:startup-runtime:1.1.1] AndroidManifest.xml:25:5-31:19
[        ] provider#androidx.startup.InitializationProvider defined in both files...
[        ] Merging provider#androidx.startup.InitializationProvider with lower [androidx.startup:startup-runtime:1.1.1] AndroidManifest.xml:26:9-30:34
[        ] Merging library manifest /home/ubuntu/.gradle/caches/9.3.1/transforms/b29c715449f72c435a349c85b3d0caea/transformed/tracing-1.2.0/AndroidManifest.xml
[        ] Merging manifest with lower [androidx.tracing:tracing:1.2.0] AndroidManifest.xml:17:1-22:12
[        ] uses-sdk defined in both files...
[        ] Merging uses-sdk with lower [androidx.tracing:tracing:1.2.0] AndroidManifest.xml:20:5-44
[        ] Merging library manifest /home/ubuntu/.gradle/caches/9.3.1/transforms/edd921f3d079cdfa25fa38fcddc7d994/transformed/interpolator-1.0.0/AndroidManifest.xml
[        ] Merging manifest with lower [androidx.interpolator:interpolator:1.0.0] AndroidManifest.xml:17:1-22:12
[        ] uses-sdk defined in both files...
[        ] Merging uses-sdk with lower [androidx.interpolator:interpolator:1.0.0] AndroidManifest.xml:20:5-44
[        ] Merging library manifest /home/ubuntu/.gradle/caches/9.3.1/transforms/cd2c59b851083326f63879acf62ab040/transformed/versionedparcelable-1.1.1/AndroidManifest.xml
[        ] Merging manifest with lower [androidx.versionedparcelable:versionedparcelable:1.1.1] AndroidManifest.xml:17:1-27:12
[        ] uses-sdk defined in both files...
[        ] Merging uses-sdk with lower [androidx.versionedparcelable:versionedparcelable:1.1.1] AndroidManifest.xml:20:5-22:41
[        ] application defined in both files...
[        ] Merging application with lower [androidx.versionedparcelable:versionedparcelable:1.1.1] AndroidManifest.xml:24:5-25:19
[        ] Merging library manifest /home/ubuntu/.gradle/caches/9.3.1/transforms/676a00389ce276119408c3f879732fa3/transformed/core-runtime-2.2.0/AndroidManifest.xml
[        ] Merging manifest with lower [androidx.arch.core:core-runtime:2.2.0] AndroidManifest.xml:17:1-22:12
[        ] uses-sdk defined in both files...
[        ] Merging uses-sdk with lower [androidx.arch.core:core-runtime:2.2.0] AndroidManifest.xml:20:5-44
[        ] Merging library manifest /home/ubuntu/.gradle/caches/9.3.1/transforms/044b3bfb291122cb5d839f7bb5f457ef/transformed/cursoradapter-1.0.0/AndroidManifest.xml
[        ] Merging manifest with lower [androidx.cursoradapter:cursoradapter:1.0.0] AndroidManifest.xml:17:1-22:12
[        ] uses-sdk defined in both files...
[        ] Merging uses-sdk with lower [androidx.cursoradapter:cursoradapter:1.0.0] AndroidManifest.xml:20:5-44
[        ] Merging library manifest /home/ubuntu/.gradle/caches/9.3.1/transforms/351270bffe273cd281381403a975b48c/transformed/core-1.0.0/AndroidManifest.xml
[        ] Merging manifest with lower [androidx.window.extensions.core:core:1.0.0] AndroidManifest.xml:2:1-7:12
[        ] uses-sdk defined in both files...
[        ] Merging uses-sdk with lower [androidx.window.extensions.core:core:1.0.0] AndroidManifest.xml:5:5-44
[        ] Merging library manifest /home/ubuntu/.gradle/caches/9.3.1/transforms/336483228e0435006a40d56cae8d6634/transformed/documentfile-1.0.0/AndroidManifest.xml
[        ] Merging manifest with lower [androidx.documentfile:documentfile:1.0.0] AndroidManifest.xml:17:1-22:12
[        ] uses-sdk defined in both files...
[        ] Merging uses-sdk with lower [androidx.documentfile:documentfile:1.0.0] AndroidManifest.xml:20:5-44
[        ] Merging library manifest /home/ubuntu/.gradle/caches/9.3.1/transforms/eaec30f7aa2286e29e53547b46f28aab/transformed/localbroadcastmanager-1.0.0/AndroidManifest.xml
[        ] Merging manifest with lower [androidx.localbroadcastmanager:localbroadcastmanager:1.0.0] AndroidManifest.xml:17:1-22:12
[        ] uses-sdk defined in both files...
[        ] Merging uses-sdk with lower [androidx.localbroadcastmanager:localbroadcastmanager:1.0.0] AndroidManifest.xml:20:5-44
[        ] Merging library manifest /home/ubuntu/.gradle/caches/9.3.1/transforms/944a2efc24e2e0f77326922d335f8a70/transformed/print-1.0.0/AndroidManifest.xml
[        ] Merging manifest with lower [androidx.print:print:1.0.0] AndroidManifest.xml:17:1-22:12
[        ] uses-sdk defined in both files...
[        ] Merging uses-sdk with lower [androidx.print:print:1.0.0] AndroidManifest.xml:20:5-44
[        ] Merging library manifest /home/ubuntu/.gradle/caches/9.3.1/transforms/c0964caf9c24094a321210620cc78cb1/transformed/runtime-annotation/AndroidManifest.xml
[        ] Merging manifest with lower [androidx.compose.runtime:runtime-annotation-android:1.9.0] AndroidManifest.xml:2:1-7:12
[        ] uses-sdk defined in both files...
[        ] Merging uses-sdk with lower [androidx.compose.runtime:runtime-annotation-android:1.9.0] AndroidManifest.xml:5:5-44
[        ] Merging library manifest /home/ubuntu/.gradle/caches/9.3.1/transforms/8ae01703e8ba44e569ce5fa8506d081c/transformed/relinker-1.4.5/AndroidManifest.xml
[        ] Merging manifest with lower [com.getkeepsafe.relinker:relinker:1.4.5] AndroidManifest.xml:2:1-7:12
[        ] uses-sdk defined in both files...
[        ] Merging uses-sdk with lower [com.getkeepsafe.relinker:relinker:1.4.5] AndroidManifest.xml:5:5-43
[        ] Merging result: SUCCESS
[        ] 1<?xml version="1.0" encoding="utf-8"?>
[        ] 2<manifest xmlns:android="http://schemas.android.com/apk/res/android"
[        ] 3    package="com.ffm_manager"
[        ] 4    android:versionCode="67"
[        ] 5    android:versionName="0.1.67" >
[        ] 6
[        ] 7    <uses-sdk
[        ] 7-->INJECTED
[        ] 8        android:minSdkVersion="26"
[        ] 8-->INJECTED
[        ] 9        android:targetSdkVersion="36" />
[        ] 9-->INJECTED
[        ] 10
[        ] 11    <uses-permission android:name="android.permission.CAMERA" />
[        ] 11-->/home/ubuntu/FFM-source-2d123ad-v67/android/app/src/main/AndroidManifest.xml:2:5-65
[        ] 11-->/home/ubuntu/FFM-source-2d123ad-v67/android/app/src/main/AndroidManifest.xml:2:22-62
[        ] 12    <uses-permission android:name="android.permission.RECORD_AUDIO" />
[        ] 12-->/home/ubuntu/FFM-source-2d123ad-v67/android/app/src/main/AndroidManifest.xml:3:5-71
[        ] 12-->/home/ubuntu/FFM-source-2d123ad-v67/android/app/src/main/AndroidManifest.xml:3:22-68
[        ] 13    <uses-permission android:name="android.permission.POST_NOTIFICATIONS" />
[        ] 13-->/home/ubuntu/FFM-source-2d123ad-v67/android/app/src/main/AndroidManifest.xml:4:5-77
[        ] 13-->/home/ubuntu/FFM-source-2d123ad-v67/android/app/src/main/AndroidManifest.xml:4:22-74
[        ] 14    <uses-permission android:name="android.permission.RECEIVE_BOOT_COMPLETED" />
[        ] 14-->/home/ubuntu/FFM-source-2d123ad-v67/android/app/src/main/AndroidManifest.xml:5:5-81
[        ] 14-->/home/ubuntu/FFM-source-2d123ad-v67/android/app/src/main/AndroidManifest.xml:5:22-78
[        ] 15    <uses-permission android:name="android.permission.SCHEDULE_EXACT_ALARM" />
[        ] 15-->/home/ubuntu/FFM-source-2d123ad-v67/android/app/src/main/AndroidManifest.xml:6:5-79
[        ] 15-->/home/ubuntu/FFM-source-2d123ad-v67/android/app/src/main/AndroidManifest.xml:6:22-76
[        ] 16    <uses-permission android:name="android.permission.VIBRATE" />
[        ] 16-->/home/ubuntu/FFM-source-2d123ad-v67/android/app/src/main/AndroidManifest.xml:7:5-66
[        ] 16-->/home/ubuntu/FFM-source-2d123ad-v67/android/app/src/main/AndroidManifest.xml:7:22-63
[        ] 17    <!--
[        ] 18         Required to query activities that can process text, see:
[        ] 19         https://developer.android.com/training/package-visibility and
[        ] 20         https://developer.android.com/reference/android/content/Intent#ACTION_PROCESS_TEXT.
[        ] 21
[        ] 22         In particular, this is used by the Flutter engine in io.flutter.plugin.text.ProcessTextPlugin.
[        ] 23    -->
[        ] 24    <queries>
[        ] 24-->/home/ubuntu/FFM-source-2d123ad-v67/android/app/src/main/AndroidManifest.xml:71:5-79:15
[        ] 25        <intent>
[        ] 25-->/home/ubuntu/FFM-source-2d123ad-v67/android/app/src/main/AndroidManifest.xml:72:9-75:18
[        ] 26            <action android:name="android.intent.action.PROCESS_TEXT" />
[        ] 26-->/home/ubuntu/FFM-source-2d123ad-v67/android/app/src/main/AndroidManifest.xml:73:13-72
[        ] 26-->/home/ubuntu/FFM-source-2d123ad-v67/android/app/src/main/AndroidManifest.xml:73:21-70
[        ] 27
[        ] 28            <data android:mimeType="text/plain" />
[        ] 28-->/home/ubuntu/FFM-source-2d123ad-v67/android/app/src/main/AndroidManifest.xml:74:13-50
[        ] 28-->/home/ubuntu/FFM-source-2d123ad-v67/android/app/src/main/AndroidManifest.xml:74:19-48
[        ] 29        </intent>
[        ] 30        <intent>
[        ] 30-->/home/ubuntu/FFM-source-2d123ad-v67/android/app/src/main/AndroidManifest.xml:76:9-78:18
[        ] 31            <action android:name="android.speech.RecognitionService" />
[        ] 31-->/home/ubuntu/FFM-source-2d123ad-v67/android/app/src/main/AndroidManifest.xml:77:13-72
[        ] 31-->/home/ubuntu/FFM-source-2d123ad-v67/android/app/src/main/AndroidManifest.xml:77:21-69
[        ] 32        </intent>
[        ] 33        <intent>
[        ] 33-->[:android_file_picker] /home/ubuntu/FFM-source-2d123ad-v67/build/android_file_picker/intermediates/merged_manifest/debug/processDebugManifest/AndroidManifest.xml:8:9-12:18
[        ] 34            <action android:name="android.intent.action.GET_CONTENT" />
[        ] 34-->[:android_file_picker] /home/ubuntu/FFM-source-2d123ad-v67/build/android_file_picker/intermediates/merged_manifest/debug/processDebugManifest/AndroidManifest.xml:9:13-72
[        ] 34-->[:android_file_picker] /home/ubuntu/FFM-source-2d123ad-v67/build/android_file_picker/intermediates/merged_manifest/debug/processDebugManifest/AndroidManifest.xml:9:21-69
[        ] 35
[        ] 36            <data android:mimeType="*/*" />
[        ] 36-->/home/ubuntu/FFM-source-2d123ad-v67/android/app/src/main/AndroidManifest.xml:74:13-50
[        ] 36-->/home/ubuntu/FFM-source-2d123ad-v67/android/app/src/main/AndroidManifest.xml:74:19-48
[        ] 37        </intent>
[        ] 38    </queries>
[        ] 39
[        ] 40    <uses-permission android:name="android.permission.USE_BIOMETRIC" /> <!-- suppress DeprecatedClassUsageInspection -->
[        ] 40-->[:local_auth_android] /home/ubuntu/FFM-source-2d123ad-v67/build/local_auth_android/intermediates/merged_manifest/debug/processDebugManifest/AndroidManifest.xml:7:5-72
[        ] 40-->[:local_auth_android] /home/ubuntu/FFM-source-2d123ad-v67/build/local_auth_android/intermediates/merged_manifest/debug/processDebugManifest/AndroidManifest.xml:7:22-69
[        ] 41    <uses-permission android:name="android.permission.USE_FINGERPRINT" />
[        ] 41-->[androidx.biometric:biometric:1.1.0] /home/ubuntu/.gradle/caches/9.3.1/transforms/ee1b8669af97281b0603cc47a91cd059/transformed/biometric-1.1.0/AndroidManifest.xml:27:5-74
[        ] 41-->[androidx.biometric:biometric:1.1.0] /home/ubuntu/.gradle/caches/9.3.1/transforms/ee1b8669af97281b0603cc47a91cd059/transformed/biometric-1.1.0/AndroidManifest.xml:27:22-71
[        ] 42
[        ] 43    <permission
[        ] 43-->[androidx.core:core:1.18.0] /home/ubuntu/.gradle/caches/9.3.1/transforms/d093bb2eca2532b7d20813ec3c4a0c68/transformed/core-1.18.0/AndroidManifest.xml:22:5-24:47
[        ] 44        android:name="com.ffm_manager.DYNAMIC_RECEIVER_NOT_EXPORTED_PERMISSION"
[        ] 44-->[androidx.core:core:1.18.0] /home/ubuntu/.gradle/caches/9.3.1/transforms/d093bb2eca2532b7d20813ec3c4a0c68/transformed/core-1.18.0/AndroidManifest.xml:23:9-81
[        ] 45        android:protectionLevel="signature" />
[        ] 45-->[androidx.core:core:1.18.0] /home/ubuntu/.gradle/caches/9.3.1/transforms/d093bb2eca2532b7d20813ec3c4a0c68/transformed/core-1.18.0/AndroidManifest.xml:24:9-44
[        ] 46
[        ] 47    <uses-permission android:name="com.ffm_manager.DYNAMIC_RECEIVER_NOT_EXPORTED_PERMISSION" />
[        ] 47-->[androidx.core:core:1.18.0] /home/ubuntu/.gradle/caches/9.3.1/transforms/d093bb2eca2532b7d20813ec3c4a0c68/transformed/core-1.18.0/AndroidManifest.xml:26:5-97
[        ] 47-->[androidx.core:core:1.18.0] /home/ubuntu/.gradle/caches/9.3.1/transforms/d093bb2eca2532b7d20813ec3c4a0c68/transformed/core-1.18.0/AndroidManifest.xml:26:22-94
[        ] 48
[        ] 49    <application
[        ] 49-->INJECTED
[        ] 50        android:name="android.app.Application"
[        ] 50-->INJECTED
[        ] 51        android:appComponentFactory="androidx.core.app.CoreComponentFactory"
[        ] 51-->[androidx.core:core:1.18.0] /home/ubuntu/.gradle/caches/9.3.1/transforms/d093bb2eca2532b7d20813ec3c4a0c68/transformed/core-1.18.0/AndroidManifest.xml:28:18-86
[        ] 52        android:debuggable="true"
[        ] 53        android:extractNativeLibs="false"
[        ] 53-->INJECTED
[        ] 54        android:icon="@mipmap/ic_launcher"
[        ] 54-->/home/ubuntu/FFM-source-2d123ad-v67/android/app/src/main/AndroidManifest.xml:11:9-43
[        ] 55        android:label="FFM" >
[        ] 55-->/home/ubuntu/FFM-source-2d123ad-v67/android/app/src/main/AndroidManifest.xml:9:9-28
[        ] 56        <activity
[        ] 56-->/home/ubuntu/FFM-source-2d123ad-v67/android/app/src/main/AndroidManifest.xml:12:9-33:20
[        ] 57            android:name="com.ffm_manager.MainActivity"
[        ] 57-->/home/ubuntu/FFM-source-2d123ad-v67/android/app/src/main/AndroidManifest.xml:13:13-41
[        ] 58            android:configChanges="orientation|keyboardHidden|keyboard|screenSize|smallestScreenSize|locale|layoutDirection|fontScale|screenLayout|density|uiMode"
[        ] 58-->/home/ubuntu/FFM-source-2d123ad-v67/android/app/src/main/AndroidManifest.xml:18:13-163
[        ] 59            android:exported="true"
[        ] 59-->/home/ubuntu/FFM-source-2d123ad-v67/android/app/src/main/AndroidManifest.xml:14:13-36
[        ] 60            android:hardwareAccelerated="true"
[        ] 60-->/home/ubuntu/FFM-source-2d123ad-v67/android/app/src/main/AndroidManifest.xml:19:13-47
[        ] 61            android:launchMode="singleTop"
[        ] 61-->/home/ubuntu/FFM-source-2d123ad-v67/android/app/src/main/AndroidManifest.xml:15:13-43
[        ] 62            android:taskAffinity=""
[        ] 62-->/home/ubuntu/FFM-source-2d123ad-v67/android/app/src/main/AndroidManifest.xml:16:13-36
[        ] 63            android:theme="@style/LaunchTheme"
[        ] 63-->/home/ubuntu/FFM-source-2d123ad-v67/android/app/src/main/AndroidManifest.xml:17:13-47
[        ] 64            android:windowSoftInputMode="adjustResize" >
[        ] 64-->/home/ubuntu/FFM-source-2d123ad-v67/android/app/src/main/AndroidManifest.xml:20:13-55
[        ] 65
[        ] 66            <!--
[        ] 67                 Specifies an Android theme to apply to this Activity as soon as
[        ] 68                 the Android process has started. This theme is visible to the user
[        ] 69                 while the Flutter UI initializes. After that, this theme continues
[        ] 70                 to determine the Window background behind the Flutter UI.
[        ] 71            -->
[        ] 72            <meta-data
[        ] 72-->/home/ubuntu/FFM-source-2d123ad-v67/android/app/src/main/AndroidManifest.xml:25:13-28:17
[        ] 73                android:name="io.flutter.embedding.android.NormalTheme"
[        ] 73-->/home/ubuntu/FFM-source-2d123ad-v67/android/app/src/main/AndroidManifest.xml:26:15-70
[        ] 74                android:resource="@style/NormalTheme" />
[        ] 74-->/home/ubuntu/FFM-source-2d123ad-v67/android/app/src/main/AndroidManifest.xml:27:15-52
[        ] 75
[        ] 76            <intent-filter>
[        ] 76-->/home/ubuntu/FFM-source-2d123ad-v67/android/app/src/main/AndroidManifest.xml:29:13-32:29
[        ] 77                <action android:name="android.intent.action.MAIN" />
[        ] 77-->/home/ubuntu/FFM-source-2d123ad-v67/android/app/src/main/AndroidManifest.xml:30:17-68
[        ] 77-->/home/ubuntu/FFM-source-2d123ad-v67/android/app/src/main/AndroidManifest.xml:30:25-66
[        ] 78
[        ] 79                <category android:name="android.intent.category.LAUNCHER" />
[        ] 79-->/home/ubuntu/FFM-source-2d123ad-v67/android/app/src/main/AndroidManifest.xml:31:17-76
[        ] 79-->/home/ubuntu/FFM-source-2d123ad-v67/android/app/src/main/AndroidManifest.xml:31:27-74
[        ] 80            </intent-filter>
[        ] 81        </activity>
[        ] 82        <!--
[        ] 83             Don't delete the meta-data below.
[        ] 84             This is used by the Flutter tool to generate GeneratedPluginRegistrant.java
[        ] 85        -->
[        ] 86        <meta-data
[        ] 86-->/home/ubuntu/FFM-source-2d123ad-v67/android/app/src/main/AndroidManifest.xml:36:9-38:33
[        ] 87            android:name="flutterEmbedding"
[        ] 87-->/home/ubuntu/FFM-source-2d123ad-v67/android/app/src/main/AndroidManifest.xml:37:13-44
[        ] 88            android:value="2" />
[        ] 88-->/home/ubuntu/FFM-source-2d123ad-v67/android/app/src/main/AndroidManifest.xml:38:13-30
[        ] 89
[        ] 90        <receiver
[        ] 90-->/home/ubuntu/FFM-source-2d123ad-v67/android/app/src/main/AndroidManifest.xml:39:9-48:20
[        ] 91            android:name="com.ffm_manager.FfmWidgetProvider"
[        ] 91-->/home/ubuntu/FFM-source-2d123ad-v67/android/app/src/main/AndroidManifest.xml:40:13-61
[        ] 92            android:exported="false" >
[        ] 92-->/home/ubuntu/FFM-source-2d123ad-v67/android/app/src/main/AndroidManifest.xml:41:13-37
[        ] 93            <intent-filter>
[        ] 93-->/home/ubuntu/FFM-source-2d123ad-v67/android/app/src/main/AndroidManifest.xml:42:13-44:29
[        ] 94                <action android:name="android.appwidget.action.APPWIDGET_UPDATE" />
[        ] 94-->/home/ubuntu/FFM-source-2d123ad-v67/android/app/src/main/AndroidManifest.xml:43:17-84
[        ] 94-->/home/ubuntu/FFM-source-2d123ad-v67/android/app/src/main/AndroidManifest.xml:43:25-81
[        ] 95            </intent-filter>
[        ] 96
[        ] 97            <meta-data
[        ] 97-->/home/ubuntu/FFM-source-2d123ad-v67/android/app/src/main/AndroidManifest.xml:45:13-47:59
[        ] 98                android:name="android.appwidget.provider"
[        ] 98-->/home/ubuntu/FFM-source-2d123ad-v67/android/app/src/main/AndroidManifest.xml:46:17-58
[        ] 99                android:resource="@xml/ffm_widget_info" />
[        ] 99-->/home/ubuntu/FFM-source-2d123ad-v67/android/app/src/main/AndroidManifest.xml:47:17-56
[        ] 100        </receiver>
[        ] 101        <receiver
[        ] 101-->/home/ubuntu/FFM-source-2d123ad-v67/android/app/src/main/AndroidManifest.xml:49:9-51:40
[        ] 102            android:name="com.dexterous.flutterlocalnotifications.ActionBroadcastReceiver"
[        ] 102-->/home/ubuntu/FFM-source-2d123ad-v67/android/app/src/main/AndroidManifest.xml:50:13-91
[        ] 103            android:exported="false" />
[        ] 103-->/home/ubuntu/FFM-source-2d123ad-v67/android/app/src/main/AndroidManifest.xml:51:13-37
[        ] 104        <receiver
[        ] 104-->/home/ubuntu/FFM-source-2d123ad-v67/android/app/src/main/AndroidManifest.xml:52:9-54:40
[        ] 105            android:name="com.dexterous.flutterlocalnotifications.ScheduledNotificationReceiver"
[        ] 105-->/home/ubuntu/FFM-source-2d123ad-v67/android/app/src/main/AndroidManifest.xml:53:13-97
[        ] 106            android:exported="false" />
[        ] 106-->/home/ubuntu/FFM-source-2d123ad-v67/android/app/src/main/AndroidManifest.xml:54:13-37
[        ] 107        <receiver
[        ] 107-->/home/ubuntu/FFM-source-2d123ad-v67/android/app/src/main/AndroidManifest.xml:55:9-64:20
[        ] 108            android:name="com.dexterous.flutterlocalnotifications.ScheduledNotificationBootReceiver"
[        ] 108-->/home/ubuntu/FFM-source-2d123ad-v67/android/app/src/main/AndroidManifest.xml:56:13-101
[        ] 109            android:exported="false" >
[        ] 109-->/home/ubuntu/FFM-source-2d123ad-v67/android/app/src/main/AndroidManifest.xml:57:13-37
[        ] 110            <intent-filter>
[        ] 110-->/home/ubuntu/FFM-source-2d123ad-v67/android/app/src/main/AndroidManifest.xml:58:13-63:29
[        ] 111                <action android:name="android.intent.action.BOOT_COMPLETED" />
[        ] 111-->/home/ubuntu/FFM-source-2d123ad-v67/android/app/src/main/AndroidManifest.xml:59:17-79
[        ] 111-->/home/ubuntu/FFM-source-2d123ad-v67/android/app/src/main/AndroidManifest.xml:59:25-76
[        ] 112                <action android:name="android.intent.action.MY_PACKAGE_REPLACED" />
[        ] 112-->/home/ubuntu/FFM-source-2d123ad-v67/android/app/src/main/AndroidManifest.xml:60:17-84
[        ] 112-->/home/ubuntu/FFM-source-2d123ad-v67/android/app/src/main/AndroidManifest.xml:60:25-81
[        ] 113                <action android:name="android.intent.action.QUICKBOOT_POWERON" />
[        ] 113-->/home/ubuntu/FFM-source-2d123ad-v67/android/app/src/main/AndroidManifest.xml:61:17-82
[        ] 113-->/home/ubuntu/FFM-source-2d123ad-v67/android/app/src/main/AndroidManifest.xml:61:25-79
[        ] 114                <action android:name="com.htc.intent.action.QUICKBOOT_POWERON" />
[        ] 114-->/home/ubuntu/FFM-source-2d123ad-v67/android/app/src/main/AndroidManifest.xml:62:17-82
[        ] 114-->/home/ubuntu/FFM-source-2d123ad-v67/android/app/src/main/AndroidManifest.xml:62:25-79
[        ] 115            </intent-filter>
[        ] 116        </receiver>
[        ] 117
[        ] 118        <provider
[        ] 118-->[:image_picker_android] /home/ubuntu/FFM-source-2d123ad-v67/build/image_picker_android/intermediates/merged_manifest/debug/processDebugManifest/AndroidManifest.xml:9:9-17:20
[        ] 119            android:name="io.flutter.plugins.imagepicker.ImagePickerFileProvider"
[        ] 119-->[:image_picker_android] /home/ubuntu/FFM-source-2d123ad-v67/build/image_picker_android/intermediates/merged_manifest/debug/processDebugManifest/AndroidManifest.xml:10:13-82
[        ] 120            android:authorities="com.ffm_manager.flutter.image_provider"
[        ] 120-->[:image_picker_android] /home/ubuntu/FFM-source-2d123ad-v67/build/image_picker_android/intermediates/merged_manifest/debug/processDebugManifest/AndroidManifest.xml:11:13-74
[        ] 121            android:exported="false"
[        ] 121-->[:image_picker_android] /home/ubuntu/FFM-source-2d123ad-v67/build/image_picker_android/intermediates/merged_manifest/debug/processDebugManifest/AndroidManifest.xml:12:13-37
[        ] 122            android:grantUriPermissions="true" >
[        ] 122-->[:image_picker_android] /home/ubuntu/FFM-source-2d123ad-v67/build/image_picker_android/intermediates/merged_manifest/debug/processDebugManifest/AndroidManifest.xml:13:13-47
[        ] 123            <meta-data
[        ] 123-->[:image_picker_android] /home/ubuntu/FFM-source-2d123ad-v67/build/image_picker_android/intermediates/merged_manifest/debug/processDebugManifest/AndroidManifest.xml:14:13-16:75
[        ] 124                android:name="android.support.FILE_PROVIDER_PATHS"
[        ] 124-->[:image_picker_android] /home/ubuntu/FFM-source-2d123ad-v67/build/image_picker_android/intermediates/merged_manifest/debug/processDebugManifest/AndroidManifest.xml:15:17-67
[        ] 125                android:resource="@xml/flutter_image_picker_file_paths" />
[        ] 125-->[:image_picker_android] /home/ubuntu/FFM-source-2d123ad-v67/build/image_picker_android/intermediates/merged_manifest/debug/processDebugManifest/AndroidManifest.xml:16:17-72
[        ] 126        </provider> <!-- Trigger Google Play services to install the backported photo picker module. -->
[        ] 127        <service
[        ] 127-->[:image_picker_android] /home/ubuntu/FFM-source-2d123ad-v67/build/image_picker_android/intermediates/merged_manifest/debug/processDebugManifest/AndroidManifest.xml:19:9-31:19
[        ] 128            android:name="com.google.android.gms.metadata.ModuleDependencies"
[        ] 128-->[:image_picker_android] /home/ubuntu/FFM-source-2d123ad-v67/build/image_picker_android/intermediates/merged_manifest/debug/processDebugManifest/AndroidManifest.xml:20:13-78
[        ] 129            android:enabled="false"
[        ] 129-->[:image_picker_android] /home/ubuntu/FFM-source-2d123ad-v67/build/image_picker_android/intermediates/merged_manifest/debug/processDebugManifest/AndroidManifest.xml:21:13-36
[        ] 130            android:exported="false" >
[        ] 130-->[:image_picker_android] /home/ubuntu/FFM-source-2d123ad-v67/build/image_picker_android/intermediates/merged_manifest/debug/processDebugManifest/AndroidManifest.xml:22:13-37
[        ] 131            <intent-filter>
[        ] 131-->[:image_picker_android] /home/ubuntu/FFM-source-2d123ad-v67/build/image_picker_android/intermediates/merged_manifest/debug/processDebugManifest/AndroidManifest.xml:24:13-26:29
[        ] 132                <action android:name="com.google.android.gms.metadata.MODULE_DEPENDENCIES" />
[        ] 132-->[:image_picker_android] /home/ubuntu/FFM-source-2d123ad-v67/build/image_picker_android/intermediates/merged_manifest/debug/processDebugManifest/AndroidManifest.xml:25:17-94
[        ] 132-->[:image_picker_android] /home/ubuntu/FFM-source-2d123ad-v67/build/image_picker_android/intermediates/merged_manifest/debug/processDebugManifest/AndroidManifest.xml:25:25-91
[        ] 133            </intent-filter>
[        ] 134
[        ] 135            <meta-data
[        ] 135-->[:image_picker_android] /home/ubuntu/FFM-source-2d123ad-v67/build/image_picker_android/intermediates/merged_manifest/debug/processDebugManifest/AndroidManifest.xml:28:13-30:36
[        ] 136                android:name="photopicker_activity:0:required"
[        ] 136-->[:image_picker_android] /home/ubuntu/FFM-source-2d123ad-v67/build/image_picker_android/intermediates/merged_manifest/debug/processDebugManifest/AndroidManifest.xml:29:17-63
[        ] 137                android:value="" />
[        ] 137-->[:image_picker_android] /home/ubuntu/FFM-source-2d123ad-v67/build/image_picker_android/intermediates/merged_manifest/debug/processDebugManifest/AndroidManifest.xml:30:17-33
[        ] 138        </service>
[        ] 139
[        ] 140        <provider
[        ] 140-->[:printing] /home/ubuntu/FFM-source-2d123ad-v67/build/printing/intermediates/merged_manifest/debug/processDebugManifest/AndroidManifest.xml:8:9-16:20
[        ] 141            android:name="net.nfet.flutter.printing.PrintFileProvider"
[        ] 141-->[:printing] /home/ubuntu/FFM-source-2d123ad-v67/build/printing/intermediates/merged_manifest/debug/processDebugManifest/AndroidManifest.xml:9:13-71
[        ] 142            android:authorities="com.ffm_manager.flutter.printing"
[        ] 142-->[:printing] /home/ubuntu/FFM-source-2d123ad-v67/build/printing/intermediates/merged_manifest/debug/processDebugManifest/AndroidManifest.xml:10:13-68
[        ] 143            android:exported="false"
[        ] 143-->[:printing] /home/ubuntu/FFM-source-2d123ad-v67/build/printing/intermediates/merged_manifest/debug/processDebugManifest/AndroidManifest.xml:11:13-37
[        ] 144            android:grantUriPermissions="true" >
[        ] 144-->[:printing] /home/ubuntu/FFM-source-2d123ad-v67/build/printing/intermediates/merged_manifest/debug/processDebugManifest/AndroidManifest.xml:12:13-47
[        ] 145            <meta-data
[        ] 145-->[:image_picker_android] /home/ubuntu/FFM-source-2d123ad-v67/build/image_picker_android/intermediates/merged_manifest/debug/processDebugManifest/AndroidManifest.xml:14:13-16:75
[        ] 146                android:name="android.support.FILE_PROVIDER_PATHS"
[        ] 146-->[:image_picker_android] /home/ubuntu/FFM-source-2d123ad-v67/build/image_picker_android/intermediates/merged_manifest/debug/processDebugManifest/AndroidManifest.xml:15:17-67
[        ] 147                android:resource="@xml/flutter_printing_file_paths" />
[        ] 147-->[:image_picker_android] /home/ubuntu/FFM-source-2d123ad-v67/build/image_picker_android/intermediates/merged_manifest/debug/processDebugManifest/AndroidManifest.xml:16:17-72
[        ] 148        </provider>
[        ] 149        <!--
[        ] 150           Declares a provider which allows us to store files to share in
[        ] 151           '.../caches/share_plus' and grant the receiving action access
[        ] 152        -->
[        ] 153        <provider
[        ] 153-->[:share_plus] /home/ubuntu/FFM-source-2d123ad-v67/build/share_plus/intermediates/merged_manifest/debug/processDebugManifest/AndroidManifest.xml:13:9-21:20
[        ] 154            android:name="dev.fluttercommunity.plus.share.ShareFileProvider"
[        ] 154-->[:share_plus] /home/ubuntu/FFM-source-2d123ad-v67/build/share_plus/intermediates/merged_manifest/debug/processDebugManifest/AndroidManifest.xml:14:13-77
[        ] 155            android:authorities="com.ffm_manager.flutter.share_provider"
[        ] 155-->[:share_plus] /home/ubuntu/FFM-source-2d123ad-v67/build/share_plus/intermediates/merged_manifest/debug/processDebugManifest/AndroidManifest.xml:15:13-74
[        ] 156            android:exported="false"
[        ] 156-->[:share_plus] /home/ubuntu/FFM-source-2d123ad-v67/build/share_plus/intermediates/merged_manifest/debug/processDebugManifest/AndroidManifest.xml:16:13-37
[        ] 157            android:grantUriPermissions="true" >
[        ] 157-->[:share_plus] /home/ubuntu/FFM-source-2d123ad-v67/build/share_plus/intermediates/merged_manifest/debug/processDebugManifest/AndroidManifest.xml:17:13-47
[        ] 158            <meta-data
[        ] 158-->[:image_picker_android] /home/ubuntu/FFM-source-2d123ad-v67/build/image_picker_android/intermediates/merged_manifest/debug/processDebugManifest/AndroidManifest.xml:14:13-16:75
[        ] 159                android:name="android.support.FILE_PROVIDER_PATHS"
[        ] 159-->[:image_picker_android] /home/ubuntu/FFM-source-2d123ad-v67/build/image_picker_android/intermediates/merged_manifest/debug/processDebugManifest/AndroidManifest.xml:15:17-67
[        ] 160                android:resource="@xml/flutter_share_file_paths" />
[        ] 160-->[:image_picker_android] /home/ubuntu/FFM-source-2d123ad-v67/build/image_picker_android/intermediates/merged_manifest/debug/processDebugManifest/AndroidManifest.xml:16:17-72
[        ] 161        </provider>
[        ] 162        <!--
[        ] 163           This manifest declared broadcast receiver allows us to use an explicit
[        ] 164           Intent when creating a PendingItent to be informed of the user's choice
[        ] 165        -->
[        ] 166        <receiver
[        ] 166-->[:share_plus] /home/ubuntu/FFM-source-2d123ad-v67/build/share_plus/intermediates/merged_manifest/debug/processDebugManifest/AndroidManifest.xml:26:9-32:20
[        ] 167            android:name="dev.fluttercommunity.plus.share.SharePlusPendingIntent"
[        ] 167-->[:share_plus] /home/ubuntu/FFM-source-2d123ad-v67/build/share_plus/intermediates/merged_manifest/debug/processDebugManifest/AndroidManifest.xml:27:13-82
[        ] 168            android:exported="false" >
[        ] 168-->[:share_plus] /home/ubuntu/FFM-source-2d123ad-v67/build/share_plus/intermediates/merged_manifest/debug/processDebugManifest/AndroidManifest.xml:28:13-37
[        ] 169            <intent-filter>
[        ] 169-->[:share_plus] /home/ubuntu/FFM-source-2d123ad-v67/build/share_plus/intermediates/merged_manifest/debug/processDebugManifest/AndroidManifest.xml:29:13-31:29
[        ] 170                <action android:name="EXTRA_CHOSEN_COMPONENT" />
[        ] 170-->[:share_plus] /home/ubuntu/FFM-source-2d123ad-v67/build/share_plus/intermediates/merged_manifest/debug/processDebugManifest/AndroidManifest.xml:30:17-65
[        ] 170-->[:share_plus] /home/ubuntu/FFM-source-2d123ad-v67/build/share_plus/intermediates/merged_manifest/debug/processDebugManifest/AndroidManifest.xml:30:25-62
[        ] 171            </intent-filter>
[        ] 172        </receiver>
[        ] 173
[        ] 174        <provider
[        ] 174-->[androidx.lifecycle:lifecycle-process:2.10.0] /home/ubuntu/.gradle/caches/9.3.1/transforms/06aa87040e4b39ed5d8d478686f22d34/transformed/lifecycle-process-2.10.0/AndroidManifest.xml:24:9-32:20
[        ] 175            android:name="androidx.startup.InitializationProvider"
[        ] 175-->[androidx.lifecycle:lifecycle-process:2.10.0] /home/ubuntu/.gradle/caches/9.3.1/transforms/06aa87040e4b39ed5d8d478686f22d34/transformed/lifecycle-process-2.10.0/AndroidManifest.xml:25:13-67
[        ] 176            android:authorities="com.ffm_manager.androidx-startup"
[        ] 176-->[androidx.lifecycle:lifecycle-process:2.10.0] /home/ubuntu/.gradle/caches/9.3.1/transforms/06aa87040e4b39ed5d8d478686f22d34/transformed/lifecycle-process-2.10.0/AndroidManifest.xml:26:13-68
[        ] 177            android:exported="false" >
[        ] 177-->[androidx.lifecycle:lifecycle-process:2.10.0] /home/ubuntu/.gradle/caches/9.3.1/transforms/06aa87040e4b39ed5d8d478686f22d34/transformed/lifecycle-process-2.10.0/AndroidManifest.xml:27:13-37
[        ] 178            <meta-data
[        ] 178-->[androidx.lifecycle:lifecycle-process:2.10.0] /home/ubuntu/.gradle/caches/9.3.1/transforms/06aa87040e4b39ed5d8d478686f22d34/transformed/lifecycle-process-2.10.0/AndroidManifest.xml:29:13-31:52
[        ] 179                android:name="androidx.lifecycle.ProcessLifecycleInitializer"
[        ] 179-->[androidx.lifecycle:lifecycle-process:2.10.0] /home/ubuntu/.gradle/caches/9.3.1/transforms/06aa87040e4b39ed5d8d478686f22d34/transformed/lifecycle-process-2.10.0/AndroidManifest.xml:30:17-78
[        ] 180                android:value="androidx.startup" />
[        ] 180-->[androidx.lifecycle:lifecycle-process:2.10.0] /home/ubuntu/.gradle/caches/9.3.1/transforms/06aa87040e4b39ed5d8d478686f22d34/transformed/lifecycle-process-2.10.0/AndroidManifest.xml:31:17-49
[        ] 181            <meta-data
[        ] 181-->[androidx.profileinstaller:profileinstaller:1.4.0] /home/ubuntu/.gradle/caches/9.3.1/transforms/7366a9c8623cf5e0422083d5012d9281/transformed/profileinstaller-1.4.0/AndroidManifest.xml:29:13-31:52
[        ] 182                android:name="androidx.profileinstaller.ProfileInstallerInitializer"
[        ] 182-->[androidx.profileinstaller:profileinstaller:1.4.0] /home/ubuntu/.gradle/caches/9.3.1/transforms/7366a9c8623cf5e0422083d5012d9281/transformed/profileinstaller-1.4.0/AndroidManifest.xml:30:17-85
[        ] 183                android:value="androidx.startup" />
[        ] 183-->[androidx.profileinstaller:profileinstaller:1.4.0] /home/ubuntu/.gradle/caches/9.3.1/transforms/7366a9c8623cf5e0422083d5012d9281/transformed/profileinstaller-1.4.0/AndroidManifest.xml:31:17-49
[        ] 184        </provider>
[        ] 185
[        ] 186        <uses-library
[        ] 186-->[androidx.window:window:1.2.0] /home/ubuntu/.gradle/caches/9.3.1/transforms/3af980662234f52902de775e9c6e354f/transformed/window-1.2.0/AndroidManifest.xml:23:9-25:40
[        ] 187            android:name="androidx.window.extensions"
[        ] 187-->[androidx.window:window:1.2.0] /home/ubuntu/.gradle/caches/9.3.1/transforms/3af980662234f52902de775e9c6e354f/transformed/window-1.2.0/AndroidManifest.xml:24:13-54
[        ] 188            android:required="false" />
[        ] 188-->[androidx.window:window:1.2.0] /home/ubuntu/.gradle/caches/9.3.1/transforms/3af980662234f52902de775e9c6e354f/transformed/window-1.2.0/AndroidManifest.xml:25:13-37
[        ] 189        <uses-library
[        ] 189-->[androidx.window:window:1.2.0] /home/ubuntu/.gradle/caches/9.3.1/transforms/3af980662234f52902de775e9c6e354f/transformed/window-1.2.0/AndroidManifest.xml:26:9-28:40
[        ] 190            android:name="androidx.window.sidecar"
[        ] 190-->[androidx.window:window:1.2.0] /home/ubuntu/.gradle/caches/9.3.1/transforms/3af980662234f52902de775e9c6e354f/transformed/window-1.2.0/AndroidManifest.xml:27:13-51
[        ] 191            android:required="false" />
[        ] 191-->[androidx.window:window:1.2.0] /home/ubuntu/.gradle/caches/9.3.1/transforms/3af980662234f52902de775e9c6e354f/transformed/window-1.2.0/AndroidManifest.xml:28:13-37
[        ] 192
[        ] 193        <receiver
[        ] 193-->[androidx.profileinstaller:profileinstaller:1.4.0] /home/ubuntu/.gradle/caches/9.3.1/transforms/7366a9c8623cf5e0422083d5012d9281/transformed/profileinstaller-1.4.0/AndroidManifest.xml:34:9-52:20
[        ] 194            android:name="androidx.profileinstaller.ProfileInstallReceiver"
[        ] 194-->[androidx.profileinstaller:profileinstaller:1.4.0] /home/ubuntu/.gradle/caches/9.3.1/transforms/7366a9c8623cf5e0422083d5012d9281/transformed/profileinstaller-1.4.0/AndroidManifest.xml:35:13-76
[        ] 195            android:directBootAware="false"
[        ] 195-->[androidx.profileinstaller:profileinstaller:1.4.0] /home/ubuntu/.gradle/caches/9.3.1/transforms/7366a9c8623cf5e0422083d5012d9281/transformed/profileinstaller-1.4.0/AndroidManifest.xml:36:13-44
[        ] 196            android:enabled="true"
[        ] 196-->[androidx.profileinstaller:profileinstaller:1.4.0] /home/ubuntu/.gradle/caches/9.3.1/transforms/7366a9c8623cf5e0422083d5012d9281/transformed/profileinstaller-1.4.0/AndroidManifest.xml:37:13-35
[        ] 197            android:exported="true"
[        ] 197-->[androidx.profileinstaller:profileinstaller:1.4.0] /home/ubuntu/.gradle/caches/9.3.1/transforms/7366a9c8623cf5e0422083d5012d9281/transformed/profileinstaller-1.4.0/AndroidManifest.xml:38:13-36
[        ] 198            android:permission="android.permission.DUMP" >
[        ] 198-->[androidx.profileinstaller:profileinstaller:1.4.0] /home/ubuntu/.gradle/caches/9.3.1/transforms/7366a9c8623cf5e0422083d5012d9281/transformed/profileinstaller-1.4.0/AndroidManifest.xml:39:13-57
[        ] 199            <intent-filter>
[        ] 199-->[androidx.profileinstaller:profileinstaller:1.4.0] /home/ubuntu/.gradle/caches/9.3.1/transforms/7366a9c8623cf5e0422083d5012d9281/transformed/profileinstaller-1.4.0/AndroidManifest.xml:40:13-42:29
[        ] 200                <action android:name="androidx.profileinstaller.action.INSTALL_PROFILE" />
[        ] 200-->[androidx.profileinstaller:profileinstaller:1.4.0] /home/ubuntu/.gradle/caches/9.3.1/transforms/7366a9c8623cf5e0422083d5012d9281/transformed/profileinstaller-1.4.0/AndroidManifest.xml:41:17-91
[        ] 200-->[androidx.profileinstaller:profileinstaller:1.4.0] /home/ubuntu/.gradle/caches/9.3.1/transforms/7366a9c8623cf5e0422083d5012d9281/transformed/profileinstaller-1.4.0/AndroidManifest.xml:41:25-88
[        ] 201            </intent-filter>
[        ] 202            <intent-filter>
[        ] 202-->[androidx.profileinstaller:profileinstaller:1.4.0] /home/ubuntu/.gradle/caches/9.3.1/transforms/7366a9c8623cf5e0422083d5012d9281/transformed/profileinstaller-1.4.0/AndroidManifest.xml:43:13-45:29
[        ] 203                <action android:name="androidx.profileinstaller.action.SKIP_FILE" />
[        ] 203-->[androidx.profileinstaller:profileinstaller:1.4.0] /home/ubuntu/.gradle/caches/9.3.1/transforms/7366a9c8623cf5e0422083d5012d9281/transformed/profileinstaller-1.4.0/AndroidManifest.xml:44:17-85
[        ] 203-->[androidx.profileinstaller:profileinstaller:1.4.0] /home/ubuntu/.gradle/caches/9.3.1/transforms/7366a9c8623cf5e0422083d5012d9281/transformed/profileinstaller-1.4.0/AndroidManifest.xml:44:25-82
[        ] 204            </intent-filter>
[        ] 205            <intent-filter>
[        ] 205-->[androidx.profileinstaller:profileinstaller:1.4.0] /home/ubuntu/.gradle/caches/9.3.1/transforms/7366a9c8623cf5e0422083d5012d9281/transformed/profileinstaller-1.4.0/AndroidManifest.xml:46:13-48:29
[        ] 206                <action android:name="androidx.profileinstaller.action.SAVE_PROFILE" />
[        ] 206-->[androidx.profileinstaller:profileinstaller:1.4.0] /home/ubuntu/.gradle/caches/9.3.1/transforms/7366a9c8623cf5e0422083d5012d9281/transformed/profileinstaller-1.4.0/AndroidManifest.xml:47:17-88
[        ] 206-->[androidx.profileinstaller:profileinstaller:1.4.0] /home/ubuntu/.gradle/caches/9.3.1/transforms/7366a9c8623cf5e0422083d5012d9281/transformed/profileinstaller-1.4.0/AndroidManifest.xml:47:25-85
[        ] 207            </intent-filter>
[        ] 208            <intent-filter>
[        ] 208-->[androidx.profileinstaller:profileinstaller:1.4.0] /home/ubuntu/.gradle/caches/9.3.1/transforms/7366a9c8623cf5e0422083d5012d9281/transformed/profileinstaller-1.4.0/AndroidManifest.xml:49:13-51:29
[        ] 209                <action android:name="androidx.profileinstaller.action.BENCHMARK_OPERATION" />
[        ] 209-->[androidx.profileinstaller:profileinstaller:1.4.0] /home/ubuntu/.gradle/caches/9.3.1/transforms/7366a9c8623cf5e0422083d5012d9281/transformed/profileinstaller-1.4.0/AndroidManifest.xml:50:17-95
[        ] 209-->[androidx.profileinstaller:profileinstaller:1.4.0] /home/ubuntu/.gradle/caches/9.3.1/transforms/7366a9c8623cf5e0422083d5012d9281/transformed/profileinstaller-1.4.0/AndroidManifest.xml:50:25-92
[        ] 210            </intent-filter>
[        ] 211        </receiver>
[        ] 212    </application>
[        ] 213
[        ] 214</manifest>
[        ] Merged manifest saved to /home/ubuntu/FFM-source-2d123ad-v67/build/app/intermediates/merged_manifest/debug/processDebugMainManifest/AndroidManifest.xml
[        ] Resolve mutations for :app:outputDebugAppLinkSettings (Thread[#55,included builds,5,main]) started.
[        ] :app:outputDebugAppLinkSettings (Thread[#55,included builds,5,main]) started.
[  +84 ms] > Task :app:outputDebugAppLinkSettings
[        ] Caching disabled for task ':app:outputDebugAppLinkSettings' because:
[        ]   Build cache is disabled
[        ] Task ':app:outputDebugAppLinkSettings' is not up-to-date because:
[        ]   Input property 'manifestFile' file /home/ubuntu/FFM-source-2d123ad-v67/build/app/intermediates/merged_manifest/debug/processDebugMainManifest/AndroidManifest.xml has changed.
[        ] Resolve mutations for :app:processDebugManifest (Thread[#55,included builds,5,main]) started.
[        ] :app:processDebugManifest (Thread[#55,included builds,5,main]) started.
[        ] > Task :app:processDebugManifest
[        ] Caching disabled for task ':app:processDebugManifest' because:
[        ]   Build cache is disabled
[        ] Task ':app:processDebugManifest' is not up-to-date because:
[        ]   Input property 'mainMergedManifest' file /home/ubuntu/FFM-source-2d123ad-v67/build/app/intermediates/merged_manifest/debug/outputDebugAppLinkSettings/AndroidManifest.xml has changed.
[        ] Resolve mutations for :app:processDebugManifestForPackage (Thread[#55,included builds,5,main]) started.
[        ] :app:processDebugManifestForPackage (Thread[#55,included builds,5,main]) started.
[        ] > Task :app:processDebugManifestForPackage
[        ] Custom actions are attached to task ':app:processDebugManifestForPackage'.
[        ] Caching disabled for task ':app:processDebugManifestForPackage' because:
[        ]   Build cache is disabled
[        ] Task ':app:processDebugManifestForPackage' is not up-to-date because:
[        ]   Input property 'mergedManifests' file /home/ubuntu/FFM-source-2d123ad-v67/build/app/intermediates/merged_manifests/debug/processDebugManifest/AndroidManifest.xml has changed.
[        ] Resolve mutations for :flutter_local_notifications:mapDebugSourceSetPaths (Thread[#55,included builds,5,main]) started.
[        ] :flutter_local_notifications:mapDebugSourceSetPaths (Thread[#55,included builds,5,main]) started.
[  +99 ms] > Task :flutter_local_notifications:mapDebugSourceSetPaths UP-TO-DATE
[        ] Caching disabled for task ':flutter_local_notifications:mapDebugSourceSetPaths' because:
[        ]   Build cache is disabled
[        ]   Caching has been disabled for the task
[        ] Skipping task ':flutter_local_notifications:mapDebugSourceSetPaths' as it is up-to-date.
[        ] work action resolve file-map.txt (project :flutter_local_notifications) (Thread[#55,included builds,5,main]) started.
[        ] Resolve mutations for :flutter_local_notifications:compileDebugLibraryResources (Thread[#55,included builds,5,main]) started.
[        ] :flutter_local_notifications:compileDebugLibraryResources (Thread[#55,included builds,5,main]) started.
[        ] > Task :flutter_local_notifications:compileDebugLibraryResources UP-TO-DATE
[        ] Caching disabled for task ':flutter_local_notifications:compileDebugLibraryResources' because:
[        ]   Build cache is disabled
[        ] Skipping task ':flutter_local_notifications:compileDebugLibraryResources' as it is up-to-date.
[        ] work action resolve out (project :flutter_local_notifications) (Thread[#55,included builds,5,main]) started.
[        ] Resolve mutations for :flutter_plugin_android_lifecycle:mapDebugSourceSetPaths (Thread[#55,included builds,5,main]) started.
[        ] :flutter_plugin_android_lifecycle:mapDebugSourceSetPaths (Thread[#55,included builds,5,main]) started.
[        ] > Task :flutter_plugin_android_lifecycle:mapDebugSourceSetPaths UP-TO-DATE
[        ] Caching disabled for task ':flutter_plugin_android_lifecycle:mapDebugSourceSetPaths' because:
[        ]   Build cache is disabled
[        ]   Caching has been disabled for the task
[        ] Skipping task ':flutter_plugin_android_lifecycle:mapDebugSourceSetPaths' as it is up-to-date.
[        ] work action resolve file-map.txt (project :flutter_plugin_android_lifecycle) (Thread[#55,included builds,5,main]) started.
[        ] Resolve mutations for :flutter_plugin_android_lifecycle:compileDebugLibraryResources (Thread[#55,included builds,5,main]) started.
[        ] :flutter_plugin_android_lifecycle:compileDebugLibraryResources (Thread[#55,included builds,5,main]) started.
[        ] > Task :flutter_plugin_android_lifecycle:compileDebugLibraryResources UP-TO-DATE
[        ] Caching disabled for task ':flutter_plugin_android_lifecycle:compileDebugLibraryResources' because:
[        ]   Build cache is disabled
[        ] Skipping task ':flutter_plugin_android_lifecycle:compileDebugLibraryResources' as it is up-to-date.
[        ] work action resolve out (project :flutter_plugin_android_lifecycle) (Thread[#55,included builds,5,main]) started.
[        ] Resolve mutations for :flutter_secure_storage:mapDebugSourceSetPaths (Thread[#55,included builds,5,main]) started.
[        ] :flutter_secure_storage:mapDebugSourceSetPaths (Thread[#55,included builds,5,main]) started.
[        ] > Task :flutter_secure_storage:mapDebugSourceSetPaths UP-TO-DATE
[        ] Caching disabled for task ':flutter_secure_storage:mapDebugSourceSetPaths' because:
[        ]   Build cache is disabled
[        ]   Caching has been disabled for the task
[        ] Skipping task ':flutter_secure_storage:mapDebugSourceSetPaths' as it is up-to-date.
[        ] work action resolve file-map.txt (project :flutter_secure_storage) (Thread[#55,included builds,5,main]) started.
[        ] Resolve mutations for :flutter_secure_storage:compileDebugLibraryResources (Thread[#55,included builds,5,main]) started.
[        ] :flutter_secure_storage:compileDebugLibraryResources (Thread[#55,included builds,5,main]) started.
[        ] > Task :flutter_secure_storage:compileDebugLibraryResources UP-TO-DATE
[        ] Caching disabled for task ':flutter_secure_storage:compileDebugLibraryResources' because:
[        ]   Build cache is disabled
[        ] Skipping task ':flutter_secure_storage:compileDebugLibraryResources' as it is up-to-date.
[        ] work action resolve out (project :flutter_secure_storage) (Thread[#55,included builds,5,main]) started.
[        ] Resolve mutations for :image_picker_android:mapDebugSourceSetPaths (Thread[#55,included builds,5,main]) started.
[        ] :image_picker_android:mapDebugSourceSetPaths (Thread[#55,included builds,5,main]) started.
[        ] > Task :image_picker_android:mapDebugSourceSetPaths
[        ] Caching disabled for task ':image_picker_android:mapDebugSourceSetPaths' because:
[        ]   Build cache is disabled
[        ]   Caching has been disabled for the task
[        ] Task ':image_picker_android:mapDebugSourceSetPaths' is not up-to-date because:
[        ]   No history is available.
[        ] work action resolve file-map.txt (project :image_picker_android) (Thread[#55,included builds,5,main]) started.
[        ] Resolve mutations for :image_picker_android:compileDebugLibraryResources (Thread[#55,included builds,5,main]) started.
[        ] :image_picker_android:compileDebugLibraryResources (Thread[#55,included builds,5,main]) started.
[        ] > Task :image_picker_android:compileDebugLibraryResources
[        ] Caching disabled for task ':image_picker_android:compileDebugLibraryResources' because:
[        ]   Build cache is disabled
[        ] Task ':image_picker_android:compileDebugLibraryResources' is not up-to-date because:
[        ]   No history is available.
[        ] The input changes require a full rebuild for incremental task ':image_picker_android:compileDebugLibraryResources'.
[        ] Compiling xml file /home/ubuntu/FFM-source-2d123ad-v67/build/image_picker_android/intermediates/packaged_res/debug/packageDebugResources/xml/flutter_image_picker_file_paths.xml to /home/ubuntu/FFM-source-2d123ad-v67/build/image_picker_android/intermediates/compiled_local_resources/debug/compileDebugLibraryResources/out/xml_flutter_image_picker_file_paths.xml.flat
[        ] work action resolve out (project :image_picker_android) (Thread[#55,included builds,5,main]) started.
[        ] Resolve mutations for :jni:mapDebugSourceSetPaths (Thread[#55,included builds,5,main]) started.
[        ] :jni:mapDebugSourceSetPaths (Thread[#55,included builds,5,main]) started.
[        ] > Task :jni:mapDebugSourceSetPaths UP-TO-DATE
[        ] Caching disabled for task ':jni:mapDebugSourceSetPaths' because:
[        ]   Build cache is disabled
[        ]   Caching has been disabled for the task
[        ] Skipping task ':jni:mapDebugSourceSetPaths' as it is up-to-date.
[        ] work action resolve file-map.txt (project :jni) (Thread[#55,included builds,5,main]) started.
[        ] Resolve mutations for :jni:compileDebugLibraryResources (Thread[#55,included builds,5,main]) started.
[        ] :jni:compileDebugLibraryResources (Thread[#55,included builds,5,main]) started.
[        ] > Task :jni:compileDebugLibraryResources UP-TO-DATE
[        ] Caching disabled for task ':jni:compileDebugLibraryResources' because:
[        ]   Build cache is disabled
[        ] Skipping task ':jni:compileDebugLibraryResources' as it is up-to-date.
[        ] work action resolve out (project :jni) (Thread[#55,included builds,5,main]) started.
[        ] Resolve mutations for :jni_flutter:mapDebugSourceSetPaths (Thread[#55,included builds,5,main]) started.
[        ] :jni_flutter:mapDebugSourceSetPaths (Thread[#55,included builds,5,main]) started.
[        ] > Task :jni_flutter:mapDebugSourceSetPaths UP-TO-DATE
[        ] Caching disabled for task ':jni_flutter:mapDebugSourceSetPaths' because:
[        ]   Build cache is disabled
[        ]   Caching has been disabled for the task
[        ] Skipping task ':jni_flutter:mapDebugSourceSetPaths' as it is up-to-date.
[        ] work action resolve file-map.txt (project :jni_flutter) (Thread[#55,included builds,5,main]) started.
[        ] Resolve mutations for :jni_flutter:compileDebugLibraryResources (Thread[#55,included builds,5,main]) started.
[        ] :jni_flutter:compileDebugLibraryResources (Thread[#55,included builds,5,main]) started.
[        ] > Task :jni_flutter:compileDebugLibraryResources UP-TO-DATE
[        ] Caching disabled for task ':jni_flutter:compileDebugLibraryResources' because:
[        ]   Build cache is disabled
[        ] Skipping task ':jni_flutter:compileDebugLibraryResources' as it is up-to-date.
[        ] work action resolve out (project :jni_flutter) (Thread[#55,included builds,5,main]) started.
[        ] Resolve mutations for :local_auth_android:mapDebugSourceSetPaths (Thread[#55,included builds,5,main]) started.
[        ] :local_auth_android:mapDebugSourceSetPaths (Thread[#55,included builds,5,main]) started.
[        ] > Task :local_auth_android:mapDebugSourceSetPaths UP-TO-DATE
[        ] Caching disabled for task ':local_auth_android:mapDebugSourceSetPaths' because:
[        ]   Build cache is disabled
[        ]   Caching has been disabled for the task
[        ] Skipping task ':local_auth_android:mapDebugSourceSetPaths' as it is up-to-date.
[        ] work action resolve file-map.txt (project :local_auth_android) (Thread[#55,included builds,5,main]) started.
[        ] Resolve mutations for :local_auth_android:compileDebugLibraryResources (Thread[#55,included builds,5,main]) started.
[        ] :local_auth_android:compileDebugLibraryResources (Thread[#55,included builds,5,main]) started.
[        ] > Task :local_auth_android:compileDebugLibraryResources UP-TO-DATE
[        ] Caching disabled for task ':local_auth_android:compileDebugLibraryResources' because:
[        ]   Build cache is disabled
[        ] Skipping task ':local_auth_android:compileDebugLibraryResources' as it is up-to-date.
[        ] work action resolve out (project :local_auth_android) (Thread[#55,included builds,5,main]) started.
[        ] Resolve mutations for :printing:mapDebugSourceSetPaths (Thread[#55,included builds,5,main]) started.
[        ] :printing:mapDebugSourceSetPaths (Thread[#55,included builds,5,main]) started.
[        ] > Task :printing:mapDebugSourceSetPaths UP-TO-DATE
[        ] Caching disabled for task ':printing:mapDebugSourceSetPaths' because:
[        ]   Build cache is disabled
[        ]   Caching has been disabled for the task
[        ] Skipping task ':printing:mapDebugSourceSetPaths' as it is up-to-date.
[        ] work action resolve file-map.txt (project :printing) (Thread[#55,included builds,5,main]) started.
[        ] Resolve mutations for :printing:compileDebugLibraryResources (Thread[#55,included builds,5,main]) started.
[        ] :printing:compileDebugLibraryResources (Thread[#55,included builds,5,main]) started.
[        ] > Task :printing:compileDebugLibraryResources UP-TO-DATE
[        ] Caching disabled for task ':printing:compileDebugLibraryResources' because:
[        ]   Build cache is disabled
[        ] Skipping task ':printing:compileDebugLibraryResources' as it is up-to-date.
[        ] work action resolve out (project :printing) (Thread[#55,included builds,5,main]) started.
[        ] Resolve mutations for :share_plus:mapDebugSourceSetPaths (Thread[#55,included builds,5,main]) started.
[        ] :share_plus:mapDebugSourceSetPaths (Thread[#55,included builds,5,main]) started.
[        ] > Task :share_plus:mapDebugSourceSetPaths UP-TO-DATE
[        ] Caching disabled for task ':share_plus:mapDebugSourceSetPaths' because:
[        ]   Build cache is disabled
[        ]   Caching has been disabled for the task
[        ] Skipping task ':share_plus:mapDebugSourceSetPaths' as it is up-to-date.
[        ] work action resolve file-map.txt (project :share_plus) (Thread[#55,included builds,5,main]) started.
[        ] Resolve mutations for :share_plus:compileDebugLibraryResources (Thread[#55,included builds,5,main]) started.
[        ] :share_plus:compileDebugLibraryResources (Thread[#55,included builds,5,main]) started.
[        ] > Task :share_plus:compileDebugLibraryResources UP-TO-DATE
[        ] Caching disabled for task ':share_plus:compileDebugLibraryResources' because:
[        ]   Build cache is disabled
[        ] Skipping task ':share_plus:compileDebugLibraryResources' as it is up-to-date.
[        ] work action resolve out (project :share_plus) (Thread[#55,included builds,5,main]) started.
[        ] Resolve mutations for :shared_preferences_android:mapDebugSourceSetPaths (Thread[#55,included builds,5,main]) started.
[        ] :shared_preferences_android:mapDebugSourceSetPaths (Thread[#55,included builds,5,main]) started.
[        ] > Task :shared_preferences_android:mapDebugSourceSetPaths UP-TO-DATE
[        ] Caching disabled for task ':shared_preferences_android:mapDebugSourceSetPaths' because:
[        ]   Build cache is disabled
[        ]   Caching has been disabled for the task
[        ] Skipping task ':shared_preferences_android:mapDebugSourceSetPaths' as it is up-to-date.
[        ] work action resolve file-map.txt (project :shared_preferences_android) (Thread[#55,included builds,5,main]) started.
[        ] Resolve mutations for :shared_preferences_android:compileDebugLibraryResources (Thread[#55,included builds,5,main]) started.
[        ] :shared_preferences_android:compileDebugLibraryResources (Thread[#55,included builds,5,main]) started.
[        ] > Task :shared_preferences_android:compileDebugLibraryResources UP-TO-DATE
[        ] Caching disabled for task ':shared_preferences_android:compileDebugLibraryResources' because:
[        ]   Build cache is disabled
[        ] Skipping task ':shared_preferences_android:compileDebugLibraryResources' as it is up-to-date.
[        ] work action resolve out (project :shared_preferences_android) (Thread[#55,included builds,5,main]) started.
[        ] Resolve mutations for :speech_to_text:mapDebugSourceSetPaths (Thread[#55,included builds,5,main]) started.
[        ] :speech_to_text:mapDebugSourceSetPaths (Thread[#55,included builds,5,main]) started.
[        ] > Task :speech_to_text:mapDebugSourceSetPaths UP-TO-DATE
[        ] Caching disabled for task ':speech_to_text:mapDebugSourceSetPaths' because:
[        ]   Build cache is disabled
[        ]   Caching has been disabled for the task
[        ] Skipping task ':speech_to_text:mapDebugSourceSetPaths' as it is up-to-date.
[        ] work action resolve file-map.txt (project :speech_to_text) (Thread[#55,included builds,5,main]) started.
[        ] Resolve mutations for :speech_to_text:compileDebugLibraryResources (Thread[#55,included builds,5,main]) started.
[        ] :speech_to_text:compileDebugLibraryResources (Thread[#55,included builds,5,main]) started.
[        ] > Task :speech_to_text:compileDebugLibraryResources UP-TO-DATE
[        ] Caching disabled for task ':speech_to_text:compileDebugLibraryResources' because:
[        ]   Build cache is disabled
[        ] Skipping task ':speech_to_text:compileDebugLibraryResources' as it is up-to-date.
[        ] work action resolve out (project :speech_to_text) (Thread[#55,included builds,5,main]) started.
[        ] Resolve mutations for :whisper_cpp_flutter_plus:mapDebugSourceSetPaths (Thread[#55,included builds,5,main]) started.
[        ] :whisper_cpp_flutter_plus:mapDebugSourceSetPaths (Thread[#55,included builds,5,main]) started.
[        ] > Task :whisper_cpp_flutter_plus:mapDebugSourceSetPaths UP-TO-DATE
[        ] Caching disabled for task ':whisper_cpp_flutter_plus:mapDebugSourceSetPaths' because:
[        ]   Build cache is disabled
[        ]   Caching has been disabled for the task
[        ] Skipping task ':whisper_cpp_flutter_plus:mapDebugSourceSetPaths' as it is up-to-date.
[        ] work action resolve file-map.txt (project :whisper_cpp_flutter_plus) (Thread[#55,included builds,5,main]) started.
[        ] Resolve mutations for :whisper_cpp_flutter_plus:compileDebugLibraryResources (Thread[#55,included builds,5,main]) started.
[        ] :whisper_cpp_flutter_plus:compileDebugLibraryResources (Thread[#55,included builds,5,main]) started.
[        ] > Task :whisper_cpp_flutter_plus:compileDebugLibraryResources UP-TO-DATE
[        ] Caching disabled for task ':whisper_cpp_flutter_plus:compileDebugLibraryResources' because:
[        ]   Build cache is disabled
[        ] Skipping task ':whisper_cpp_flutter_plus:compileDebugLibraryResources' as it is up-to-date.
[        ] work action resolve out (project :whisper_cpp_flutter_plus) (Thread[#55,included builds,5,main]) started.
[        ] Resolve mutations for :app:processDebugResources (Thread[#55,included builds,5,main]) started.
[        ] :app:processDebugResources (Thread[#55,included builds,5,main]) started.
[ +496 ms] > Task :app:processDebugResources
[        ] Caching disabled for AarResourcesCompilerTransform: /home/ubuntu/.gradle/caches/9.3.1/transforms/39181d7ce1fc170d8b944eed27d52074/transformed/activity-ktx-1.12.4 because:
[        ]   Build cache is disabled
[        ] Caching disabled for AarResourcesCompilerTransform: /home/ubuntu/.gradle/caches/9.3.1/transforms/54153e64d0eee9e14adfe22df61734e4/transformed/activity-1.12.4 because:
[        ]   Build cache is disabled
[        ] Caching disabled for AarResourcesCompilerTransform: /home/ubuntu/.gradle/caches/9.3.1/transforms/c95fa921fffd17270ecab5e2092c9ba9/transformed/navigationevent because:
[        ]   Build cache is disabled
[        ] Caching disabled for AarResourcesCompilerTransform: /home/ubuntu/.gradle/caches/9.3.1/transforms/8c9977e1d2b6d4eac35b732a0a74293c/transformed/exifinterface-1.4.2 because:
[        ]   Build cache is disabled
[        ] Caching disabled for AarResourcesCompilerTransform: /home/ubuntu/.gradle/caches/9.3.1/transforms/c0964caf9c24094a321210620cc78cb1/transformed/runtime-annotation because:
[        ]   Build cache is disabled
[        ] Caching disabled for LibrarySymbolTableTransform: /home/ubuntu/.gradle/caches/9.3.1/transforms/39181d7ce1fc170d8b944eed27d52074/transformed/activity-ktx-1.12.4 because:
[        ]   Build cache is disabled
[        ]   Caching not enabled.
[        ] Caching disabled for LibrarySymbolTableTransform: /home/ubuntu/.gradle/caches/9.3.1/transforms/54153e64d0eee9e14adfe22df61734e4/transformed/activity-1.12.4 because:
[        ]   Build cache is disabled
[        ]   Caching not enabled.
[        ] Caching disabled for LibrarySymbolTableTransform: /home/ubuntu/.gradle/caches/9.3.1/transforms/c95fa921fffd17270ecab5e2092c9ba9/transformed/navigationevent because:
[        ]   Build cache is disabled
[        ]   Caching not enabled.
[        ] Caching disabled for LibrarySymbolTableTransform: /home/ubuntu/.gradle/caches/9.3.1/transforms/8c9977e1d2b6d4eac35b732a0a74293c/transformed/exifinterface-1.4.2 because:
[        ]   Build cache is disabled
[        ]   Caching not enabled.
[        ] Caching disabled for LibrarySymbolTableTransform: /home/ubuntu/.gradle/caches/9.3.1/transforms/c0964caf9c24094a321210620cc78cb1/transformed/runtime-annotation because:
[        ]   Build cache is disabled
[        ]   Caching not enabled.
[        ] Caching disabled for task ':app:processDebugResources' because:
[        ]   Build cache is disabled
[        ] Task ':app:processDebugResources' is not up-to-date because:
[        ]   Input property 'compiledDependenciesResources' file /home/ubuntu/FFM-source-2d123ad-v67/build/printing/intermediates/compiled_local_resources/debug/compileDebugLibraryResources/out/xml_flutter_printing_file_paths.xml.flat has been removed.
[        ]   Input property 'compiledDependenciesResources' file /home/ubuntu/FFM-source-2d123ad-v67/build/image_picker_android/intermediates/compiled_local_resources/debug/compileDebugLibraryResources/out/xml_flutter_image_picker_file_paths.xml.flat has been added.
[        ]   Input property 'compiledDependenciesResources' file /home/ubuntu/FFM-source-2d123ad-v67/build/share_plus/intermediates/compiled_local_resources/debug/compileDebugLibraryResources/out/xml_flutter_share_file_paths.xml.flat has been removed.
[        ]   and more...
[        ] The input changes require a full rebuild for incremental task ':app:processDebugResources'.
[        ] AAPT2 aapt2-9.1.0-14792394-linux Daemon #0: starting
[        ] Aapt output file /home/ubuntu/FFM-source-2d123ad-v67/build/app/intermediates/linked_resources_binary_format/debug/processDebugResources/linked-resources-binary-format-debug.ap_
[        ] Resolve mutations for :app:dexBuilderDebug (Thread[#55,included builds,5,main]) started.
[        ] :app:dexBuilderDebug (Thread[#55,included builds,5,main]) started.
[ +399 ms] > Task :app:dexBuilderDebug
[        ] Caching disabled for task ':app:dexBuilderDebug' because:
[        ]   Build cache is disabled
[        ] Task ':app:dexBuilderDebug' is not up-to-date because:
[        ]   Input property 'projectClasses' file /home/ubuntu/FFM-source-2d123ad-v67/build/app/intermediates/compile_and_runtime_r_class_jar/debug/processDebugResources/R.jar has changed.
[        ]   Input property 'projectClasses' file /home/ubuntu/FFM-source-2d123ad-v67/build/app/intermediates/javac/debug/compileDebugJavaWithJavac/classes/io/flutter/plugins/GeneratedPluginRegistrant.class has changed.
[        ] Dex builder is incremental : true 
[        ] Processing input /home/ubuntu/FFM-source-2d123ad-v67/build/app/tmp/kotlin-classes/debug
[        ] Processing input /home/ubuntu/FFM-source-2d123ad-v67/build/app/intermediates/javac/debug/compileDebugJavaWithJavac/classes
[        ] Dexing /home/ubuntu/FFM-source-2d123ad-v67/build/app/tmp/kotlin-classes/debug
[        ] Dexing /home/ubuntu/FFM-source-2d123ad-v67/build/app/intermediates/javac/debug/compileDebugJavaWithJavac/classes
[        ] Processing input /home/ubuntu/FFM-source-2d123ad-v67/build/app/intermediates/compile_and_runtime_r_class_jar/debug/processDebugResources/R.jar
[        ] Dexing /home/ubuntu/FFM-source-2d123ad-v67/build/app/intermediates/compile_and_runtime_r_class_jar/debug/processDebugResources/R.jar
[        ] Dexing '/home/ubuntu/FFM-source-2d123ad-v67/build/app/tmp/kotlin-classes/debug' to '/home/ubuntu/FFM-source-2d123ad-v67/build/app/intermediates/project_dex_archive/debug/dexBuilderDebug/out'
[        ] Dexing '/home/ubuntu/FFM-source-2d123ad-v67/build/app/intermediates/javac/debug/compileDebugJavaWithJavac/classes' to '/home/ubuntu/FFM-source-2d123ad-v67/build/app/intermediates/project_dex_archive/debug/dexBuilderDebug/out'
[        ] Dexing '/home/ubuntu/FFM-source-2d123ad-v67/build/app/tmp/kotlin-classes/debug' to '/home/ubuntu/FFM-source-2d123ad-v67/build/app/intermediates/project_dex_archive/debug/dexBuilderDebug/out'
[        ] Dexing '/home/ubuntu/FFM-source-2d123ad-v67/build/app/intermediates/javac/debug/compileDebugJavaWithJavac/classes' to '/home/ubuntu/FFM-source-2d123ad-v67/build/app/intermediates/project_dex_archive/debug/dexBuilderDebug/out'
[        ] Dexing '/home/ubuntu/FFM-source-2d123ad-v67/build/app/intermediates/compile_and_runtime_r_class_jar/debug/processDebugResources/R.jar' to '/home/ubuntu/FFM-source-2d123ad-v67/build/app/intermediates/project_dex_archive/debug/dexBuilderDebug/out/14920ab2b4fe4d21fe23eb55ff86fd6a0edc8f5f950730b5a98eb5effaa858f2_0.jar'
[        ] Dexing '/home/ubuntu/FFM-source-2d123ad-v67/build/app/intermediates/compile_and_runtime_r_class_jar/debug/processDebugResources/R.jar' to '/home/ubuntu/FFM-source-2d123ad-v67/build/app/intermediates/project_dex_archive/debug/dexBuilderDebug/out/14920ab2b4fe4d21fe23eb55ff86fd6a0edc8f5f950730b5a98eb5effaa858f2_1.jar'
[        ] Dexing '/home/ubuntu/FFM-source-2d123ad-v67/build/app/intermediates/compile_and_runtime_r_class_jar/debug/processDebugResources/R.jar' to '/home/ubuntu/FFM-source-2d123ad-v67/build/app/intermediates/project_dex_archive/debug/dexBuilderDebug/out/14920ab2b4fe4d21fe23eb55ff86fd6a0edc8f5f950730b5a98eb5effaa858f2_2.jar'
[        ] Dexing '/home/ubuntu/FFM-source-2d123ad-v67/build/app/tmp/kotlin-classes/debug' to '/home/ubuntu/FFM-source-2d123ad-v67/build/app/intermediates/project_dex_archive/debug/dexBuilderDebug/out'
[        ] Dexing '/home/ubuntu/FFM-source-2d123ad-v67/build/app/intermediates/javac/debug/compileDebugJavaWithJavac/classes' to '/home/ubuntu/FFM-source-2d123ad-v67/build/app/intermediates/project_dex_archive/debug/dexBuilderDebug/out'
[        ] Done with all dex archive conversions
[        ] Resolve mutations for :app:mergeDebugGlobalSynthetics (Thread[#55,included builds,5,main]) started.
[        ] :app:mergeDebugGlobalSynthetics (Thread[#55,included builds,5,main]) started.
[+1399 ms] > Task :app:mergeDebugGlobalSynthetics
[        ] Caching disabled for AarToClassTransform: /home/ubuntu/.gradle/caches/modules-2/files-2.1/androidx.activity/activity-ktx/1.12.4/ac01c0ef3fcb29e7a672f7a8f34a6b01a47b666f/activity-ktx-1.12.4.aar because:
[        ]   Build cache is disabled
[        ]   Caching not enabled.
[        ] Caching disabled for IdentityTransform: /home/ubuntu/.gradle/caches/9.3.1/transforms/74f17d30d4e56bbbe49054d669999eb6/transformed/activity-ktx-1.12.4-runtime.jar because:
[        ]   Build cache is disabled
[        ]   Caching not enabled.
[        ] Caching disabled for DexingNoClasspathTransform: /home/ubuntu/.gradle/caches/9.3.1/transforms/74f17d30d4e56bbbe49054d669999eb6/transformed/activity-ktx-1.12.4-runtime.jar because:
[        ]   Build cache is disabled
[        ] Running dexing transform non-incrementally for '/home/ubuntu/.gradle/caches/9.3.1/transforms/74f17d30d4e56bbbe49054d669999eb6/transformed/activity-ktx-1.12.4-runtime.jar'
[        ] Caching disabled for DexingOutputSplitTransform: /home/ubuntu/.gradle/caches/9.3.1/transforms/6a7974fd8ff739fe0cdd7c602ffa98cc/transformed/activity-ktx-1.12.4-runtime because:
[        ]   Build cache is disabled
[        ]   Caching not enabled.
[        ] Caching disabled for AarToClassTransform: /home/ubuntu/.gradle/caches/modules-2/files-2.1/androidx.activity/activity/1.12.4/c2ed82b5838b893947bb7714ddc5b9cb98219a/activity-1.12.4.aar because:
[        ]   Build cache is disabled
[        ]   Caching not enabled.
[        ] Caching disabled for IdentityTransform: /home/ubuntu/.gradle/caches/9.3.1/transforms/c72bb3d71e2771a6386b0cd8579635ad/transformed/activity-1.12.4-runtime.jar because:
[        ]   Build cache is disabled
[        ]   Caching not enabled.
[        ] Caching disabled for DexingNoClasspathTransform: /home/ubuntu/.gradle/caches/9.3.1/transforms/c72bb3d71e2771a6386b0cd8579635ad/transformed/activity-1.12.4-runtime.jar because:
[        ]   Build cache is disabled
[        ] Running dexing transform non-incrementally for '/home/ubuntu/.gradle/caches/9.3.1/transforms/c72bb3d71e2771a6386b0cd8579635ad/transformed/activity-1.12.4-runtime.jar'
[        ] INFO: /home/ubuntu/.gradle/caches/9.3.1/transforms/c72bb3d71e2771a6386b0cd8579635ad/transformed/activity-1.12.4-runtime.jar: D8: Type `kotlin.jvm.functions.Function0` was not found, it is required for default or static interface methods desugaring of `androidx.activity.ActivityViewModelLazyKt$viewModels$1`
[        ] INFO: /home/ubuntu/.gradle/caches/9.3.1/transforms/c72bb3d71e2771a6386b0cd8579635ad/transformed/activity-1.12.4-runtime.jar: D8: Type `androidx.lifecycle.LifecycleEventObserver` was not found, it is required for default or static interface methods desugaring of `androidx.activity.ComponentActivity$$InternalSyntheticLambda$2$5dadcb51e38206f711ac33b43be9f1d0a0b44942d6cdeb5df7bcc27f4845fc40$3`
[        ] INFO: /home/ubuntu/.gradle/caches/9.3.1/transforms/c72bb3d71e2771a6386b0cd8579635ad/transformed/activity-1.12.4-runtime.jar: D8: Type `androidx.savedstate.SavedStateRegistry$SavedStateProvider` was not found, it is required for default or static interface methods desugaring of `androidx.activity.ComponentActivity$$InternalSyntheticLambda$2$5dadcb51e38206f711ac33b43be9f1d0a0b44942d6cdeb5df7bcc27f4845fc40$5`
[        ] INFO: /home/ubuntu/.gradle/caches/9.3.1/transforms/c72bb3d71e2771a6386b0cd8579635ad/transformed/activity-1.12.4-runtime.jar: D8: Type `androidx.core.app.ComponentActivity` was not found, it is required for default or static interface methods desugaring of `androidx.activity.ComponentActivity`
[        ] INFO: /home/ubuntu/.gradle/caches/9.3.1/transforms/c72bb3d71e2771a6386b0cd8579635ad/transformed/activity-1.12.4-runtime.jar: D8: Type `androidx.lifecycle.LifecycleOwner` was not found, it is required for default or static interface methods desugaring of `androidx.activity.ComponentActivity`
[        ] INFO: /home/ubuntu/.gradle/caches/9.3.1/transforms/c72bb3d71e2771a6386b0cd8579635ad/transformed/activity-1.12.4-runtime.jar: D8: Type `androidx.lifecycle.ViewModelStoreOwner` was not found, it is required for default or static interface methods desugaring of `androidx.activity.ComponentActivity`
[        ] INFO: /home/ubuntu/.gradle/caches/9.3.1/transforms/c72bb3d71e2771a6386b0cd8579635ad/transformed/activity-1.12.4-runtime.jar: D8: Type `androidx.lifecycle.HasDefaultViewModelProviderFactory` was not found, it is required for default or static interface methods desugaring of `androidx.activity.ComponentActivity`
[        ] INFO: /home/ubuntu/.gradle/caches/9.3.1/transforms/c72bb3d71e2771a6386b0cd8579635ad/transformed/activity-1.12.4-runtime.jar: D8: Type `androidx.savedstate.SavedStateRegistryOwner` was not found, it is required for default or static interface methods desugaring of `androidx.activity.ComponentActivity`
[        ] INFO: /home/ubuntu/.gradle/caches/9.3.1/transforms/c72bb3d71e2771a6386b0cd8579635ad/transformed/activity-1.12.4-runtime.jar: D8: Type `androidx.navigationevent.NavigationEventDispatcherOwner` was not found, it is required for default or static interface methods desugaring of `androidx.activity.ComponentActivity`
[        ] INFO: /home/ubuntu/.gradle/caches/9.3.1/transforms/c72bb3d71e2771a6386b0cd8579635ad/transformed/activity-1.12.4-runtime.jar: D8: Type `androidx.core.content.OnConfigurationChangedProvider` was not found, it is required for default or static interface methods desugaring of `androidx.activity.ComponentActivity`
[        ] INFO: /home/ubuntu/.gradle/caches/9.3.1/transforms/c72bb3d71e2771a6386b0cd8579635ad/transformed/activity-1.12.4-runtime.jar: D8: Type `androidx.core.content.OnTrimMemoryProvider` was not found, it is required for default or static interface methods desugaring of `androidx.activity.ComponentActivity`
[        ] INFO: /home/ubuntu/.gradle/caches/9.3.1/transforms/c72bb3d71e2771a6386b0cd8579635ad/transformed/activity-1.12.4-runtime.jar: D8: Type `androidx.core.app.OnNewIntentProvider` was not found, it is required for default or static interface methods desugaring of `androidx.activity.ComponentActivity`
[        ] INFO: /home/ubuntu/.gradle/caches/9.3.1/transforms/c72bb3d71e2771a6386b0cd8579635ad/transformed/activity-1.12.4-runtime.jar: D8: Type `androidx.core.app.OnMultiWindowModeChangedProvider` was not found, it is required for default or static interface methods desugaring of `androidx.activity.ComponentActivity`
[        ] INFO: /home/ubuntu/.gradle/caches/9.3.1/transforms/c72bb3d71e2771a6386b0cd8579635ad/transformed/activity-1.12.4-runtime.jar: D8: Type `androidx.core.app.OnPictureInPictureModeChangedProvider` was not found, it is required for default or static interface methods desugaring of `androidx.activity.ComponentActivity`
[        ] INFO: /home/ubuntu/.gradle/caches/9.3.1/transforms/c72bb3d71e2771a6386b0cd8579635ad/transformed/activity-1.12.4-runtime.jar: D8: Type `androidx.core.app.OnUserLeaveHintProvider` was not found, it is required for default or static interface methods desugaring of `androidx.activity.ComponentActivity`
[        ] INFO: /home/ubuntu/.gradle/caches/9.3.1/transforms/c72bb3d71e2771a6386b0cd8579635ad/transformed/activity-1.12.4-runtime.jar: D8: Type `androidx.core.view.MenuHost` was not found, it is required for default or static interface methods desugaring of `androidx.activity.ComponentActivity`
[        ] INFO: /home/ubuntu/.gradle/caches/9.3.1/transforms/c72bb3d71e2771a6386b0cd8579635ad/transformed/activity-1.12.4-runtime.jar: D8: Type `kotlin.coroutines.jvm.internal.ContinuationImpl` was not found, it is required for default or static interface methods desugaring of `androidx.activity.FullyDrawnReporterKt$reportWhenComplete$1`
[        ] INFO: /home/ubuntu/.gradle/caches/9.3.1/transforms/c72bb3d71e2771a6386b0cd8579635ad/transformed/activity-1.12.4-runtime.jar: D8: Type `androidx.navigationevent.NavigationEventHandler` was not found, it is required for default or static interface methods desugaring of `androidx.activity.OnBackPressedCallback$OnBackPressedEventHandler`
[        ] INFO: /home/ubuntu/.gradle/caches/9.3.1/transforms/c72bb3d71e2771a6386b0cd8579635ad/transformed/activity-1.12.4-runtime.jar: D8: Type `androidx.navigationevent.NavigationEventInfo` was not found, it is required for default or static interface methods desugaring of `androidx.activity.OnBackPressedCallbackInfo`
[        ] INFO: /home/ubuntu/.gradle/caches/9.3.1/transforms/c72bb3d71e2771a6386b0cd8579635ad/transformed/activity-1.12.4-runtime.jar: D8: Type `androidx.navigationevent.OnBackCompletedFallback` was not found, it is required for default or static interface methods desugaring of `androidx.activity.OnBackPressedDispatcher$OnBackPressedEventInput$$InternalSyntheticLambda$2$3554a4632fabd7673bf975b03ef203b60ad28a4271e6f107b7e3aa71e706f4f5$0`
[        ] INFO: /home/ubuntu/.gradle/caches/9.3.1/transforms/c72bb3d71e2771a6386b0cd8579635ad/transformed/activity-1.12.4-runtime.jar: D8: Type `androidx.navigationevent.NavigationEventInput` was not found, it is required for default or static interface methods desugaring of `androidx.activity.OnBackPressedDispatcher$OnBackPressedEventInput`
[        ] INFO: /home/ubuntu/.gradle/caches/9.3.1/transforms/c72bb3d71e2771a6386b0cd8579635ad/transformed/activity-1.12.4-runtime.jar: D8: Type `kotlinx.coroutines.flow.FlowCollector` was not found, it is required for default or static interface methods desugaring of `androidx.activity.PipHintTrackerKt$trackPipAnimationHintView$2`
[        ] INFO: /home/ubuntu/.gradle/caches/9.3.1/transforms/c72bb3d71e2771a6386b0cd8579635ad/transformed/activity-1.12.4-runtime.jar: D8: Type `kotlin.coroutines.jvm.internal.SuspendLambda` was not found, it is required for default or static interface methods desugaring of `androidx.activity.PipHintTrackerKt$trackPipAnimationHintView$flow$1`
[        ] INFO: /home/ubuntu/.gradle/caches/9.3.1/transforms/c72bb3d71e2771a6386b0cd8579635ad/transformed/activity-1.12.4-runtime.jar: D8: Type `kotlin.jvm.functions.Function2` was not found, it is required for default or static interface methods desugaring of `androidx.activity.PipHintTrackerKt$trackPipAnimationHintView$flow$1`
[        ] INFO: /home/ubuntu/.gradle/caches/9.3.1/transforms/c72bb3d71e2771a6386b0cd8579635ad/transformed/activity-1.12.4-runtime.jar: D8: Type `kotlin.jvm.functions.Function1` was not found, it is required for default or static interface methods desugaring of `androidx.activity.SystemBarStyle$Companion$$InternalSyntheticLambda$2$310f3587c11109c8dc993e7609b76acdc7128ead3b96caae0ecf3c81610f1a51$0`
[        ] Caching disabled for DexingOutputSplitTransform: /home/ubuntu/.gradle/caches/9.3.1/transforms/15abeb2bd59092f888223a5073d682b4/transformed/activity-1.12.4-runtime because:
[        ]   Build cache is disabled
[        ]   Caching not enabled.
[        ] Caching disabled for AarToClassTransform: /home/ubuntu/.gradle/caches/modules-2/files-2.1/androidx.navigationevent/navigationevent-android/1.0.2/c066b305bbc2ba9c5b2a86ee2e14d9093527572c/navigationevent.aar because:
[        ]   Build cache is disabled
[        ]   Caching not enabled.
[        ] Caching disabled for IdentityTransform: /home/ubuntu/.gradle/caches/9.3.1/transforms/fa0d12ac04deda95cb92ea6f9126a9b2/transformed/navigationevent-runtime.jar because:
[        ]   Build cache is disabled
[        ]   Caching not enabled.
[        ] Caching disabled for DexingNoClasspathTransform: /home/ubuntu/.gradle/caches/9.3.1/transforms/fa0d12ac04deda95cb92ea6f9126a9b2/transformed/navigationevent-runtime.jar because:
[        ]   Build cache is disabled
[        ] Running dexing transform non-incrementally for '/home/ubuntu/.gradle/caches/9.3.1/transforms/fa0d12ac04deda95cb92ea6f9126a9b2/transformed/navigationevent-runtime.jar'
[        ] Caching disabled for DexingOutputSplitTransform: /home/ubuntu/.gradle/caches/9.3.1/transforms/0089f797e97ec7b13496bdfdbae4830f/transformed/navigationevent-runtime because:
[        ]   Build cache is disabled
[        ]   Caching not enabled.
[        ] Caching disabled for AarToClassTransform: /home/ubuntu/.gradle/caches/modules-2/files-2.1/androidx.exifinterface/exifinterface/1.4.2/21394465747d1a9f68297058907db6984e610772/exifinterface-1.4.2.aar because:
[        ]   Build cache is disabled
[        ]   Caching not enabled.
[        ] Caching disabled for IdentityTransform: /home/ubuntu/.gradle/caches/9.3.1/transforms/b601a585a75499c1e92fa8f748291d39/transformed/exifinterface-1.4.2-runtime.jar because:
[        ]   Build cache is disabled
[        ]   Caching not enabled.
[        ] Caching disabled for DexingNoClasspathTransform: /home/ubuntu/.gradle/caches/9.3.1/transforms/b601a585a75499c1e92fa8f748291d39/transformed/exifinterface-1.4.2-runtime.jar because:
[        ]   Build cache is disabled
[        ] Running dexing transform non-incrementally for '/home/ubuntu/.gradle/caches/9.3.1/transforms/b601a585a75499c1e92fa8f748291d39/transformed/exifinterface-1.4.2-runtime.jar'
[        ] Caching disabled for DexingOutputSplitTransform: /home/ubuntu/.gradle/caches/9.3.1/transforms/dfa5c00cc6da84c354fcbe4e569af965/transformed/exifinterface-1.4.2-runtime because:
[        ]   Build cache is disabled
[        ]   Caching not enabled.
[        ] Caching disabled for AarToClassTransform: /home/ubuntu/.gradle/caches/modules-2/files-2.1/androidx.compose.runtime/runtime-annotation-android/1.9.0/5e40e47a89961866acb3847692ac479f885d70de/runtime-annotation.aar because:
[        ]   Build cache is disabled
[        ]   Caching not enabled.
[        ] Caching disabled for IdentityTransform: /home/ubuntu/.gradle/caches/9.3.1/transforms/3f7e5d1d0e7765ac3c6b29f3c540cc87/transformed/runtime-annotation-runtime.jar because:
[        ]   Build cache is disabled
[        ]   Caching not enabled.
[        ] Caching disabled for DexingNoClasspathTransform: /home/ubuntu/.gradle/caches/9.3.1/transforms/3f7e5d1d0e7765ac3c6b29f3c540cc87/transformed/runtime-annotation-runtime.jar because:
[        ]   Build cache is disabled
[        ] Running dexing transform non-incrementally for '/home/ubuntu/.gradle/caches/9.3.1/transforms/3f7e5d1d0e7765ac3c6b29f3c540cc87/transformed/runtime-annotation-runtime.jar'
[        ] Caching disabled for DexingOutputSplitTransform: /home/ubuntu/.gradle/caches/9.3.1/transforms/923df5c7cd37ff2ffac806a596bd3acf/transformed/runtime-annotation-runtime because:
[        ]   Build cache is disabled
[        ]   Caching not enabled.
[        ] Caching disabled for task ':app:mergeDebugGlobalSynthetics' because:
[        ]   Build cache is disabled
[        ] Task ':app:mergeDebugGlobalSynthetics' is not up-to-date because:
[        ]   Input property 'globalSynthetics' file /home/ubuntu/.gradle/caches/9.3.1/transforms/0089f797e97ec7b13496bdfdbae4830f/transformed/navigationevent-runtime/navigationevent-runtime_global-synthetics/global.globals has been added.
[        ] Merging to '/home/ubuntu/FFM-source-2d123ad-v67/build/app/intermediates/global_synthetics_dex/debug/mergeDebugGlobalSynthetics' with D8 from all or a subset of dex files in , and from all global synthetics files in /home/ubuntu/FFM-source-2d123ad-v67/build/app/intermediates/global_synthetics_project/debug/dexBuilderDebug/out/com/ffm_manager/MainActivity$configureFlutterEngine$1$1$$InternalSyntheticLambda$2$228834802f8f425bb53e8f6ffb83ebf73f8fc9046f878a9224b030cabc3322ce$0.globals, /home/ubuntu/FFM-source-2d123ad-v67/build/app/intermediates/global_synthetics_project/debug/dexBuilderDebug/out/com/ffm_manager/MainActivity$$InternalSyntheticLambda$2$a959b769495b16588e92e533f5bacc3d8e3e59948a99079b4910e6a0bb9fe0b0$3.globals, /home/ubuntu/FFM-source-2d123ad-v67/build/app/intermediates/global_synthetics_project/debug/dexBuilderDebug/out/com/ffm_manager/MainActivity$$InternalSyntheticLambda$2$a959b769495b16588e92e533f5bacc3d8e3e59948a99079b4910e6a0bb9fe0b0$2.globals, /home/ubuntu/FFM-source-2d123ad-v67/build/app/intermediates/global_synthetics_project/debug/dexBuilderDebug/out/com/ffm_manager/MainActivity$$InternalSyntheticLambda$2$a959b769495b16588e92e533f5bacc3d8e3e59948a99079b4910e6a0bb9fe0b0$1.globals, /home/ubuntu/FFM-source-2d123ad-v67/build/app/intermediates/global_synthetics_project/debug/dexBuilderDebug/out/com/ffm_manager/MainActivity$$InternalSyntheticLambda$2$a959b769495b16588e92e533f5bacc3d8e3e59948a99079b4910e6a0bb9fe0b0$4.globals, /home/ubuntu/FFM-source-2d123ad-v67/build/app/intermediates/global_synthetics_project/debug/dexBuilderDebug/out/com/ffm_manager/MainActivity$$InternalSyntheticLambda$2$a959b769495b16588e92e533f5bacc3d8e3e59948a99079b4910e6a0bb9fe0b0$0.globals, /home/ubuntu/FFM-source-2d123ad-v67/build/app/intermediates/global_synthetics_project/debug/dexBuilderDebug/out/com/ffm_manager/MainActivity$$InternalSyntheticLambda$2$f6cf4a801ebbddd0cde68407a8acdef47d010f82b89e55f2b6cc14eb95b1e669$0.globals, /home/ubuntu/FFM-source-2d123ad-v67/build/app/intermediates/global_synthetics_project/debug/dexBuilderDebug/out/com/example/ffm_manager/FfmLocalModelBridgePlugin$$InternalSyntheticLambda$2$8c97f53e451d93a0652075178b71e15e4fb1692e5394ca254c59753dd8cfc005$0.globals, /home/ubuntu/FFM-source-2d123ad-v67/build/android_file_picker/.transforms/f3e30d6da3a1d8b093b111d40c778a80/transformed/classes/classes_global-synthetics/global.globals, /home/ubuntu/FFM-source-2d123ad-v67/build/image_picker_android/.transforms/46962cd449173e72868adfbaa8a776bc/transformed/classes/classes_global-synthetics/global.globals, /home/ubuntu/FFM-source-2d123ad-v67/build/local_auth_android/.transforms/23451fe8792aee208c47ee9e85129d37/transformed/classes/classes_global-synthetics/global.globals, /home/ubuntu/FFM-source-2d123ad-v67/build/flutter_secure_storage/.transforms/1d56d1bbfc8892ffad6605e0eff3bb73/transformed/classes/classes_global-synthetics/global.globals, /home/ubuntu/FFM-source-2d123ad-v67/build/jni/.transforms/6680fe02e260d5f347ac40ab67109351/transformed/classes/classes_global-synthetics/global.globals, /home/ubuntu/FFM-source-2d123ad-v67/build/printing/.transforms/8fe1c07c4468f5e2545668050890b529/transformed/classes/classes_global-synthetics/global.globals, /home/ubuntu/FFM-source-2d123ad-v67/build/share_plus/.transforms/2a3d089cf9ab6c5879b16a65650d49ef/transformed/classes/classes_global-synthetics/global.globals, /home/ubuntu/FFM-source-2d123ad-v67/build/shared_preferences_android/.transforms/d5725033fc99a424fa1f2e1ffbd532b4/transformed/classes/classes_global-synthetics/global.globals, /home/ubuntu/FFM-source-2d123ad-v67/build/speech_to_text/.transforms/a80ae3071de9f4570236b073c528d96a/transformed/classes/classes_global-synthetics/global.globals, /home/ubuntu/FFM-source-2d123ad-v67/build/whisper_cpp_flutter_plus/.transforms/1946811831feb0ab8368c27862eb01a1/transformed/classes/classes_global-synthetics/global.globals, /home/ubuntu/.gradle/caches/9.3.1/transforms/47d2aafb3b20e957ffaa04508672e298/transformed/flutter_embedding_debug-1.0.0-5d531788691ec3404cac0cee66ead4007b177363/flutter_embedding_debug-1.0.0-5d531788691ec3404cac0cee66ead4007b177363_global-synthetics/global.globals, /home/ubuntu/.gradle/caches/9.3.1/transforms/1cb8d777df14b6fa26a5705cc353c8f0/transformed/preference-1.2.1-runtime/preference-1.2.1-runtime_global-synthetics/global.globals, /home/ubuntu/.gradle/caches/9.3.1/transforms/58d50e6a0fde47359072716c3cc702b8/transformed/fragment-ktx-1.8.9-runtime/fragment-ktx-1.8.9-runtime_global-synthetics/global.globals, /home/ubuntu/.gradle/caches/9.3.1/transforms/7f84c1b4bee31118229c230a0ccf7001/transformed/fragment-1.8.9-runtime/fragment-1.8.9-runtime_global-synthetics/global.globals, /home/ubuntu/.gradle/caches/9.3.1/transforms/15abeb2bd59092f888223a5073d682b4/transformed/activity-1.12.4-runtime/activity-1.12.4-runtime_global-synthetics/global.globals, /home/ubuntu/.gradle/caches/9.3.1/transforms/199d8191aad62bc6acc4de2c4f88a5d6/transformed/lifecycle-viewmodel-runtime/lifecycle-viewmodel-runtime_global-synthetics/global.globals, /home/ubuntu/.gradle/caches/9.3.1/transforms/78cce3ec6c4752993cdcdcb4ad323a7f/transformed/savedstate-runtime/savedstate-runtime_global-synthetics/global.globals, /home/ubuntu/.gradle/caches/9.3.1/transforms/25aa580f7db8ba439e30e12238b5a56e/transformed/lifecycle-common-jvm-2.10.0/lifecycle-common-jvm-2.10.0_global-synthetics/global.globals, /home/ubuntu/.gradle/caches/9.3.1/transforms/03680d4e6c19a0d32621b98dcf88bb08/transformed/lifecycle-livedata-2.10.0-runtime/lifecycle-livedata-2.10.0-runtime_global-synthetics/global.globals, /home/ubuntu/.gradle/caches/9.3.1/transforms/4b08987297bde0967214b4f6e2fe5400/transformed/lifecycle-process-2.10.0-runtime/lifecycle-process-2.10.0-runtime_global-synthetics/global.globals, /home/ubuntu/.gradle/caches/9.3.1/transforms/58f4686f8d497c9feff7c6f41d56ca31/transformed/lifecycle-viewmodel-savedstate-runtime/lifecycle-viewmodel-savedstate-runtime_global-synthetics/global.globals, /home/ubuntu/.gradle/caches/9.3.1/transforms/9db146d361cf662fd1d4a289333b3b3b/transformed/core-ktx-1.18.0-runtime/core-ktx-1.18.0-runtime_global-synthetics/global.globals, /home/ubuntu/.gradle/caches/9.3.1/transforms/4b62a6891731c9bacc4e33cb2d448a7a/transformed/window-1.2.0-runtime/window-1.2.0-runtime_global-synthetics/global.globals, /home/ubuntu/.gradle/caches/9.3.1/transforms/21e717544db0c3c493f0d6cf6f68a6f5/transformed/core-1.18.0-runtime/core-1.18.0-runtime_global-synthetics/global.globals, /home/ubuntu/.gradle/caches/9.3.1/transforms/5a78794d7d05c5c59fc22d3ecf45db32/transformed/datastore-core-release-runtime/datastore-core-release-runtime_global-synthetics/global.globals, /home/ubuntu/.gradle/caches/9.3.1/transforms/0089f797e97ec7b13496bdfdbae4830f/transformed/navigationevent-runtime/navigationevent-runtime_global-synthetics/global.globals, /home/ubuntu/.gradle/caches/9.3.1/transforms/f8da3a985f433de0098c1abc897fb228/transformed/kotlinx-coroutines-core-jvm-1.11.0/kotlinx-coroutines-core-jvm-1.11.0_global-synthetics/global.globals, /home/ubuntu/.gradle/caches/9.3.1/transforms/041516894dc5e9723c41a57863748fc6/transformed/kotlinx-coroutines-android-1.11.0/kotlinx-coroutines-android-1.11.0_global-synthetics/global.globals, /home/ubuntu/.gradle/caches/9.3.1/transforms/2364dec40e5643a471b1e1ac1127adcb/transformed/profileinstaller-1.4.0-runtime/profileinstaller-1.4.0-runtime_global-synthetics/global.globals, /home/ubuntu/.gradle/caches/9.3.1/transforms/b19f60782601775b86a7dc530b3a2e66/transformed/core-runtime-2.2.0-runtime/core-runtime-2.2.0-runtime_global-synthetics/global.globals, /home/ubuntu/.gradle/caches/9.3.1/transforms/2c8efe72a81d117f1c0928ecf45058ca/transformed/tink-android-1.23.0/tink-android-1.23.0_global-synthetics/global.globals, /home/ubuntu/.gradle/caches/9.3.1/transforms/4fdc3636f17bb05e7217e0bd236b1f4b/transformed/kotlinx-serialization-core-jvm-1.7.3/kotlinx-serialization-core-jvm-1.7.3_global-synthetics/global.globals, /home/ubuntu/.gradle/caches/9.3.1/transforms/d6e33312309aeb68d22c620fa9e800b9/transformed/kotlin-stdlib-2.4.0/kotlin-stdlib-2.4.0_global-synthetics/global.globals, /home/ubuntu/.gradle/caches/9.3.1/transforms/079da99e5c4a7dab20d920928771c68c/transformed/gson-2.13.2/gson-2.13.2_global-synthetics/global.globals
[        ] Resolve mutations for :app:processDebugJavaRes (Thread[#55,included builds,5,main]) started.
[        ] :app:processDebugJavaRes (Thread[#55,included builds,5,main]) started.
[        ] > Task :app:processDebugJavaRes UP-TO-DATE
[        ] file or directory '/home/ubuntu/FFM-source-2d123ad-v67/android/app/src/main/resources', not found
[        ] file or directory '/home/ubuntu/FFM-source-2d123ad-v67/android/app/src/debug/resources', not found
[        ] Caching disabled for task ':app:processDebugJavaRes' because:
[        ]   Build cache is disabled
[        ]   Caching has been disabled for the task
[        ] Skipping task ':app:processDebugJavaRes' as it is up-to-date.
[        ] Resolve mutations for :flutter_local_notifications:processDebugJavaRes (Thread[#55,included builds,5,main]) started.
[        ] :flutter_local_notifications:processDebugJavaRes (Thread[#55,included builds,5,main]) started.
[        ] > Task :flutter_local_notifications:processDebugJavaRes NO-SOURCE
[        ] file or directory '/home/ubuntu/.pub-cache/hosted/pub.dev/flutter_local_notifications-22.3.0/android/src/main/resources', not found
[        ] file or directory '/home/ubuntu/.pub-cache/hosted/pub.dev/flutter_local_notifications-22.3.0/android/src/debug/resources', not found
[        ] Skipping task ':flutter_local_notifications:processDebugJavaRes' as it has no source files and no previous output files.
[        ] work action resolve out (project :flutter_local_notifications) (Thread[#55,included builds,5,main]) started.
[        ] Resolve mutations for :flutter_plugin_android_lifecycle:processDebugJavaRes (Thread[#55,included builds,5,main]) started.
[        ] :flutter_plugin_android_lifecycle:processDebugJavaRes (Thread[#55,included builds,5,main]) started.
[        ] > Task :flutter_plugin_android_lifecycle:processDebugJavaRes NO-SOURCE
[        ] file or directory '/home/ubuntu/.pub-cache/hosted/pub.dev/flutter_plugin_android_lifecycle-2.0.35/android/src/main/resources', not found
[        ] file or directory '/home/ubuntu/.pub-cache/hosted/pub.dev/flutter_plugin_android_lifecycle-2.0.35/android/src/debug/resources', not found
[        ] Skipping task ':flutter_plugin_android_lifecycle:processDebugJavaRes' as it has no source files and no previous output files.
[        ] work action resolve out (project :flutter_plugin_android_lifecycle) (Thread[#55,included builds,5,main]) started.
[        ] Resolve mutations for :flutter_secure_storage:processDebugJavaRes (Thread[#55,included builds,5,main]) started.
[        ] :flutter_secure_storage:processDebugJavaRes (Thread[#55,included builds,5,main]) started.
[        ] > Task :flutter_secure_storage:processDebugJavaRes NO-SOURCE
[        ] file or directory '/home/ubuntu/.pub-cache/hosted/pub.dev/flutter_secure_storage-11.0.0/android/src/main/resources', not found
[        ] file or directory '/home/ubuntu/.pub-cache/hosted/pub.dev/flutter_secure_storage-11.0.0/android/src/debug/resources', not found
[        ] Skipping task ':flutter_secure_storage:processDebugJavaRes' as it has no source files and no previous output files.
[        ] work action resolve out (project :flutter_secure_storage) (Thread[#55,included builds,5,main]) started.
[        ] Resolve mutations for :image_picker_android:processDebugJavaRes (Thread[#55,included builds,5,main]) started.
[        ] :image_picker_android:processDebugJavaRes (Thread[#55,included builds,5,main]) started.
[        ] > Task :image_picker_android:processDebugJavaRes
[        ] file or directory '/home/ubuntu/.pub-cache/hosted/pub.dev/image_picker_android-0.8.13+19/android/src/main/resources', not found
[        ] file or directory '/home/ubuntu/.pub-cache/hosted/pub.dev/image_picker_android-0.8.13+19/android/src/debug/resources', not found
[        ] Caching disabled for task ':image_picker_android:processDebugJavaRes' because:
[        ]   Build cache is disabled
[        ]   Caching has been disabled for the task
[        ] Task ':image_picker_android:processDebugJavaRes' is not up-to-date because:
[        ]   No history is available.
[        ] file or directory '/home/ubuntu/.pub-cache/hosted/pub.dev/image_picker_android-0.8.13+19/android/src/main/resources', not found
[        ] file or directory '/home/ubuntu/.pub-cache/hosted/pub.dev/image_picker_android-0.8.13+19/android/src/debug/resources', not found
[        ] file or directory '/home/ubuntu/.pub-cache/hosted/pub.dev/image_picker_android-0.8.13+19/android/src/main/resources', not found
[        ] file or directory '/home/ubuntu/.pub-cache/hosted/pub.dev/image_picker_android-0.8.13+19/android/src/debug/resources', not found
[        ] work action resolve out (project :image_picker_android) (Thread[#55,included builds,5,main]) started.
[        ] Resolve mutations for :jni:processDebugJavaRes (Thread[#55,included builds,5,main]) started.
[        ] :jni:processDebugJavaRes (Thread[#55,included builds,5,main]) started.
[        ] > Task :jni:processDebugJavaRes NO-SOURCE
[        ] file or directory '/home/ubuntu/.pub-cache/hosted/pub.dev/jni-1.0.3/android/src/main/resources', not found
[        ] file or directory '/home/ubuntu/.pub-cache/hosted/pub.dev/jni-1.0.3/android/src/debug/resources', not found
[        ] Skipping task ':jni:processDebugJavaRes' as it has no source files and no previous output files.
[        ] work action resolve out (project :jni) (Thread[#55,included builds,5,main]) started.
[        ] Resolve mutations for :jni_flutter:processDebugJavaRes (Thread[#55,included builds,5,main]) started.
[        ] :jni_flutter:processDebugJavaRes (Thread[#55,included builds,5,main]) started.
[        ] > Task :jni_flutter:processDebugJavaRes NO-SOURCE
[        ] file or directory '/home/ubuntu/.pub-cache/hosted/pub.dev/jni_flutter-1.0.2/android/src/main/resources', not found
[        ] file or directory '/home/ubuntu/.pub-cache/hosted/pub.dev/jni_flutter-1.0.2/android/src/debug/resources', not found
[        ] Skipping task ':jni_flutter:processDebugJavaRes' as it has no source files and no previous output files.
[        ] work action resolve out (project :jni_flutter) (Thread[#55,included builds,5,main]) started.
[        ] Resolve mutations for :local_auth_android:processDebugJavaRes (Thread[#55,included builds,5,main]) started.
[        ] :local_auth_android:processDebugJavaRes (Thread[#55,included builds,5,main]) started.
[        ] > Task :local_auth_android:processDebugJavaRes UP-TO-DATE
[        ] file or directory '/home/ubuntu/.pub-cache/hosted/pub.dev/local_auth_android-2.0.9/android/src/main/resources', not found
[        ] file or directory '/home/ubuntu/.pub-cache/hosted/pub.dev/local_auth_android-2.0.9/android/src/debug/resources', not found
[        ] Caching disabled for task ':local_auth_android:processDebugJavaRes' because:
[        ]   Build cache is disabled
[        ]   Caching has been disabled for the task
[        ] Skipping task ':local_auth_android:processDebugJavaRes' as it is up-to-date.
[        ] work action resolve out (project :local_auth_android) (Thread[#55,included builds,5,main]) started.
[        ] Resolve mutations for :printing:processDebugJavaRes (Thread[#55,included builds,5,main]) started.
[        ] :printing:processDebugJavaRes (Thread[#55,included builds,5,main]) started.
[        ] > Task :printing:processDebugJavaRes NO-SOURCE
[        ] file or directory '/home/ubuntu/.pub-cache/hosted/pub.dev/printing-5.14.3/android/src/main/resources', not found
[        ] file or directory '/home/ubuntu/.pub-cache/hosted/pub.dev/printing-5.14.3/android/src/debug/resources', not found
[        ] Skipping task ':printing:processDebugJavaRes' as it has no source files and no previous output files.
[        ] work action resolve out (project :printing) (Thread[#55,included builds,5,main]) started.
[        ] Resolve mutations for :share_plus:processDebugJavaRes (Thread[#55,included builds,5,main]) started.
[        ] :share_plus:processDebugJavaRes (Thread[#55,included builds,5,main]) started.
[        ] > Task :share_plus:processDebugJavaRes UP-TO-DATE
[        ] file or directory '/home/ubuntu/.pub-cache/hosted/pub.dev/share_plus-13.3.0/android/src/main/resources', not found
[        ] file or directory '/home/ubuntu/.pub-cache/hosted/pub.dev/share_plus-13.3.0/android/src/debug/resources', not found
[        ] Caching disabled for task ':share_plus:processDebugJavaRes' because:
[        ]   Build cache is disabled
[        ]   Caching has been disabled for the task
[        ] Skipping task ':share_plus:processDebugJavaRes' as it is up-to-date.
[        ] work action resolve out (project :share_plus) (Thread[#55,included builds,5,main]) started.
[        ] Resolve mutations for :shared_preferences_android:processDebugJavaRes (Thread[#55,included builds,5,main]) started.
[        ] :shared_preferences_android:processDebugJavaRes (Thread[#55,included builds,5,main]) started.
[        ] > Task :shared_preferences_android:processDebugJavaRes UP-TO-DATE
[        ] file or directory '/home/ubuntu/.pub-cache/hosted/pub.dev/shared_preferences_android-2.4.27/android/src/main/resources', not found
[        ] file or directory '/home/ubuntu/.pub-cache/hosted/pub.dev/shared_preferences_android-2.4.27/android/src/debug/resources', not found
[        ] Caching disabled for task ':shared_preferences_android:processDebugJavaRes' because:
[        ]   Build cache is disabled
[        ]   Caching has been disabled for the task
[        ] Skipping task ':shared_preferences_android:processDebugJavaRes' as it is up-to-date.
[        ] work action resolve out (project :shared_preferences_android) (Thread[#55,included builds,5,main]) started.
[        ] Resolve mutations for :speech_to_text:processDebugJavaRes (Thread[#55,included builds,5,main]) started.
[        ] :speech_to_text:processDebugJavaRes (Thread[#55,included builds,5,main]) started.
[        ] > Task :speech_to_text:processDebugJavaRes UP-TO-DATE
[        ] file or directory '/home/ubuntu/.pub-cache/hosted/pub.dev/speech_to_text-7.4.0/android/src/main/resources', not found
[        ] file or directory '/home/ubuntu/.pub-cache/hosted/pub.dev/speech_to_text-7.4.0/android/src/debug/resources', not found
[        ] Caching disabled for task ':speech_to_text:processDebugJavaRes' because:
[        ]   Build cache is disabled
[        ]   Caching has been disabled for the task
[        ] Skipping task ':speech_to_text:processDebugJavaRes' as it is up-to-date.
[        ] work action resolve out (project :speech_to_text) (Thread[#55,included builds,5,main]) started.
[        ] Resolve mutations for :whisper_cpp_flutter_plus:processDebugJavaRes (Thread[#55,included builds,5,main]) started.
[        ] :whisper_cpp_flutter_plus:processDebugJavaRes (Thread[#55,included builds,5,main]) started.
[        ] > Task :whisper_cpp_flutter_plus:processDebugJavaRes UP-TO-DATE
[        ] file or directory '/home/ubuntu/.pub-cache/hosted/pub.dev/whisper_cpp_flutter_plus-0.4.0/android/src/main/resources', not found
[        ] file or directory '/home/ubuntu/.pub-cache/hosted/pub.dev/whisper_cpp_flutter_plus-0.4.0/android/src/debug/resources', not found
[        ] Caching disabled for task ':whisper_cpp_flutter_plus:processDebugJavaRes' because:
[        ]   Build cache is disabled
[        ]   Caching has been disabled for the task
[        ] Skipping task ':whisper_cpp_flutter_plus:processDebugJavaRes' as it is up-to-date.
[        ] work action resolve out (project :whisper_cpp_flutter_plus) (Thread[#55,included builds,5,main]) started.
[        ] Resolve mutations for :app:mergeDebugJavaResource (Thread[#55,included builds,5,main]) started.
[        ] :app:mergeDebugJavaResource (Thread[#55,included builds,5,main]) started.
[ +795 ms] > Task :app:mergeDebugJavaResource
[        ] Caching disabled for AarTransform: /home/ubuntu/.gradle/caches/9.3.1/transforms/39181d7ce1fc170d8b944eed27d52074/transformed/activity-ktx-1.12.4 because:
[        ]   Build cache is disabled
[        ]   Caching not enabled.
[        ] Caching disabled for AarTransform: /home/ubuntu/.gradle/caches/9.3.1/transforms/54153e64d0eee9e14adfe22df61734e4/transformed/activity-1.12.4 because:
[        ]   Build cache is disabled
[        ]   Caching not enabled.
[        ] Caching disabled for AarTransform: /home/ubuntu/.gradle/caches/9.3.1/transforms/c95fa921fffd17270ecab5e2092c9ba9/transformed/navigationevent because:
[        ]   Build cache is disabled
[        ]   Caching not enabled.
[        ] Caching disabled for AarTransform: /home/ubuntu/.gradle/caches/9.3.1/transforms/8c9977e1d2b6d4eac35b732a0a74293c/transformed/exifinterface-1.4.2 because:
[        ]   Build cache is disabled
[        ]   Caching not enabled.
[        ] Caching disabled for AarTransform: /home/ubuntu/.gradle/caches/9.3.1/transforms/c0964caf9c24094a321210620cc78cb1/transformed/runtime-annotation because:
[        ]   Build cache is disabled
[        ]   Caching not enabled.
[        ] Caching disabled for task ':app:mergeDebugJavaResource' because:
[        ]   Build cache is disabled
[        ]   Caching has been disabled for the task
[        ] Task ':app:mergeDebugJavaResource' is not up-to-date because:
[        ]   Input property 'externalLibJavaRes.fileCollection' file /home/ubuntu/.gradle/caches/9.3.1/transforms/670c42120b4e285772fcf22135293e72/transformed/activity-1.8.1/jars/classes.jar has been removed.
[        ]   Input property 'externalLibJavaRes.fileCollection' file /home/ubuntu/.gradle/caches/9.3.1/transforms/0414b4107b329aa6a3f0ac1999b0bac8/transformed/activity-ktx-1.8.1/jars/classes.jar has been removed.
[        ]   Input property 'externalLibJavaRes.fileCollection' file /home/ubuntu/.gradle/caches/9.3.1/transforms/39181d7ce1fc170d8b944eed27d52074/transformed/activity-ktx-1.12.4/jars/classes.jar has been added.
[        ]   and more...
[        ] Resolve mutations for :app:checkDebugDuplicateClasses (Thread[#55,included builds,5,main]) started.
[        ] :app:checkDebugDuplicateClasses (Thread[#55,included builds,5,main]) started.
[ +198 ms] > Task :app:checkDebugDuplicateClasses
[        ] Caching disabled for EnumerateClassesTransform: /home/ubuntu/.gradle/caches/9.3.1/transforms/74f17d30d4e56bbbe49054d669999eb6/transformed/activity-ktx-1.12.4-runtime.jar because:
[        ]   Build cache is disabled
[        ] Caching disabled for EnumerateClassesTransform: /home/ubuntu/.gradle/caches/9.3.1/transforms/c72bb3d71e2771a6386b0cd8579635ad/transformed/activity-1.12.4-runtime.jar because:
[        ]   Build cache is disabled
[        ] Caching disabled for EnumerateClassesTransform: /home/ubuntu/.gradle/caches/9.3.1/transforms/fa0d12ac04deda95cb92ea6f9126a9b2/transformed/navigationevent-runtime.jar because:
[        ]   Build cache is disabled
[        ] Caching disabled for EnumerateClassesTransform: /home/ubuntu/.gradle/caches/9.3.1/transforms/b601a585a75499c1e92fa8f748291d39/transformed/exifinterface-1.4.2-runtime.jar because:
[        ]   Build cache is disabled
[        ] Caching disabled for EnumerateClassesTransform: /home/ubuntu/.gradle/caches/9.3.1/transforms/3f7e5d1d0e7765ac3c6b29f3c540cc87/transformed/runtime-annotation-runtime.jar because:
[        ]   Build cache is disabled
[        ] Caching disabled for task ':app:checkDebugDuplicateClasses' because:
[        ]   Build cache is disabled
[        ]   Caching has been disabled for the task
[        ] Task ':app:checkDebugDuplicateClasses' is not up-to-date because:
[        ]   Input property 'enumeratedClasses' file /home/ubuntu/.gradle/caches/9.3.1/transforms/e814ee3412fa398703dff0c34edf3af9/transformed/activity-1.8.1-runtime has been removed.
[        ]   Input property 'enumeratedClasses' file /home/ubuntu/.gradle/caches/9.3.1/transforms/bbc9bf17b26cafa4667218994d42c1e5/transformed/activity-ktx-1.8.1-runtime has been removed.
[        ]   Input property 'enumeratedClasses' file /home/ubuntu/.gradle/caches/9.3.1/transforms/db67383649c4ff9595438b7bad98a7e7/transformed/exifinterface-1.4.1-runtime has been removed.
[        ]   and more...
[        ] Resolve mutations for :app:mergeExtDexDebug (Thread[#55,included builds,5,main]) started.
[        ] :app:mergeExtDexDebug (Thread[#55,included builds,5,main]) started.
[+1999 ms] > Task :app:mergeExtDexDebug
[        ] Caching disabled for DexingOutputSplitTransform: /home/ubuntu/.gradle/caches/9.3.1/transforms/6a7974fd8ff739fe0cdd7c602ffa98cc/transformed/activity-ktx-1.12.4-runtime because:
[        ]   Build cache is disabled
[        ]   Caching not enabled.
[        ] Caching disabled for DexingOutputSplitTransform: /home/ubuntu/.gradle/caches/9.3.1/transforms/15abeb2bd59092f888223a5073d682b4/transformed/activity-1.12.4-runtime because:
[        ]   Build cache is disabled
[        ]   Caching not enabled.
[        ] Caching disabled for DexingOutputSplitTransform: /home/ubuntu/.gradle/caches/9.3.1/transforms/0089f797e97ec7b13496bdfdbae4830f/transformed/navigationevent-runtime because:
[        ]   Build cache is disabled
[        ]   Caching not enabled.
[        ] Caching disabled for DexingOutputSplitTransform: /home/ubuntu/.gradle/caches/9.3.1/transforms/dfa5c00cc6da84c354fcbe4e569af965/transformed/exifinterface-1.4.2-runtime because:
[        ]   Build cache is disabled
[        ]   Caching not enabled.
[        ] Caching disabled for DexingOutputSplitTransform: /home/ubuntu/.gradle/caches/9.3.1/transforms/923df5c7cd37ff2ffac806a596bd3acf/transformed/runtime-annotation-runtime because:
[        ]   Build cache is disabled
[        ]   Caching not enabled.
[        ] Caching disabled for task ':app:mergeExtDexDebug' because:
[        ]   Build cache is disabled
[        ] Task ':app:mergeExtDexDebug' is not up-to-date because:
[        ]   Input property 'dexDirs' file /home/ubuntu/.gradle/caches/9.3.1/transforms/5670e181da31648c9182fbcc7072a259/transformed/activity-ktx-1.8.1-runtime/activity-ktx-1.8.1-runtime_dex/classes.dex has been removed.
[        ]   Input property 'dexDirs' file /home/ubuntu/.gradle/caches/9.3.1/transforms/bba67c9aadb54ee9e790ff3c2008554c/transformed/exifinterface-1.4.1-runtime/exifinterface-1.4.1-runtime_dex/classes.dex has been removed.
[        ]   Input property 'dexDirs' file /home/ubuntu/.gradle/caches/9.3.1/transforms/287fec2329f2288c9f1e8cac3d27d031/transformed/activity-1.8.1-runtime/activity-1.8.1-runtime_dex/classes.dex has been removed.
[        ]   and more...
[        ] Merging to '/home/ubuntu/FFM-source-2d123ad-v67/build/app/intermediates/dex/debug/mergeExtDexDebug' with D8 from all or a subset of dex files in /home/ubuntu/.gradle/caches/9.3.1/transforms/47d2aafb3b20e957ffaa04508672e298/transformed/flutter_embedding_debug-1.0.0-5d531788691ec3404cac0cee66ead4007b177363/flutter_embedding_debug-1.0.0-5d531788691ec3404cac0cee66ead4007b177363_dex, /home/ubuntu/.gradle/caches/9.3.1/transforms/29de1c745ffb7faafff35fa1f50847cd/transformed/biometric-1.1.0-runtime/biometric-1.1.0-runtime_dex, /home/ubuntu/.gradle/caches/9.3.1/transforms/1cb8d777df14b6fa26a5705cc353c8f0/transformed/preference-1.2.1-runtime/preference-1.2.1-runtime_dex, /home/ubuntu/.gradle/caches/9.3.1/transforms/0a1ec764c0d2ccacad7c5ed51d32cbde/transformed/appcompat-1.2.0-runtime/appcompat-1.2.0-runtime_dex, /home/ubuntu/.gradle/caches/9.3.1/transforms/58d50e6a0fde47359072716c3cc702b8/transformed/fragment-ktx-1.8.9-runtime/fragment-ktx-1.8.9-runtime_dex, /home/ubuntu/.gradle/caches/9.3.1/transforms/7f84c1b4bee31118229c230a0ccf7001/transformed/fragment-1.8.9-runtime/fragment-1.8.9-runtime_dex, /home/ubuntu/.gradle/caches/9.3.1/transforms/15abeb2bd59092f888223a5073d682b4/transformed/activity-1.12.4-runtime/activity-1.12.4-runtime_dex, /home/ubuntu/.gradle/caches/9.3.1/transforms/10923050fd5ad279c695b594a368bb2a/transformed/recyclerview-1.0.0-runtime/recyclerview-1.0.0-runtime_dex, /home/ubuntu/.gradle/caches/9.3.1/transforms/856c56893307df020e0d6af17ebd9069/transformed/legacy-support-core-ui-1.0.0-runtime/legacy-support-core-ui-1.0.0-runtime_dex, /home/ubuntu/.gradle/caches/9.3.1/transforms/bb15e4bee0bf7ce881d6b75983596e8f/transformed/legacy-support-core-utils-1.0.0-runtime/legacy-support-core-utils-1.0.0-runtime_dex, /home/ubuntu/.gradle/caches/9.3.1/transforms/82b470d4c874e67f16f2a33a3dd4ac23/transformed/loader-1.0.0-runtime/loader-1.0.0-runtime_dex, /home/ubuntu/.gradle/caches/9.3.1/transforms/199d8191aad62bc6acc4de2c4f88a5d6/transformed/lifecycle-viewmodel-runtime/lifecycle-viewmodel-runtime_dex, /home/ubuntu/.gradle/caches/9.3.1/transforms/78cce3ec6c4752993cdcdcb4ad323a7f/transformed/savedstate-runtime/savedstate-runtime_dex, /home/ubuntu/.gradle/caches/9.3.1/transforms/25aa580f7db8ba439e30e12238b5a56e/transformed/lifecycle-common-jvm-2.10.0/lifecycle-common-jvm-2.10.0_dex, /home/ubuntu/.gradle/caches/9.3.1/transforms/03680d4e6c19a0d32621b98dcf88bb08/transformed/lifecycle-livedata-2.10.0-runtime/lifecycle-livedata-2.10.0-runtime_dex, /home/ubuntu/.gradle/caches/9.3.1/transforms/4b08987297bde0967214b4f6e2fe5400/transformed/lifecycle-process-2.10.0-runtime/lifecycle-process-2.10.0-runtime_dex, /home/ubuntu/.gradle/caches/9.3.1/transforms/91ae22a19e4f1fde4fae5bf83e9bc59a/transformed/lifecycle-livedata-core-2.10.0-runtime/lifecycle-livedata-core-2.10.0-runtime_dex, /home/ubuntu/.gradle/caches/9.3.1/transforms/3a7bdc5ef9d2f1d6c1c990d541bc5fe0/transformed/lifecycle-runtime-runtime/lifecycle-runtime-runtime_dex, /home/ubuntu/.gradle/caches/9.3.1/transforms/58f4686f8d497c9feff7c6f41d56ca31/transformed/lifecycle-viewmodel-savedstate-runtime/lifecycle-viewmodel-savedstate-runtime_dex, /home/ubuntu/.gradle/caches/9.3.1/transforms/9db146d361cf662fd1d4a289333b3b3b/transformed/core-ktx-1.18.0-runtime/core-ktx-1.18.0-runtime_dex, /home/ubuntu/.gradle/caches/9.3.1/transforms/b27f9623e11c0238fcff37a6c2c4fb9f/transformed/media-1.1.0-runtime/media-1.1.0-runtime_dex, /home/ubuntu/.gradle/caches/9.3.1/transforms/fc5b2e40151bb15e8fae61b01428a6fb/transformed/slidingpanelayout-1.2.0-runtime/slidingpanelayout-1.2.0-runtime_dex, /home/ubuntu/.gradle/caches/9.3.1/transforms/4b62a6891731c9bacc4e33cb2d448a7a/transformed/window-1.2.0-runtime/window-1.2.0-runtime_dex, /home/ubuntu/.gradle/caches/9.3.1/transforms/2f61b75c535deeea30e6f9ac94f2ce61/transformed/window-java-1.2.0-runtime/window-java-1.2.0-runtime_dex, /home/ubuntu/.gradle/caches/9.3.1/transforms/8c5e0cf7c3bd2f568edc4c7740f14ad4/transformed/viewpager-1.0.0-runtime/viewpager-1.0.0-runtime_dex, /home/ubuntu/.gradle/caches/9.3.1/transforms/1ebacf6deb27323a662e670e58b470d4/transformed/appcompat-resources-1.2.0-runtime/appcompat-resources-1.2.0-runtime_dex, /home/ubuntu/.gradle/caches/9.3.1/transforms/b5ff279be79991cc7b798239f9bf01d0/transformed/drawerlayout-1.0.0-runtime/drawerlayout-1.0.0-runtime_dex, /home/ubuntu/.gradle/caches/9.3.1/transforms/adbe1432fae112d6ca82d67e5d5ea89a/transformed/coordinatorlayout-1.0.0-runtime/coordinatorlayout-1.0.0-runtime_dex, /home/ubuntu/.gradle/caches/9.3.1/transforms/4eb9fdab715ac29726733e7eaddfdf6f/transformed/customview-1.1.0-runtime/customview-1.1.0-runtime_dex, /home/ubuntu/.gradle/caches/9.3.1/transforms/a4aebae1904e76694944ed4c03cb6d66/transformed/transition-1.4.1-runtime/transition-1.4.1-runtime_dex, /home/ubuntu/.gradle/caches/9.3.1/transforms/70531ba202c59907d87e512766ed9e46/transformed/vectordrawable-animated-1.1.0-runtime/vectordrawable-animated-1.1.0-runtime_dex, /home/ubuntu/.gradle/caches/9.3.1/transforms/b6fc9570d6b2d9bef62a985d637df5c2/transformed/vectordrawable-1.1.0-runtime/vectordrawable-1.1.0-runtime_dex, /home/ubuntu/.gradle/caches/9.3.1/transforms/aaeb023cab17fd12ad72779e905cdc4b/transformed/swiperefreshlayout-1.0.0-runtime/swiperefreshlayout-1.0.0-runtime_dex, /home/ubuntu/.gradle/caches/9.3.1/transforms/6528147932e4b27c49dc2ca9068ca0ec/transformed/asynclayoutinflater-1.0.0-runtime/asynclayoutinflater-1.0.0-runtime_dex, /home/ubuntu/.gradle/caches/9.3.1/transforms/21e717544db0c3c493f0d6cf6f68a6f5/transformed/core-1.18.0-runtime/core-1.18.0-runtime_dex, /home/ubuntu/.gradle/caches/9.3.1/transforms/292159ea471df984c5229a367d3519e8/transformed/datastore-preferences-external-protobuf-1.1.7/datastore-preferences-external-protobuf-1.1.7_dex, /home/ubuntu/.gradle/caches/9.3.1/transforms/52e4a5654df09e6fd48f8953f9c34c7f/transformed/datastore-preferences-proto-1.1.7/datastore-preferences-proto-1.1.7_dex, /home/ubuntu/.gradle/caches/9.3.1/transforms/88a538225ce8abd67b0c4f969de97824/transformed/datastore-preferences-core-release-runtime/datastore-preferences-core-release-runtime_dex, /home/ubuntu/.gradle/caches/9.3.1/transforms/13f1df72bf1315aca160c0a64854e7da/transformed/datastore-core-okio-jvm-1.1.7/datastore-core-okio-jvm-1.1.7_dex, /home/ubuntu/.gradle/caches/9.3.1/transforms/5a78794d7d05c5c59fc22d3ecf45db32/transformed/datastore-core-release-runtime/datastore-core-release-runtime_dex, /home/ubuntu/.gradle/caches/9.3.1/transforms/70f0006efebeb737024a28988ea6b2c4/transformed/datastore-preferences-release-runtime/datastore-preferences-release-runtime_dex, /home/ubuntu/.gradle/caches/9.3.1/transforms/abdd73f2defc1d8a09933e11391e1c8c/transformed/datastore-release-runtime/datastore-release-runtime_dex, /home/ubuntu/.gradle/caches/9.3.1/transforms/0089f797e97ec7b13496bdfdbae4830f/transformed/navigationevent-runtime/navigationevent-runtime_dex, /home/ubuntu/.gradle/caches/9.3.1/transforms/f8da3a985f433de0098c1abc897fb228/transformed/kotlinx-coroutines-core-jvm-1.11.0/kotlinx-coroutines-core-jvm-1.11.0_dex, /home/ubuntu/.gradle/caches/9.3.1/transforms/041516894dc5e9723c41a57863748fc6/transformed/kotlinx-coroutines-android-1.11.0/kotlinx-coroutines-android-1.11.0_dex, /home/ubuntu/.gradle/caches/9.3.1/transforms/a017f7695fde6c1c52e5f5bd385ee9a8/transformed/annotation-experimental-1.4.1-runtime/annotation-experimental-1.4.1-runtime_dex, /home/ubuntu/.gradle/caches/9.3.1/transforms/c25b2aed7adc754485de93df83d140a1/transformed/core-viewtree-1.0.0-runtime/core-viewtree-1.0.0-runtime_dex, /home/ubuntu/.gradle/caches/9.3.1/transforms/dfa5c00cc6da84c354fcbe4e569af965/transformed/exifinterface-1.4.2-runtime/exifinterface-1.4.2-runtime_dex, /home/ubuntu/.gradle/caches/9.3.1/transforms/2364dec40e5643a471b1e1ac1127adcb/transformed/profileinstaller-1.4.0-runtime/profileinstaller-1.4.0-runtime_dex, /home/ubuntu/.gradle/caches/9.3.1/transforms/d4ab2bf97e138225b800c2d2d4f5c3d3/transformed/startup-runtime-1.1.1-runtime/startup-runtime-1.1.1-runtime_dex, /home/ubuntu/.gradle/caches/9.3.1/transforms/0efaa219acedebbbb7f869a75eeffff5/transformed/tracing-1.2.0-runtime/tracing-1.2.0-runtime_dex, /home/ubuntu/.gradle/caches/9.3.1/transforms/40f622ef1eb30db1a70124c68aadafee/transformed/interpolator-1.0.0-runtime/interpolator-1.0.0-runtime_dex, /home/ubuntu/.gradle/caches/9.3.1/transforms/ee0b3ee728897d7d9692d8bba1e928b4/transformed/versionedparcelable-1.1.1-runtime/versionedparcelable-1.1.1-runtime_dex, /home/ubuntu/.gradle/caches/9.3.1/transforms/84139e62025069aaaf4b11146c46669a/transformed/collection-jvm-1.4.2/collection-jvm-1.4.2_dex, /home/ubuntu/.gradle/caches/9.3.1/transforms/b19f60782601775b86a7dc530b3a2e66/transformed/core-runtime-2.2.0-runtime/core-runtime-2.2.0-runtime_dex, /home/ubuntu/.gradle/caches/9.3.1/transforms/4bdbecf448b19970c530da26943ca5cf/transformed/core-common-2.2.0/core-common-2.2.0_dex, /home/ubuntu/.gradle/caches/9.3.1/transforms/a6a8000e3d619b2c4950126d96461801/transformed/concurrent-futures-1.1.0/concurrent-futures-1.1.0_dex, /home/ubuntu/.gradle/caches/9.3.1/transforms/2ad569c66ff31f58748537504564249f/transformed/cursoradapter-1.0.0-runtime/cursoradapter-1.0.0-runtime_dex, /home/ubuntu/.gradle/caches/9.3.1/transforms/aade03e69087f095094cf11e3b369593/transformed/core-1.0.0-runtime/core-1.0.0-runtime_dex, /home/ubuntu/.gradle/caches/9.3.1/transforms/a2e316dd6d233d174ae6035eed34b499/transformed/documentfile-1.0.0-runtime/documentfile-1.0.0-runtime_dex, /home/ubuntu/.gradle/caches/9.3.1/transforms/73a6a3d83a2f301602f41ca558d45bd7/transformed/localbroadcastmanager-1.0.0-runtime/localbroadcastmanager-1.0.0-runtime_dex, /home/ubuntu/.gradle/caches/9.3.1/transforms/a46bf8a7a336f25982e75d3c61565a12/transformed/print-1.0.0-runtime/print-1.0.0-runtime_dex, /home/ubuntu/.gradle/caches/9.3.1/transforms/2c8efe72a81d117f1c0928ecf45058ca/transformed/tink-android-1.23.0/tink-android-1.23.0_dex, /home/ubuntu/.gradle/caches/9.3.1/transforms/a3731b707d87a9506ea2e7b4c649ffe7/transformed/annotation-jvm-1.10.0/annotation-jvm-1.10.0_dex, /home/ubuntu/.gradle/caches/9.3.1/transforms/923df5c7cd37ff2ffac806a596bd3acf/transformed/runtime-annotation-runtime/runtime-annotation-runtime_dex, /home/ubuntu/.gradle/caches/9.3.1/transforms/db4368c3b6324fda509222b28106f01e/transformed/kotlin-parcelize-runtime-1.9.22/kotlin-parcelize-runtime-1.9.22_dex, /home/ubuntu/.gradle/caches/9.3.1/transforms/711615c3b707eae0f2e3a1328cc0098c/transformed/okio-jvm-3.4.0/okio-jvm-3.4.0_dex, /home/ubuntu/.gradle/caches/9.3.1/transforms/4fdc3636f17bb05e7217e0bd236b1f4b/transformed/kotlinx-serialization-core-jvm-1.7.3/kotlinx-serialization-core-jvm-1.7.3_dex, /home/ubuntu/.gradle/caches/9.3.1/transforms/e4876f612fe07b5f8b59042c9294fb34/transformed/kotlin-android-extensions-runtime-1.9.22/kotlin-android-extensions-runtime-1.9.22_dex, /home/ubuntu/.gradle/caches/9.3.1/transforms/d6e33312309aeb68d22c620fa9e800b9/transformed/kotlin-stdlib-2.4.0/kotlin-stdlib-2.4.0_dex, /home/ubuntu/.gradle/caches/9.3.1/transforms/446fe64dffcbdfc3f177328232876104/transformed/annotations-23.0.0/annotations-23.0.0_dex, /home/ubuntu/.gradle/caches/9.3.1/transforms/079da99e5c4a7dab20d920928771c68c/transformed/gson-2.13.2/gson-2.13.2_dex, /home/ubuntu/.gradle/caches/9.3.1/transforms/d58cf33bd30cd05159de7f4db6ded60c/transformed/relinker-1.4.5-runtime/relinker-1.4.5-runtime_dex, /home/ubuntu/.gradle/caches/9.3.1/transforms/bd5585415ed11c8461a6852c156e5dbd/transformed/listenablefuture-1.0/listenablefuture-1.0_dex, /home/ubuntu/.gradle/caches/9.3.1/transforms/d114753efbc795b409a5d9a766893a55/transformed/jspecify-1.0.0/jspecify-1.0.0_dex, /home/ubuntu/.gradle/caches/9.3.1/transforms/5d99f36280fdde7b63d702e607c11bf6/transformed/error_prone_annotations-2.41.0/error_prone_annotations-2.41.0_dex, /home/ubuntu/.gradle/caches/9.3.1/transforms/0db8a95e43d00f349f8cb443f0c8d772/transformed/jsr305-3.0.2/jsr305-3.0.2_dex, and from all global synthetics files in 
[ +499 ms] Resolve mutations for :android_file_picker:bundleLibRuntimeToDirDebug (Thread[#55,included builds,5,main]) started.
[        ] :android_file_picker:bundleLibRuntimeToDirDebug (Thread[#55,included builds,5,main]) started.
[        ] > Task :android_file_picker:bundleLibRuntimeToDirDebug UP-TO-DATE
[        ] Caching disabled for task ':android_file_picker:bundleLibRuntimeToDirDebug' because:
[        ]   Build cache is disabled
[        ]   Simple merging task
[        ] Skipping task ':android_file_picker:bundleLibRuntimeToDirDebug' as it is up-to-date.
[        ] work action resolve bundleLibRuntimeToDirDebug (project :android_file_picker) (Thread[#55,included builds,5,main]) started.
[        ] ClassesDirToClassesTransform (Thread[#55,included builds,5,main]) started.
[        ] DexingNoClasspathTransform (Thread[#55,included builds,5,main]) started.
[        ] > Transform bundleLibRuntimeToDirDebug (project :android_file_picker) with DexingNoClasspathTransform
[        ] Caching disabled for DexingNoClasspathTransform: /home/ubuntu/FFM-source-2d123ad-v67/build/android_file_picker/intermediates/runtime_library_classes_dir/debug/bundleLibRuntimeToDirDebug because:
[        ]   Build cache is disabled
[        ] Skipping DexingNoClasspathTransform: /home/ubuntu/FFM-source-2d123ad-v67/build/android_file_picker/intermediates/runtime_library_classes_dir/debug/bundleLibRuntimeToDirDebug as it is up-to-date.
[        ] DexingOutputSplitTransform (Thread[#55,included builds,5,main]) started.
[        ] Resolve mutations for :flutter_local_notifications:bundleLibRuntimeToDirDebug (Thread[#55,included builds,5,main]) started.
[        ] :flutter_local_notifications:bundleLibRuntimeToDirDebug (Thread[#55,included builds,5,main]) started.
[        ] > Task :flutter_local_notifications:bundleLibRuntimeToDirDebug UP-TO-DATE
[        ] Caching disabled for task ':flutter_local_notifications:bundleLibRuntimeToDirDebug' because:
[        ]   Build cache is disabled
[        ]   Simple merging task
[        ] Skipping task ':flutter_local_notifications:bundleLibRuntimeToDirDebug' as it is up-to-date.
[        ] work action resolve bundleLibRuntimeToDirDebug (project :flutter_local_notifications) (Thread[#55,included builds,5,main]) started.
[        ] ClassesDirToClassesTransform (Thread[#55,included builds,5,main]) started.
[        ] DexingNoClasspathTransform (Thread[#55,included builds,5,main]) started.
[  +98 ms] > Transform bundleLibRuntimeToDirDebug (project :flutter_local_notifications) with DexingNoClasspathTransform
[        ] Caching disabled for DexingNoClasspathTransform: /home/ubuntu/FFM-source-2d123ad-v67/build/flutter_local_notifications/intermediates/runtime_library_classes_dir/debug/bundleLibRuntimeToDirDebug because:
[        ]   Build cache is disabled
[        ] Skipping DexingNoClasspathTransform: /home/ubuntu/FFM-source-2d123ad-v67/build/flutter_local_notifications/intermediates/runtime_library_classes_dir/debug/bundleLibRuntimeToDirDebug as it is up-to-date.
[        ] DexingOutputSplitTransform (Thread[#55,included builds,5,main]) started.
[        ] Resolve mutations for :image_picker_android:bundleLibRuntimeToDirDebug (Thread[#55,included builds,5,main]) started.
[        ] :image_picker_android:bundleLibRuntimeToDirDebug (Thread[#55,included builds,5,main]) started.
[        ] > Task :image_picker_android:bundleLibRuntimeToDirDebug
[        ] Caching disabled for task ':image_picker_android:bundleLibRuntimeToDirDebug' because:
[        ]   Build cache is disabled
[        ]   Simple merging task
[        ] Task ':image_picker_android:bundleLibRuntimeToDirDebug' is not up-to-date because:
[        ]   No history is available.
[        ] The input changes require a full rebuild for incremental task ':image_picker_android:bundleLibRuntimeToDirDebug'.
[        ] work action resolve bundleLibRuntimeToDirDebug (project :image_picker_android) (Thread[#55,included builds,5,main]) started.
[        ] ClassesDirToClassesTransform (Thread[#55,included builds,5,main]) started.
[        ] > Transform bundleLibRuntimeToDirDebug (project :image_picker_android) with ClassesDirToClassesTransform
[        ] Caching disabled for ClassesDirToClassesTransform: /home/ubuntu/FFM-source-2d123ad-v67/build/image_picker_android/intermediates/runtime_library_classes_dir/debug/bundleLibRuntimeToDirDebug because:
[        ]   Build cache is disabled
[        ]   Caching not enabled.
[        ] DexingNoClasspathTransform (Thread[#55,included builds,5,main]) started.
[ +299 ms] > Transform bundleLibRuntimeToDirDebug (project :image_picker_android) with DexingNoClasspathTransform
[        ] Caching disabled for DexingNoClasspathTransform: /home/ubuntu/FFM-source-2d123ad-v67/build/image_picker_android/intermediates/runtime_library_classes_dir/debug/bundleLibRuntimeToDirDebug because:
[        ]   Build cache is disabled
[        ] DexingNoClasspathTransform: /home/ubuntu/FFM-source-2d123ad-v67/build/image_picker_android/intermediates/runtime_library_classes_dir/debug/bundleLibRuntimeToDirDebug is not up-to-date because:
[        ]   No history is available.
[        ] The input changes require a full rebuild for incremental DexingNoClasspathTransform: /home/ubuntu/FFM-source-2d123ad-v67/build/image_picker_android/intermediates/runtime_library_classes_dir/debug/bundleLibRuntimeToDirDebug.
[        ] Running dexing transform non-incrementally for '/home/ubuntu/FFM-source-2d123ad-v67/build/image_picker_android/intermediates/runtime_library_classes_dir/debug/bundleLibRuntimeToDirDebug'
[        ] INFO: /home/ubuntu/FFM-source-2d123ad-v67/build/image_picker_android/intermediates/runtime_library_classes_dir/debug/bundleLibRuntimeToDirDebug/io/flutter/plugins/imagepicker/ImagePickerApi$Companion.class: D8: Type `kotlin.jvm.functions.Function1` was not found, it is required for default or static interface methods desugaring of `io.flutter.plugins.imagepicker.ImagePickerApi$Companion$$InternalSyntheticLambda$2$14f30f9418cdd6a4721d541e20afdd2ae8be58fb6a8cfd79b9a677f0fb911d11$0`
[        ] INFO: /home/ubuntu/FFM-source-2d123ad-v67/build/image_picker_android/intermediates/runtime_library_classes_dir/debug/bundleLibRuntimeToDirDebug/io/flutter/plugins/imagepicker/ImagePickerApi$Companion.class: D8: Type `kotlin.jvm.functions.Function0` was not found, it is required for default or static interface methods desugaring of `io.flutter.plugins.imagepicker.ImagePickerApi$Companion$$InternalSyntheticLambda$2$77ef9ba1985e8ccd141bc1dc297e2e33ddea68c277f10ed741bf6a5d58ebd7e4$0`
[        ] INFO: /home/ubuntu/FFM-source-2d123ad-v67/build/image_picker_android/intermediates/runtime_library_classes_dir/debug/bundleLibRuntimeToDirDebug/io/flutter/plugins/imagepicker/ImagePickerApi$Companion.class: D8: Type `io.flutter.plugin.common.BasicMessageChannel$MessageHandler` was not found, it is required for default or static interface methods desugaring of `io.flutter.plugins.imagepicker.ImagePickerApi$Companion$$InternalSyntheticLambda$2$ce9fabcfdcc884fbb3ae0d2663c7042bb2087c8bc4436b188221c8ce4617618c$0`
[        ] INFO: /home/ubuntu/FFM-source-2d123ad-v67/build/image_picker_android/intermediates/runtime_library_classes_dir/debug/bundleLibRuntimeToDirDebug/io/flutter/plugins/imagepicker/ImagePickerDelegate.class: D8: Type `io.flutter.plugin.common.PluginRegistry$ActivityResultListener` was not found, it is required for default or static interface methods desugaring of `io.flutter.plugins.imagepicker.ImagePickerDelegate`
[        ] INFO: /home/ubuntu/FFM-source-2d123ad-v67/build/image_picker_android/intermediates/runtime_library_classes_dir/debug/bundleLibRuntimeToDirDebug/io/flutter/plugins/imagepicker/ImagePickerDelegate.class: D8: Type `io.flutter.plugin.common.PluginRegistry$RequestPermissionsResultListener` was not found, it is required for default or static interface methods desugaring of `io.flutter.plugins.imagepicker.ImagePickerDelegate`
[        ] INFO: /home/ubuntu/FFM-source-2d123ad-v67/build/image_picker_android/intermediates/runtime_library_classes_dir/debug/bundleLibRuntimeToDirDebug/io/flutter/plugins/imagepicker/ImagePickerFileProvider.class: D8: Type `androidx.core.content.FileProvider` was not found, it is required for default or static interface methods desugaring of `io.flutter.plugins.imagepicker.ImagePickerFileProvider`
[        ] INFO: /home/ubuntu/FFM-source-2d123ad-v67/build/image_picker_android/intermediates/runtime_library_classes_dir/debug/bundleLibRuntimeToDirDebug/io/flutter/plugins/imagepicker/ImagePickerPlugin$LifeCycleObserver.class: D8: Type `androidx.lifecycle.DefaultLifecycleObserver` was not found, it is required for default or static interface methods desugaring of `io.flutter.plugins.imagepicker.ImagePickerPlugin$LifeCycleObserver`
[        ] INFO: /home/ubuntu/FFM-source-2d123ad-v67/build/image_picker_android/intermediates/runtime_library_classes_dir/debug/bundleLibRuntimeToDirDebug/io/flutter/plugins/imagepicker/ImagePickerPlugin.class: D8: Type `io.flutter.embedding.engine.plugins.FlutterPlugin` was not found, it is required for default or static interface methods desugaring of `io.flutter.plugins.imagepicker.ImagePickerPlugin`
[        ] INFO: /home/ubuntu/FFM-source-2d123ad-v67/build/image_picker_android/intermediates/runtime_library_classes_dir/debug/bundleLibRuntimeToDirDebug/io/flutter/plugins/imagepicker/ImagePickerPlugin.class: D8: Type `io.flutter.embedding.engine.plugins.activity.ActivityAware` was not found, it is required for default or static interface methods desugaring of `io.flutter.plugins.imagepicker.ImagePickerPlugin`
[        ] INFO: /home/ubuntu/FFM-source-2d123ad-v67/build/image_picker_android/intermediates/runtime_library_classes_dir/debug/bundleLibRuntimeToDirDebug/io/flutter/plugins/imagepicker/MessagesPigeonCodec.class: D8: Type `io.flutter.plugin.common.StandardMessageCodec` was not found, it is required for default or static interface methods desugaring of `io.flutter.plugins.imagepicker.MessagesPigeonCodec`
[        ] DexingOutputSplitTransform (Thread[#55,included builds,5,main]) started.
[        ] > Transform bundleLibRuntimeToDirDebug (project :image_picker_android) with DexingOutputSplitTransform
[        ] Caching disabled for DexingOutputSplitTransform: /home/ubuntu/FFM-source-2d123ad-v67/build/image_picker_android/.transforms/c1c320a542ff19beb7e7cf39ec098813/transformed/bundleLibRuntimeToDirDebug because:
[        ]   Build cache is disabled
[        ]   Caching not enabled.
[        ] Resolve mutations for :local_auth_android:bundleLibRuntimeToDirDebug (Thread[#55,included builds,5,main]) started.
[        ] :local_auth_android:bundleLibRuntimeToDirDebug (Thread[#55,included builds,5,main]) started.
[        ] > Task :local_auth_android:bundleLibRuntimeToDirDebug UP-TO-DATE
[        ] Caching disabled for task ':local_auth_android:bundleLibRuntimeToDirDebug' because:
[        ]   Build cache is disabled
[        ]   Simple merging task
[        ] Skipping task ':local_auth_android:bundleLibRuntimeToDirDebug' as it is up-to-date.
[        ] work action resolve bundleLibRuntimeToDirDebug (project :local_auth_android) (Thread[#55,included builds,5,main]) started.
[        ] ClassesDirToClassesTransform (Thread[#55,included builds,5,main]) started.
[        ] DexingNoClasspathTransform (Thread[#55,included builds,5,main]) started.
[        ] > Transform bundleLibRuntimeToDirDebug (project :local_auth_android) with DexingNoClasspathTransform
[        ] Caching disabled for DexingNoClasspathTransform: /home/ubuntu/FFM-source-2d123ad-v67/build/local_auth_android/intermediates/runtime_library_classes_dir/debug/bundleLibRuntimeToDirDebug because:
[        ]   Build cache is disabled
[        ] Skipping DexingNoClasspathTransform: /home/ubuntu/FFM-source-2d123ad-v67/build/local_auth_android/intermediates/runtime_library_classes_dir/debug/bundleLibRuntimeToDirDebug as it is up-to-date.
[        ] DexingOutputSplitTransform (Thread[#55,included builds,5,main]) started.
[        ] Resolve mutations for :flutter_plugin_android_lifecycle:bundleLibRuntimeToDirDebug (Thread[#55,included builds,5,main]) started.
[        ] :flutter_plugin_android_lifecycle:bundleLibRuntimeToDirDebug (Thread[#55,included builds,5,main]) started.
[        ] > Task :flutter_plugin_android_lifecycle:bundleLibRuntimeToDirDebug UP-TO-DATE
[        ] Caching disabled for task ':flutter_plugin_android_lifecycle:bundleLibRuntimeToDirDebug' because:
[        ]   Build cache is disabled
[        ]   Simple merging task
[        ] Skipping task ':flutter_plugin_android_lifecycle:bundleLibRuntimeToDirDebug' as it is up-to-date.
[        ] work action resolve bundleLibRuntimeToDirDebug (project :flutter_plugin_android_lifecycle) (Thread[#55,included builds,5,main]) started.
[        ] ClassesDirToClassesTransform (Thread[#55,included builds,5,main]) started.
[        ] DexingNoClasspathTransform (Thread[#55,included builds,5,main]) started.
[        ] > Transform bundleLibRuntimeToDirDebug (project :flutter_plugin_android_lifecycle) with DexingNoClasspathTransform
[        ] Caching disabled for DexingNoClasspathTransform: /home/ubuntu/FFM-source-2d123ad-v67/build/flutter_plugin_android_lifecycle/intermediates/runtime_library_classes_dir/debug/bundleLibRuntimeToDirDebug because:
[        ]   Build cache is disabled
[        ] Skipping DexingNoClasspathTransform: /home/ubuntu/FFM-source-2d123ad-v67/build/flutter_plugin_android_lifecycle/intermediates/runtime_library_classes_dir/debug/bundleLibRuntimeToDirDebug as it is up-to-date.
[        ] DexingOutputSplitTransform (Thread[#55,included builds,5,main]) started.
[        ] Resolve mutations for :flutter_secure_storage:bundleLibRuntimeToDirDebug (Thread[#55,included builds,5,main]) started.
[        ] :flutter_secure_storage:bundleLibRuntimeToDirDebug (Thread[#55,included builds,5,main]) started.
[        ] > Task :flutter_secure_storage:bundleLibRuntimeToDirDebug UP-TO-DATE
[        ] Caching disabled for task ':flutter_secure_storage:bundleLibRuntimeToDirDebug' because:
[        ]   Build cache is disabled
[        ]   Simple merging task
[        ] Skipping task ':flutter_secure_storage:bundleLibRuntimeToDirDebug' as it is up-to-date.
[        ] work action resolve bundleLibRuntimeToDirDebug (project :flutter_secure_storage) (Thread[#55,included builds,5,main]) started.
[        ] ClassesDirToClassesTransform (Thread[#55,included builds,5,main]) started.
[        ] DexingNoClasspathTransform (Thread[#55,included builds,5,main]) started.
[        ] > Transform bundleLibRuntimeToDirDebug (project :flutter_secure_storage) with DexingNoClasspathTransform
[        ] Caching disabled for DexingNoClasspathTransform: /home/ubuntu/FFM-source-2d123ad-v67/build/flutter_secure_storage/intermediates/runtime_library_classes_dir/debug/bundleLibRuntimeToDirDebug because:
[        ]   Build cache is disabled
[        ] Skipping DexingNoClasspathTransform: /home/ubuntu/FFM-source-2d123ad-v67/build/flutter_secure_storage/intermediates/runtime_library_classes_dir/debug/bundleLibRuntimeToDirDebug as it is up-to-date.
[        ] DexingOutputSplitTransform (Thread[#55,included builds,5,main]) started.
[        ] Resolve mutations for :jni_flutter:bundleLibRuntimeToDirDebug (Thread[#55,included builds,5,main]) started.
[        ] :jni_flutter:bundleLibRuntimeToDirDebug (Thread[#55,included builds,5,main]) started.
[        ] > Task :jni_flutter:bundleLibRuntimeToDirDebug UP-TO-DATE
[        ] Caching disabled for task ':jni_flutter:bundleLibRuntimeToDirDebug' because:
[        ]   Build cache is disabled
[        ]   Simple merging task
[        ] Skipping task ':jni_flutter:bundleLibRuntimeToDirDebug' as it is up-to-date.
[        ] work action resolve bundleLibRuntimeToDirDebug (project :jni_flutter) (Thread[#55,included builds,5,main]) started.
[        ] ClassesDirToClassesTransform (Thread[#55,included builds,5,main]) started.
[        ] DexingNoClasspathTransform (Thread[#55,included builds,5,main]) started.
[        ] > Transform bundleLibRuntimeToDirDebug (project :jni_flutter) with DexingNoClasspathTransform
[        ] Caching disabled for DexingNoClasspathTransform: /home/ubuntu/FFM-source-2d123ad-v67/build/jni_flutter/intermediates/runtime_library_classes_dir/debug/bundleLibRuntimeToDirDebug because:
[        ]   Build cache is disabled
[        ] Skipping DexingNoClasspathTransform: /home/ubuntu/FFM-source-2d123ad-v67/build/jni_flutter/intermediates/runtime_library_classes_dir/debug/bundleLibRuntimeToDirDebug as it is up-to-date.
[        ] DexingOutputSplitTransform (Thread[#55,included builds,5,main]) started.
[        ] Resolve mutations for :jni:bundleLibRuntimeToDirDebug (Thread[#55,included builds,5,main]) started.
[        ] :jni:bundleLibRuntimeToDirDebug (Thread[#55,included builds,5,main]) started.
[        ] > Task :jni:bundleLibRuntimeToDirDebug UP-TO-DATE
[        ] Caching disabled for task ':jni:bundleLibRuntimeToDirDebug' because:
[        ]   Build cache is disabled
[        ]   Simple merging task
[        ] Skipping task ':jni:bundleLibRuntimeToDirDebug' as it is up-to-date.
[        ] work action resolve bundleLibRuntimeToDirDebug (project :jni) (Thread[#55,included builds,5,main]) started.
[        ] ClassesDirToClassesTransform (Thread[#55,included builds,5,main]) started.
[        ] DexingNoClasspathTransform (Thread[#55,included builds,5,main]) started.
[        ] > Transform bundleLibRuntimeToDirDebug (project :jni) with DexingNoClasspathTransform
[        ] Caching disabled for DexingNoClasspathTransform: /home/ubuntu/FFM-source-2d123ad-v67/build/jni/intermediates/runtime_library_classes_dir/debug/bundleLibRuntimeToDirDebug because:
[        ]   Build cache is disabled
[        ] Skipping DexingNoClasspathTransform: /home/ubuntu/FFM-source-2d123ad-v67/build/jni/intermediates/runtime_library_classes_dir/debug/bundleLibRuntimeToDirDebug as it is up-to-date.
[        ] DexingOutputSplitTransform (Thread[#55,included builds,5,main]) started.
[        ] Resolve mutations for :printing:bundleLibRuntimeToDirDebug (Thread[#55,included builds,5,main]) started.
[        ] :printing:bundleLibRuntimeToDirDebug (Thread[#55,included builds,5,main]) started.
[        ] > Task :printing:bundleLibRuntimeToDirDebug UP-TO-DATE
[        ] Caching disabled for task ':printing:bundleLibRuntimeToDirDebug' because:
[        ]   Build cache is disabled
[        ]   Simple merging task
[        ] Skipping task ':printing:bundleLibRuntimeToDirDebug' as it is up-to-date.
[        ] work action resolve bundleLibRuntimeToDirDebug (project :printing) (Thread[#55,included builds,5,main]) started.
[        ] ClassesDirToClassesTransform (Thread[#55,included builds,5,main]) started.
[        ] DexingNoClasspathTransform (Thread[#55,included builds,5,main]) started.
[        ] > Transform bundleLibRuntimeToDirDebug (project :printing) with DexingNoClasspathTransform
[        ] Caching disabled for DexingNoClasspathTransform: /home/ubuntu/FFM-source-2d123ad-v67/build/printing/intermediates/runtime_library_classes_dir/debug/bundleLibRuntimeToDirDebug because:
[        ]   Build cache is disabled
[        ] Skipping DexingNoClasspathTransform: /home/ubuntu/FFM-source-2d123ad-v67/build/printing/intermediates/runtime_library_classes_dir/debug/bundleLibRuntimeToDirDebug as it is up-to-date.
[        ] DexingOutputSplitTransform (Thread[#55,included builds,5,main]) started.
[        ] Resolve mutations for :share_plus:bundleLibRuntimeToDirDebug (Thread[#55,included builds,5,main]) started.
[        ] :share_plus:bundleLibRuntimeToDirDebug (Thread[#55,included builds,5,main]) started.
[        ] > Task :share_plus:bundleLibRuntimeToDirDebug UP-TO-DATE
[        ] Caching disabled for task ':share_plus:bundleLibRuntimeToDirDebug' because:
[        ]   Build cache is disabled
[        ]   Simple merging task
[        ] Skipping task ':share_plus:bundleLibRuntimeToDirDebug' as it is up-to-date.
[        ] work action resolve bundleLibRuntimeToDirDebug (project :share_plus) (Thread[#55,included builds,5,main]) started.
[        ] ClassesDirToClassesTransform (Thread[#55,included builds,5,main]) started.
[        ] DexingNoClasspathTransform (Thread[#55,included builds,5,main]) started.
[        ] > Transform bundleLibRuntimeToDirDebug (project :share_plus) with DexingNoClasspathTransform
[        ] Caching disabled for DexingNoClasspathTransform: /home/ubuntu/FFM-source-2d123ad-v67/build/share_plus/intermediates/runtime_library_classes_dir/debug/bundleLibRuntimeToDirDebug because:
[        ]   Build cache is disabled
[        ] Skipping DexingNoClasspathTransform: /home/ubuntu/FFM-source-2d123ad-v67/build/share_plus/intermediates/runtime_library_classes_dir/debug/bundleLibRuntimeToDirDebug as it is up-to-date.
[        ] DexingOutputSplitTransform (Thread[#55,included builds,5,main]) started.
[        ] Resolve mutations for :shared_preferences_android:bundleLibRuntimeToDirDebug (Thread[#55,included builds,5,main]) started.
[        ] :shared_preferences_android:bundleLibRuntimeToDirDebug (Thread[#55,included builds,5,main]) started.
[        ] > Task :shared_preferences_android:bundleLibRuntimeToDirDebug UP-TO-DATE
[        ] Caching disabled for task ':shared_preferences_android:bundleLibRuntimeToDirDebug' because:
[        ]   Build cache is disabled
[        ]   Simple merging task
[        ] Skipping task ':shared_preferences_android:bundleLibRuntimeToDirDebug' as it is up-to-date.
[        ] work action resolve bundleLibRuntimeToDirDebug (project :shared_preferences_android) (Thread[#55,included builds,5,main]) started.
[        ] ClassesDirToClassesTransform (Thread[#55,included builds,5,main]) started.
[        ] DexingNoClasspathTransform (Thread[#55,included builds,5,main]) started.
[        ] > Transform bundleLibRuntimeToDirDebug (project :shared_preferences_android) with DexingNoClasspathTransform
[        ] Caching disabled for DexingNoClasspathTransform: /home/ubuntu/FFM-source-2d123ad-v67/build/shared_preferences_android/intermediates/runtime_library_classes_dir/debug/bundleLibRuntimeToDirDebug because:
[        ]   Build cache is disabled
[        ] Skipping DexingNoClasspathTransform: /home/ubuntu/FFM-source-2d123ad-v67/build/shared_preferences_android/intermediates/runtime_library_classes_dir/debug/bundleLibRuntimeToDirDebug as it is up-to-date.
[        ] DexingOutputSplitTransform (Thread[#55,included builds,5,main]) started.
[        ] Resolve mutations for :speech_to_text:bundleLibRuntimeToDirDebug (Thread[#55,included builds,5,main]) started.
[        ] :speech_to_text:bundleLibRuntimeToDirDebug (Thread[#55,included builds,5,main]) started.
[  +97 ms] > Task :speech_to_text:bundleLibRuntimeToDirDebug UP-TO-DATE
[        ] Caching disabled for task ':speech_to_text:bundleLibRuntimeToDirDebug' because:
[        ]   Build cache is disabled
[        ]   Simple merging task
[        ] Skipping task ':speech_to_text:bundleLibRuntimeToDirDebug' as it is up-to-date.
[        ] work action resolve bundleLibRuntimeToDirDebug (project :speech_to_text) (Thread[#55,included builds,5,main]) started.
[        ] ClassesDirToClassesTransform (Thread[#55,included builds,5,main]) started.
[        ] DexingNoClasspathTransform (Thread[#55,included builds,5,main]) started.
[        ] > Transform bundleLibRuntimeToDirDebug (project :speech_to_text) with DexingNoClasspathTransform
[        ] Caching disabled for DexingNoClasspathTransform: /home/ubuntu/FFM-source-2d123ad-v67/build/speech_to_text/intermediates/runtime_library_classes_dir/debug/bundleLibRuntimeToDirDebug because:
[        ]   Build cache is disabled
[        ] Skipping DexingNoClasspathTransform: /home/ubuntu/FFM-source-2d123ad-v67/build/speech_to_text/intermediates/runtime_library_classes_dir/debug/bundleLibRuntimeToDirDebug as it is up-to-date.
[        ] DexingOutputSplitTransform (Thread[#55,included builds,5,main]) started.
[        ] Resolve mutations for :whisper_cpp_flutter_plus:bundleLibRuntimeToDirDebug (Thread[#55,included builds,5,main]) started.
[        ] :whisper_cpp_flutter_plus:bundleLibRuntimeToDirDebug (Thread[#55,included builds,5,main]) started.
[        ] > Task :whisper_cpp_flutter_plus:bundleLibRuntimeToDirDebug UP-TO-DATE
[        ] Caching disabled for task ':whisper_cpp_flutter_plus:bundleLibRuntimeToDirDebug' because:
[        ]   Build cache is disabled
[        ]   Simple merging task
[        ] Skipping task ':whisper_cpp_flutter_plus:bundleLibRuntimeToDirDebug' as it is up-to-date.
[        ] work action resolve bundleLibRuntimeToDirDebug (project :whisper_cpp_flutter_plus) (Thread[#55,included builds,5,main]) started.
[        ] ClassesDirToClassesTransform (Thread[#55,included builds,5,main]) started.
[        ] DexingNoClasspathTransform (Thread[#55,included builds,5,main]) started.
[        ] > Transform bundleLibRuntimeToDirDebug (project :whisper_cpp_flutter_plus) with DexingNoClasspathTransform
[        ] Caching disabled for DexingNoClasspathTransform: /home/ubuntu/FFM-source-2d123ad-v67/build/whisper_cpp_flutter_plus/intermediates/runtime_library_classes_dir/debug/bundleLibRuntimeToDirDebug because:
[        ]   Build cache is disabled
[        ] Skipping DexingNoClasspathTransform: /home/ubuntu/FFM-source-2d123ad-v67/build/whisper_cpp_flutter_plus/intermediates/runtime_library_classes_dir/debug/bundleLibRuntimeToDirDebug as it is up-to-date.
[        ] DexingOutputSplitTransform (Thread[#55,included builds,5,main]) started.
[        ] Resolve mutations for :app:mergeLibDexDebug (Thread[#55,included builds,5,main]) started.
[        ] :app:mergeLibDexDebug (Thread[#55,included builds,5,main]) started.
[        ] > Task :app:mergeLibDexDebug
[        ] Caching disabled for task ':app:mergeLibDexDebug' because:
[        ]   Build cache is disabled
[        ] Task ':app:mergeLibDexDebug' is not up-to-date because:
[        ]   Input property 'dexDirs' file /home/ubuntu/FFM-source-2d123ad-v67/build/image_picker_android/.transforms/c1c320a542ff19beb7e7cf39ec098813/transformed/bundleLibRuntimeToDirDebug/bundleLibRuntimeToDirDebug_dex/io has been added.
[        ]   Input property 'dexDirs' file /home/ubuntu/FFM-source-2d123ad-v67/build/image_picker_android/.transforms/c1c320a542ff19beb7e7cf39ec098813/transformed/bundleLibRuntimeToDirDebug/bundleLibRuntimeToDirDebug_dex/io/flutter has been added.
[        ]   Input property 'dexDirs' file /home/ubuntu/FFM-source-2d123ad-v67/build/image_picker_android/.transforms/c1c320a542ff19beb7e7cf39ec098813/transformed/bundleLibRuntimeToDirDebug/bundleLibRuntimeToDirDebug_dex/io/flutter/plugins has been added.
[        ]   and more...
[   +1 ms] Merging to '/home/ubuntu/FFM-source-2d123ad-v67/build/app/intermediates/dex/debug/mergeLibDexDebug/5' with D8 from all or a subset of dex files in /home/ubuntu/FFM-source-2d123ad-v67/build/image_picker_android/.transforms/c1c320a542ff19beb7e7cf39ec098813/transformed/bundleLibRuntimeToDirDebug/bundleLibRuntimeToDirDebug_dex, /home/ubuntu/FFM-source-2d123ad-v67/build/image_picker_android/.transforms/c1c320a542ff19beb7e7cf39ec098813/transformed/bundleLibRuntimeToDirDebug/bundleLibRuntimeToDirDebug_dex, /home/ubuntu/FFM-source-2d123ad-v67/build/image_picker_android/.transforms/c1c320a542ff19beb7e7cf39ec098813/transformed/bundleLibRuntimeToDirDebug/bundleLibRuntimeToDirDebug_dex, /home/ubuntu/FFM-source-2d123ad-v67/build/image_picker_android/.transforms/c1c320a542ff19beb7e7cf39ec098813/transformed/bundleLibRuntimeToDirDebug/bundleLibRuntimeToDirDebug_dex, /home/ubuntu/FFM-source-2d123ad-v67/build/image_picker_android/.transforms/c1c320a542ff19beb7e7cf39ec098813/transformed/bundleLibRuntimeToDirDebug/bundleLibRuntimeToDirDebug_dex, /home/ubuntu/FFM-source-2d123ad-v67/build/image_picker_android/.transforms/c1c320a542ff19beb7e7cf39ec098813/transformed/bundleLibRuntimeToDirDebug/bundleLibRuntimeToDirDebug_dex, /home/ubuntu/FFM-source-2d123ad-v67/build/image_picker_android/.transforms/c1c320a542ff19beb7e7cf39ec098813/transformed/bundleLibRuntimeToDirDebug/bundleLibRuntimeToDirDebug_dex, /home/ubuntu/FFM-source-2d123ad-v67/build/image_picker_android/.transforms/c1c320a542ff19beb7e7cf39ec098813/transformed/bundleLibRuntimeToDirDebug/bundleLibRuntimeToDirDebug_dex, /home/ubuntu/FFM-source-2d123ad-v67/build/image_picker_android/.transforms/c1c320a542ff19beb7e7cf39ec098813/transformed/bundleLibRuntimeToDirDebug/bundleLibRuntimeToDirDebug_dex, /home/ubuntu/FFM-source-2d123ad-v67/build/image_picker_android/.transforms/c1c320a542ff19beb7e7cf39ec098813/transformed/bundleLibRuntimeToDirDebug/bundleLibRuntimeToDirDebug_dex, /home/ubuntu/FFM-source-2d123ad-v67/build/image_picker_android/.transforms/c1c320a542ff19beb7e7cf39ec098813/transformed/bundleLibRuntimeToDirDebug/bundleLibRuntimeToDirDebug_dex, /home/ubuntu/FFM-source-2d123ad-v67/build/image_picker_android/.transforms/c1c320a542ff19beb7e7cf39ec098813/transformed/bundleLibRuntimeToDirDebug/bundleLibRuntimeToDirDebug_dex, /home/ubuntu/FFM-source-2d123ad-v67/build/image_picker_android/.transforms/c1c320a542ff19beb7e7cf39ec098813/transformed/bundleLibRuntimeToDirDebug/bundleLibRuntimeToDirDebug_dex, /home/ubuntu/FFM-source-2d123ad-v67/build/image_picker_android/.transforms/c1c320a542ff19beb7e7cf39ec098813/transformed/bundleLibRuntimeToDirDebug/bundleLibRuntimeToDirDebug_dex, /home/ubuntu/FFM-source-2d123ad-v67/build/image_picker_android/.transforms/c1c320a542ff19beb7e7cf39ec098813/transformed/bundleLibRuntimeToDirDebug/bundleLibRuntimeToDirDebug_dex, /home/ubuntu/FFM-source-2d123ad-v67/build/image_picker_android/.transforms/c1c320a542ff19beb7e7cf39ec098813/transformed/bundleLibRuntimeToDirDebug/bundleLibRuntimeToDirDebug_dex, /home/ubuntu/FFM-source-2d123ad-v67/build/image_picker_android/.transforms/c1c320a542ff19beb7e7cf39ec098813/transformed/bundleLibRuntimeToDirDebug/bundleLibRuntimeToDirDebug_dex, /home/ubuntu/FFM-source-2d123ad-v67/build/image_picker_android/.transforms/c1c320a542ff19beb7e7cf39ec098813/transformed/bundleLibRuntimeToDirDebug/bundleLibRuntimeToDirDebug_dex, /home/ubuntu/FFM-source-2d123ad-v67/build/image_picker_android/.transforms/c1c320a542ff19beb7e7cf39ec098813/transformed/bundleLibRuntimeToDirDebug/bundleLibRuntimeToDirDebug_dex, /home/ubuntu/FFM-source-2d123ad-v67/build/image_picker_android/.transforms/c1c320a542ff19beb7e7cf39ec098813/transformed/bundleLibRuntimeToDirDebug/bundleLibRuntimeToDirDebug_dex, /home/ubuntu/FFM-source-2d123ad-v67/build/image_picker_android/.transforms/c1c320a542ff19beb7e7cf39ec098813/transformed/bundleLibRuntimeToDirDebug/bundleLibRuntimeToDirDebug_dex, /home/ubuntu/FFM-source-2d123ad-v67/build/image_picker_android/.transforms/c1c320a542ff19beb7e7cf39ec098813/transformed/bundleLibRuntimeToDirDebug/bundleLibRuntimeToDirDebug_dex, /home/ubuntu/FFM-source-2d123ad-v67/build/image_picker_android/.transforms/c1c320a542ff19beb7e7cf39ec098813/transformed/bundleLibRuntimeToDirDebug/bundleLibRuntimeToDirDebug_dex, /home/ubuntu/FFM-source-2d123ad-v67/build/image_picker_android/.transforms/c1c320a542ff19beb7e7cf39ec098813/transformed/bundleLibRuntimeToDirDebug/bundleLibRuntimeToDirDebug_dex, /home/ubuntu/FFM-source-2d123ad-v67/build/image_picker_android/.transforms/c1c320a542ff19beb7e7cf39ec098813/transformed/bundleLibRuntimeToDirDebug/bundleLibRuntimeToDirDebug_dex, /home/ubuntu/FFM-source-2d123ad-v67/build/image_picker_android/.transforms/c1c320a542ff19beb7e7cf39ec098813/transformed/bundleLibRuntimeToDirDebug/bundleLibRuntimeToDirDebug_dex, /home/ubuntu/FFM-source-2d123ad-v67/build/image_picker_android/.transforms/c1c320a542ff19beb7e7cf39ec098813/transformed/bundleLibRuntimeToDirDebug/bundleLibRuntimeToDirDebug_dex, /home/ubuntu/FFM-source-2d123ad-v67/build/image_picker_android/.transforms/c1c320a542ff19beb7e7cf39ec098813/transformed/bundleLibRuntimeToDirDebug/bundleLibRuntimeToDirDebug_dex, /home/ubuntu/FFM-source-2d123ad-v67/build/image_picker_android/.transforms/c1c320a542ff19beb7e7cf39ec098813/transformed/bundleLibRuntimeToDirDebug/bundleLibRuntimeToDirDebug_dex, /home/ubuntu/FFM-source-2d123ad-v67/build/image_picker_android/.transforms/c1c320a542ff19beb7e7cf39ec098813/transformed/bundleLibRuntimeToDirDebug/bundleLibRuntimeToDirDebug_dex, /home/ubuntu/FFM-source-2d123ad-v67/build/image_picker_android/.transforms/c1c320a542ff19beb7e7cf39ec098813/transformed/bundleLibRuntimeToDirDebug/bundleLibRuntimeToDirDebug_dex, /home/ubuntu/FFM-source-2d123ad-v67/build/image_picker_android/.transforms/c1c320a542ff19beb7e7cf39ec098813/transformed/bundleLibRuntimeToDirDebug/bundleLibRuntimeToDirDebug_dex, /home/ubuntu/FFM-source-2d123ad-v67/build/image_picker_android/.transforms/c1c320a542ff19beb7e7cf39ec098813/transformed/bundleLibRuntimeToDirDebug/bundleLibRuntimeToDirDebug_dex, /home/ubuntu/FFM-source-2d123ad-v67/build/image_picker_android/.transforms/c1c320a542ff19beb7e7cf39ec098813/transformed/bundleLibRuntimeToDirDebug/bundleLibRuntimeToDirDebug_dex, /home/ubuntu/FFM-source-2d123ad-v67/build/image_picker_android/.transforms/c1c320a542ff19beb7e7cf39ec098813/transformed/bundleLibRuntimeToDirDebug/bundleLibRuntimeToDirDebug_dex, /home/ubuntu/FFM-source-2d123ad-v67/build/image_picker_android/.transforms/c1c320a542ff19beb7e7cf39ec098813/transformed/bundleLibRuntimeToDirDebug/bundleLibRuntimeToDirDebug_dex, /home/ubuntu/FFM-source-2d123ad-v67/build/image_picker_android/.transforms/c1c320a542ff19beb7e7cf39ec098813/transformed/bundleLibRuntimeToDirDebug/bundleLibRuntimeToDirDebug_dex, /home/ubuntu/FFM-source-2d123ad-v67/build/image_picker_android/.transforms/c1c320a542ff19beb7e7cf39ec098813/transformed/bundleLibRuntimeToDirDebug/bundleLibRuntimeToDirDebug_dex, /home/ubuntu/FFM-source-2d123ad-v67/build/image_picker_android/.transforms/c1c320a542ff19beb7e7cf39ec098813/transformed/bundleLibRuntimeToDirDebug/bundleLibRuntimeToDirDebug_dex, /home/ubuntu/FFM-source-2d123ad-v67/build/image_picker_android/.transforms/c1c320a542ff19beb7e7cf39ec098813/transformed/bundleLibRuntimeToDirDebug/bundleLibRuntimeToDirDebug_dex, /home/ubuntu/FFM-source-2d123ad-v67/build/image_picker_android/.transforms/c1c320a542ff19beb7e7cf39ec098813/transformed/bundleLibRuntimeToDirDebug/bundleLibRuntimeToDirDebug_dex, /home/ubuntu/FFM-source-2d123ad-v67/build/image_picker_android/.transforms/c1c320a542ff19beb7e7cf39ec098813/transformed/bundleLibRuntimeToDirDebug/bundleLibRuntimeToDirDebug_dex, /home/ubuntu/FFM-source-2d123ad-v67/build/image_picker_android/.transforms/c1c320a542ff19beb7e7cf39ec098813/transformed/bundleLibRuntimeToDirDebug/bundleLibRuntimeToDirDebug_dex, /home/ubuntu/FFM-source-2d123ad-v67/build/image_picker_android/.transforms/c1c320a542ff19beb7e7cf39ec098813/transformed/bundleLibRuntimeToDirDebug/bundleLibRuntimeToDirDebug_dex, /home/ubuntu/FFM-source-2d123ad-v67/build/image_picker_android/.transforms/c1c320a542ff19beb7e7cf39ec098813/transformed/bundleLibRuntimeToDirDebug/bundleLibRuntimeToDirDebug_dex, /home/ubuntu/FFM-source-2d123ad-v67/build/image_picker_android/.transforms/c1c320a542ff19beb7e7cf39ec098813/transformed/bundleLibRuntimeToDirDebug/bundleLibRuntimeToDirDebug_dex, /home/ubuntu/FFM-source-2d123ad-v67/build/shared_preferences_android/.transforms/a1fa8866f2fe1162cbc35e4bccd98770/transformed/bundleLibRuntimeToDirDebug/bundleLibRuntimeToDirDebug_dex, /home/ubuntu/FFM-source-2d123ad-v67/build/shared_preferences_android/.transforms/a1fa8866f2fe1162cbc35e4bccd98770/transformed/bundleLibRuntimeToDirDebug/bundleLibRuntimeToDirDebug_dex, /home/ubuntu/FFM-source-2d123ad-v67/build/shared_preferences_android/.transforms/a1fa8866f2fe1162cbc35e4bccd98770/transformed/bundleLibRuntimeToDirDebug/bundleLibRuntimeToDirDebug_dex, /home/ubuntu/FFM-source-2d123ad-v67/build/shared_preferences_android/.transforms/a1fa8866f2fe1162cbc35e4bccd98770/transformed/bundleLibRuntimeToDirDebug/bundleLibRuntimeToDirDebug_dex, /home/ubuntu/FFM-source-2d123ad-v67/build/shared_preferences_android/.transforms/a1fa8866f2fe1162cbc35e4bccd98770/transformed/bundleLibRuntimeToDirDebug/bundleLibRuntimeToDirDebug_dex, /home/ubuntu/FFM-source-2d123ad-v67/build/shared_preferences_android/.transforms/a1fa8866f2fe1162cbc35e4bccd98770/transformed/bundleLibRuntimeToDirDebug/bundleLibRuntimeToDirDebug_dex, /home/ubuntu/FFM-source-2d123ad-v67/build/shared_preferences_android/.transforms/a1fa8866f2fe1162cbc35e4bccd98770/transformed/bundleLibRuntimeToDirDebug/bundleLibRuntimeToDirDebug_dex, /home/ubuntu/FFM-source-2d123ad-v67/build/shared_preferences_android/.transforms/a1fa8866f2fe1162cbc35e4bccd98770/transformed/bundleLibRuntimeToDirDebug/bundleLibRuntimeToDirDebug_dex, /home/ubuntu/FFM-source-2d123ad-v67/build/shared_preferences_android/.transforms/a1fa8866f2fe1162cbc35e4bccd98770/transformed/bundleLibRuntimeToDirDebug/bundleLibRuntimeToDirDebug_dex, /home/ubuntu/FFM-source-2d123ad-v67/build/shared_preferences_android/.transforms/a1fa8866f2fe1162cbc35e4bccd98770/transformed/bundleLibRuntimeToDirDebug/bundleLibRuntimeToDirDebug_dex, /home/ubuntu/FFM-source-2d123ad-v67/build/shared_preferences_android/.transforms/a1fa8866f2fe1162cbc35e4bccd98770/transformed/bundleLibRuntimeToDirDebug/bundleLibRuntimeToDirDebug_dex, /home/ubuntu/FFM-source-2d123ad-v67/build/shared_preferences_android/.transforms/a1fa8866f2fe1162cbc35e4bccd98770/transformed/bundleLibRuntimeToDirDebug/bundleLibRuntimeToDirDebug_dex, /home/ubuntu/FFM-source-2d123ad-v67/build/shared_preferences_android/.transforms/a1fa8866f2fe1162cbc35e4bccd98770/transformed/bundleLibRuntimeToDirDebug/bundleLibRuntimeToDirDebug_dex, /home/ubuntu/FFM-source-2d123ad-v67/build/shared_preferences_android/.transforms/a1fa8866f2fe1162cbc35e4bccd98770/transformed/bundleLibRuntimeToDirDebug/bundleLibRuntimeToDirDebug_dex, /home/ubuntu/FFM-source-2d123ad-v67/build/shared_preferences_android/.transforms/a1fa8866f2fe1162cbc35e4bccd98770/transformed/bundleLibRuntimeToDirDebug/bundleLibRuntimeToDirDebug_dex, /home/ubuntu/FFM-source-2d123ad-v67/build/shared_preferences_android/.transforms/a1fa8866f2fe1162cbc35e4bccd98770/transformed/bundleLibRuntimeToDirDebug/bundleLibRuntimeToDirDebug_dex, /home/ubuntu/FFM-source-2d123ad-v67/build/shared_preferences_android/.transforms/a1fa8866f2fe1162cbc35e4bccd98770/transformed/bundleLibRuntimeToDirDebug/bundleLibRuntimeToDirDebug_dex, /home/ubuntu/FFM-source-2d123ad-v67/build/shared_preferences_android/.transforms/a1fa8866f2fe1162cbc35e4bccd98770/transformed/bundleLibRuntimeToDirDebug/bundleLibRuntimeToDirDebug_dex, /home/ubuntu/FFM-source-2d123ad-v67/build/shared_preferences_android/.transforms/a1fa8866f2fe1162cbc35e4bccd98770/transformed/bundleLibRuntimeToDirDebug/bundleLibRuntimeToDirDebug_dex, /home/ubuntu/FFM-source-2d123ad-v67/build/shared_preferences_android/.transforms/a1fa8866f2fe1162cbc35e4bccd98770/transformed/bundleLibRuntimeToDirDebug/bundleLibRuntimeToDirDebug_dex, /home/ubuntu/FFM-source-2d123ad-v67/build/shared_preferences_android/.transforms/a1fa8866f2fe1162cbc35e4bccd98770/transformed/bundleLibRuntimeToDirDebug/bundleLibRuntimeToDirDebug_dex, /home/ubuntu/FFM-source-2d123ad-v67/build/shared_preferences_android/.transforms/a1fa8866f2fe1162cbc35e4bccd98770/transformed/bundleLibRuntimeToDirDebug/bundleLibRuntimeToDirDebug_dex, /home/ubuntu/FFM-source-2d123ad-v67/build/shared_preferences_android/.transforms/a1fa8866f2fe1162cbc35e4bccd98770/transformed/bundleLibRuntimeToDirDebug/bundleLibRuntimeToDirDebug_dex, /home/ubuntu/FFM-source-2d123ad-v67/build/shared_preferences_android/.transforms/a1fa8866f2fe1162cbc35e4bccd98770/transformed/bundleLibRuntimeToDirDebug/bundleLibRuntimeToDirDebug_dex, /home/ubuntu/FFM-source-2d123ad-v67/build/shared_preferences_android/.transforms/a1fa8866f2fe1162cbc35e4bccd98770/transformed/bundleLibRuntimeToDirDebug/bundleLibRuntimeToDirDebug_dex, /home/ubuntu/FFM-source-2d123ad-v67/build/shared_preferences_android/.transforms/a1fa8866f2fe1162cbc35e4bccd98770/transformed/bundleLibRuntimeToDirDebug/bundleLibRuntimeToDirDebug_dex, /home/ubuntu/FFM-source-2d123ad-v67/build/shared_preferences_android/.transforms/a1fa8866f2fe1162cbc35e4bccd98770/transformed/bundleLibRuntimeToDirDebug/bundleLibRuntimeToDirDebug_dex, /home/ubuntu/FFM-source-2d123ad-v67/build/shared_preferences_android/.transforms/a1fa8866f2fe1162cbc35e4bccd98770/transformed/bundleLibRuntimeToDirDebug/bundleLibRuntimeToDirDebug_dex, /home/ubuntu/FFM-source-2d123ad-v67/build/shared_preferences_android/.transforms/a1fa8866f2fe1162cbc35e4bccd98770/transformed/bundleLibRuntimeToDirDebug/bundleLibRuntimeToDirDebug_dex, /home/ubuntu/FFM-source-2d123ad-v67/build/shared_preferences_android/.transforms/a1fa8866f2fe1162cbc35e4bccd98770/transformed/bundleLibRuntimeToDirDebug/bundleLibRuntimeToDirDebug_dex, /home/ubuntu/FFM-source-2d123ad-v67/build/shared_preferences_android/.transforms/a1fa8866f2fe1162cbc35e4bccd98770/transformed/bundleLibRuntimeToDirDebug/bundleLibRuntimeToDirDebug_dex, /home/ubuntu/FFM-source-2d123ad-v67/build/shared_preferences_android/.transforms/a1fa8866f2fe1162cbc35e4bccd98770/transformed/bundleLibRuntimeToDirDebug/bundleLibRuntimeToDirDebug_dex, /home/ubuntu/FFM-source-2d123ad-v67/build/shared_preferences_android/.transforms/a1fa8866f2fe1162cbc35e4bccd98770/transformed/bundleLibRuntimeToDirDebug/bundleLibRuntimeToDirDebug_dex, /home/ubuntu/FFM-source-2d123ad-v67/build/shared_preferences_android/.transforms/a1fa8866f2fe1162cbc35e4bccd98770/transformed/bundleLibRuntimeToDirDebug/bundleLibRuntimeToDirDebug_dex, /home/ubuntu/FFM-source-2d123ad-v67/build/shared_preferences_android/.transforms/a1fa8866f2fe1162cbc35e4bccd98770/transformed/bundleLibRuntimeToDirDebug/bundleLibRuntimeToDirDebug_dex, /home/ubuntu/FFM-source-2d123ad-v67/build/shared_preferences_android/.transforms/a1fa8866f2fe1162cbc35e4bccd98770/transformed/bundleLibRuntimeToDirDebug/bundleLibRuntimeToDirDebug_dex, /home/ubuntu/FFM-source-2d123ad-v67/build/shared_preferences_android/.transforms/a1fa8866f2fe1162cbc35e4bccd98770/transformed/bundleLibRuntimeToDirDebug/bundleLibRuntimeToDirDebug_dex, /home/ubuntu/FFM-source-2d123ad-v67/build/shared_preferences_android/.transforms/a1fa8866f2fe1162cbc35e4bccd98770/transformed/bundleLibRuntimeToDirDebug/bundleLibRuntimeToDirDebug_dex, /home/ubuntu/FFM-source-2d123ad-v67/build/shared_preferences_android/.transforms/a1fa8866f2fe1162cbc35e4bccd98770/transformed/bundleLibRuntimeToDirDebug/bundleLibRuntimeToDirDebug_dex, /home/ubuntu/FFM-source-2d123ad-v67/build/shared_preferences_android/.transforms/a1fa8866f2fe1162cbc35e4bccd98770/transformed/bundleLibRuntimeToDirDebug/bundleLibRuntimeToDirDebug_dex, /home/ubuntu/FFM-source-2d123ad-v67/build/shared_preferences_android/.transforms/a1fa8866f2fe1162cbc35e4bccd98770/transformed/bundleLibRuntimeToDirDebug/bundleLibRuntimeToDirDebug_dex, /home/ubuntu/FFM-source-2d123ad-v67/build/shared_preferences_android/.transforms/a1fa8866f2fe1162cbc35e4bccd98770/transformed/bundleLibRuntimeToDirDebug/bundleLibRuntimeToDirDebug_dex, /home/ubuntu/FFM-source-2d123ad-v67/build/shared_preferences_android/.transforms/a1fa8866f2fe1162cbc35e4bccd98770/transformed/bundleLibRuntimeToDirDebug/bundleLibRuntimeToDirDebug_dex, /home/ubuntu/FFM-source-2d123ad-v67/build/shared_preferences_android/.transforms/a1fa8866f2fe1162cbc35e4bccd98770/transformed/bundleLibRuntimeToDirDebug/bundleLibRuntimeToDirDebug_dex, /home/ubuntu/FFM-source-2d123ad-v67/build/shared_preferences_android/.transforms/a1fa8866f2fe1162cbc35e4bccd98770/transformed/bundleLibRuntimeToDirDebug/bundleLibRuntimeToDirDebug_dex, /home/ubuntu/FFM-source-2d123ad-v67/build/shared_preferences_android/.transforms/a1fa8866f2fe1162cbc35e4bccd98770/transformed/bundleLibRuntimeToDirDebug/bundleLibRuntimeToDirDebug_dex, /home/ubuntu/FFM-source-2d123ad-v67/build/shared_preferences_android/.transforms/a1fa8866f2fe1162cbc35e4bccd98770/transformed/bundleLibRuntimeToDirDebug/bundleLibRuntimeToDirDebug_dex, /home/ubuntu/FFM-source-2d123ad-v67/build/shared_preferences_android/.transforms/a1fa8866f2fe1162cbc35e4bccd98770/transformed/bundleLibRuntimeToDirDebug/bundleLibRuntimeToDirDebug_dex, /home/ubuntu/FFM-source-2d123ad-v67/build/shared_preferences_android/.transforms/a1fa8866f2fe1162cbc35e4bccd98770/transformed/bundleLibRuntimeToDirDebug/bundleLibRuntimeToDirDebug_dex, /home/ubuntu/FFM-source-2d123ad-v67/build/shared_preferences_android/.transforms/a1fa8866f2fe1162cbc35e4bccd98770/transformed/bundleLibRuntimeToDirDebug/bundleLibRuntimeToDirDebug_dex, /home/ubuntu/FFM-source-2d123ad-v67/build/shared_preferences_android/.transforms/a1fa8866f2fe1162cbc35e4bccd98770/transformed/bundleLibRuntimeToDirDebug/bundleLibRuntimeToDirDebug_dex, /home/ubuntu/FFM-source-2d123ad-v67/build/shared_preferences_android/.transforms/a1fa8866f2fe1162cbc35e4bccd98770/transformed/bundleLibRuntimeToDirDebug/bundleLibRuntimeToDirDebug_dex, /home/ubuntu/FFM-source-2d123ad-v67/build/shared_preferences_android/.transforms/a1fa8866f2fe1162cbc35e4bccd98770/transformed/bundleLibRuntimeToDirDebug/bundleLibRuntimeToDirDebug_dex, /home/ubuntu/FFM-source-2d123ad-v67/build/shared_preferences_android/.transforms/a1fa8866f2fe1162cbc35e4bccd98770/transformed/bundleLibRuntimeToDirDebug/bundleLibRuntimeToDirDebug_dex, /home/ubuntu/FFM-source-2d123ad-v67/build/shared_preferences_android/.transforms/a1fa8866f2fe1162cbc35e4bccd98770/transformed/bundleLibRuntimeToDirDebug/bundleLibRuntimeToDirDebug_dex, /home/ubuntu/FFM-source-2d123ad-v67/build/shared_preferences_android/.transforms/a1fa8866f2fe1162cbc35e4bccd98770/transformed/bundleLibRuntimeToDirDebug/bundleLibRuntimeToDirDebug_dex, /home/ubuntu/FFM-source-2d123ad-v67/build/shared_preferences_android/.transforms/a1fa8866f2fe1162cbc35e4bccd98770/transformed/bundleLibRuntimeToDirDebug/bundleLibRuntimeToDirDebug_dex, /home/ubuntu/FFM-source-2d123ad-v67/build/shared_preferences_android/.transforms/a1fa8866f2fe1162cbc35e4bccd98770/transformed/bundleLibRuntimeToDirDebug/bundleLibRuntimeToDirDebug_dex, /home/ubuntu/FFM-source-2d123ad-v67/build/shared_preferences_android/.transforms/a1fa8866f2fe1162cbc35e4bccd98770/transformed/bundleLibRuntimeToDirDebug/bundleLibRuntimeToDirDebug_dex, /home/ubuntu/FFM-source-2d123ad-v67/build/shared_preferences_android/.transforms/a1fa8866f2fe1162cbc35e4bccd98770/transformed/bundleLibRuntimeToDirDebug/bundleLibRuntimeToDirDebug_dex, /home/ubuntu/FFM-source-2d123ad-v67/build/shared_preferences_android/.transforms/a1fa8866f2fe1162cbc35e4bccd98770/transformed/bundleLibRuntimeToDirDebug/bundleLibRuntimeToDirDebug_dex, /home/ubuntu/FFM-source-2d123ad-v67/build/shared_preferences_android/.transforms/a1fa8866f2fe1162cbc35e4bccd98770/transformed/bundleLibRuntimeToDirDebug/bundleLibRuntimeToDirDebug_dex, /home/ubuntu/FFM-source-2d123ad-v67/build/shared_preferences_android/.transforms/a1fa8866f2fe1162cbc35e4bccd98770/transformed/bundleLibRuntimeToDirDebug/bundleLibRuntimeToDirDebug_dex, /home/ubuntu/FFM-source-2d123ad-v67/build/shared_preferences_android/.transforms/a1fa8866f2fe1162cbc35e4bccd98770/transformed/bundleLibRuntimeToDirDebug/bundleLibRuntimeToDirDebug_dex, /home/ubuntu/FFM-source-2d123ad-v67/build/shared_preferences_android/.transforms/a1fa8866f2fe1162cbc35e4bccd98770/transformed/bundleLibRuntimeToDirDebug/bundleLibRuntimeToDirDebug_dex, /home/ubuntu/FFM-source-2d123ad-v67/build/shared_preferences_android/.transforms/a1fa8866f2fe1162cbc35e4bccd98770/transformed/bundleLibRuntimeToDirDebug/bundleLibRuntimeToDirDebug_dex, /home/ubuntu/FFM-source-2d123ad-v67/build/shared_preferences_android/.transforms/a1fa8866f2fe1162cbc35e4bccd98770/transformed/bundleLibRuntimeToDirDebug/bundleLibRuntimeToDirDebug_dex, /home/ubuntu/FFM-source-2d123ad-v67/build/shared_preferences_android/.transforms/a1fa8866f2fe1162cbc35e4bccd98770/transformed/bundleLibRuntimeToDirDebug/bundleLibRuntimeToDirDebug_dex, /home/ubuntu/FFM-source-2d123ad-v67/build/shared_preferences_android/.transforms/a1fa8866f2fe1162cbc35e4bccd98770/transformed/bundleLibRuntimeToDirDebug/bundleLibRuntimeToDirDebug_dex, and from all global synthetics files in 
[        ] Resolve mutations for :app:mergeProjectDexDebug (Thread[#55,included builds,5,main]) started.
[        ] :app:mergeProjectDexDebug (Thread[#55,included builds,5,main]) started.
[  +97 ms] > Task :app:mergeProjectDexDebug
[        ] Caching disabled for task ':app:mergeProjectDexDebug' because:
[        ]   Build cache is disabled
[        ] Task ':app:mergeProjectDexDebug' is not up-to-date because:
[        ]   Input property 'dexDirs' file /home/ubuntu/FFM-source-2d123ad-v67/build/app/intermediates/project_dex_archive/debug/dexBuilderDebug/out/9c68c58a178aa98b8d7520632005a8245fd9f58b4d0df55cfcd4235e9ba8585d_0.jar has been removed.
[        ]   Input property 'dexDirs' file /home/ubuntu/FFM-source-2d123ad-v67/build/app/intermediates/project_dex_archive/debug/dexBuilderDebug/out/9c68c58a178aa98b8d7520632005a8245fd9f58b4d0df55cfcd4235e9ba8585d_1.jar has been removed.
[        ]   Input property 'dexDirs' file /home/ubuntu/FFM-source-2d123ad-v67/build/app/intermediates/project_dex_archive/debug/dexBuilderDebug/out/9c68c58a178aa98b8d7520632005a8245fd9f58b4d0df55cfcd4235e9ba8585d_2.jar has been removed.
[        ]   and more...
[        ] Merging to '/home/ubuntu/FFM-source-2d123ad-v67/build/app/intermediates/dex/debug/mergeProjectDexDebug/0' with D8 from all or a subset of dex files in /home/ubuntu/FFM-source-2d123ad-v67/build/app/intermediates/project_dex_archive/debug/dexBuilderDebug/out/14920ab2b4fe4d21fe23eb55ff86fd6a0edc8f5f950730b5a98eb5effaa858f2_0.jar, /home/ubuntu/FFM-source-2d123ad-v67/build/app/intermediates/project_dex_archive/debug/dexBuilderDebug/out/14920ab2b4fe4d21fe23eb55ff86fd6a0edc8f5f950730b5a98eb5effaa858f2_1.jar, /home/ubuntu/FFM-source-2d123ad-v67/build/app/intermediates/project_dex_archive/debug/dexBuilderDebug/out/14920ab2b4fe4d21fe23eb55ff86fd6a0edc8f5f950730b5a98eb5effaa858f2_2.jar, and from all global synthetics files in 
[        ] Merging to '/home/ubuntu/FFM-source-2d123ad-v67/build/app/intermediates/dex/debug/mergeProjectDexDebug/1' with D8 from all or a subset of dex files in /home/ubuntu/FFM-source-2d123ad-v67/build/app/intermediates/project_dex_archive/debug/dexBuilderDebug/out, and from all global synthetics files in 
[        ] Merging to '/home/ubuntu/FFM-source-2d123ad-v67/build/app/intermediates/dex/debug/mergeProjectDexDebug/12' with D8 from all or a subset of dex files in /home/ubuntu/FFM-source-2d123ad-v67/build/app/intermediates/project_dex_archive/debug/dexBuilderDebug/out, /home/ubuntu/FFM-source-2d123ad-v67/build/app/intermediates/project_dex_archive/debug/dexBuilderDebug/out, and from all global synthetics files in 
[        ] Merging to '/home/ubuntu/FFM-source-2d123ad-v67/build/app/intermediates/dex/debug/mergeProjectDexDebug/14' with D8 from all or a subset of dex files in /home/ubuntu/FFM-source-2d123ad-v67/build/app/intermediates/project_dex_archive/debug/dexBuilderDebug/out, /home/ubuntu/FFM-source-2d123ad-v67/build/app/intermediates/project_dex_archive/debug/dexBuilderDebug/out, /home/ubuntu/FFM-source-2d123ad-v67/build/app/intermediates/project_dex_archive/debug/dexBuilderDebug/out, /home/ubuntu/FFM-source-2d123ad-v67/build/app/intermediates/project_dex_archive/debug/dexBuilderDebug/out, /home/ubuntu/FFM-source-2d123ad-v67/build/app/intermediates/project_dex_archive/debug/dexBuilderDebug/out, /home/ubuntu/FFM-source-2d123ad-v67/build/app/intermediates/project_dex_archive/debug/dexBuilderDebug/out, /home/ubuntu/FFM-source-2d123ad-v67/build/app/intermediates/project_dex_archive/debug/dexBuilderDebug/out, and from all global synthetics files in 
[        ] Resolve mutations for :android_file_picker:copyDebugJniLibsProjectOnly (Thread[#55,included builds,5,main]) started.
[        ] :android_file_picker:copyDebugJniLibsProjectOnly (Thread[#55,included builds,5,main]) started.
[        ] > Task :android_file_picker:copyDebugJniLibsProjectOnly UP-TO-DATE
[        ] Caching disabled for task ':android_file_picker:copyDebugJniLibsProjectOnly' because:
[        ]   Build cache is disabled
[        ]   Caching has been disabled for the task
[        ] Skipping task ':android_file_picker:copyDebugJniLibsProjectOnly' as it is up-to-date.
[        ] work action resolve jni (project :android_file_picker) (Thread[#55,included builds,5,main]) started.
[        ] Resolve mutations for :app:preProfileBuild (Thread[#55,included builds,5,main]) started.
[        ] :app:preProfileBuild (Thread[#55,included builds,5,main]) started.
[        ] > Task :app:preProfileBuild
[        ] Skipping task ':app:preProfileBuild' as it has no actions.
[        ] Resolve mutations for :app:configureCMakeRelease[arm64-v8a] (Thread[#55,included builds,5,main]) started.
[        ] :app:configureCMakeRelease[arm64-v8a] (Thread[#55,included builds,5,main]) started.
[  +99 ms] > Task :app:configureCMakeRelease[arm64-v8a]
[        ] Caching disabled for task ':app:configureCMakeRelease[arm64-v8a]' because:
[        ]   Build cache is disabled
[        ]   Caching has been disabled for the task
[        ] Task ':app:configureCMakeRelease[arm64-v8a]' is not up-to-date because:
[        ]   Task.upToDateWhen is false.
[        ] C/C++: Parsing legacy package: /home/ubuntu/android-sdk/cmdline-tools/latest
[        ] C/C++: SDK Manager found the following installed packages: build-tools;36.0.0 build-tools;37.0.0 cmake;3.22.1 ndk;26.3.11579264 ndk;28.2.13676358 platform-tools platforms;android-34 platforms;android-35 platforms;android-36 platforms;android-37.0
[        ] C/C++: /home/ubuntu/FFM-source-2d123ad-v67/android/app/src/main/cpp/CMakeLists.txt profile|arm64-v8a : Start JSON generation. Platform version: 26 min SDK version: arm64-v8a
[        ] C/C++: /home/ubuntu/FFM-source-2d123ad-v67/android/app/src/main/cpp/CMakeLists.txt profile|arm64-v8a : JSON '/home/ubuntu/FFM-source-2d123ad-v67/android/app/.cxx/Release/5wj5s5p5/arm64-v8a/android_gradle_build.json' was up-to-date
[        ] C/C++: /home/ubuntu/FFM-source-2d123ad-v67/android/app/src/main/cpp/CMakeLists.txt profile|arm64-v8a : JSON generation completed without problems
[        ] C/C++: /home/ubuntu/FFM-source-2d123ad-v67/android/app/src/main/cpp/CMakeLists.txt profile|arm64-v8a : Writing build model to /home/ubuntu/FFM-source-2d123ad-v67/build/app/intermediates/cxx/Release/5wj5s5p5/logs/arm64-v8a/build_model.json
[        ] Resolve mutations for :app:buildCMakeRelease[arm64-v8a] (Thread[#55,included builds,5,main]) started.
[        ] :app:buildCMakeRelease[arm64-v8a] (Thread[#55,included builds,5,main]) started.
[  +99 ms] > Task :app:buildCMakeRelease[arm64-v8a]
[        ] Caching disabled for task ':app:buildCMakeRelease[arm64-v8a]' because:
[        ]   Build cache is disabled
[        ]   Caching has been disabled for the task
[        ] Task ':app:buildCMakeRelease[arm64-v8a]' is not up-to-date because:
[        ]   Task.upToDateWhen is false.
[        ] C/C++: starting build
[        ] C/C++: reading expected JSONs
[        ] C/C++: done reading expected JSONs
[        ] C/C++: executing build commands for targets that produce .so files or executables
[        ] C/C++: evaluate miniconfig
[        ] C/C++: evaluate library llama (arm64-v8a)
[        ] C/C++: building target library llama because no targets are specified.
[        ] C/C++: evaluate library vendor-hash (arm64-v8a)
[        ] C/C++: not building target library vendor-hash because static libraries are not build by default.
[        ] C/C++: evaluate library ggml (arm64-v8a)
[        ] C/C++: building target library ggml because no targets are specified.
[        ] C/C++: evaluate library ggml-base (arm64-v8a)
[        ] C/C++: building target library ggml-base because no targets are specified.
[        ] C/C++: evaluate library mtmd (arm64-v8a)
[        ] C/C++: building target library mtmd because no targets are specified.
[        ] C/C++: evaluate library ffm_local_model_bridge (arm64-v8a)
[        ] C/C++: building target library ffm_local_model_bridge because no targets are specified.
[        ] C/C++: evaluate library ggml-cpu (arm64-v8a)
[        ] C/C++: building target library ggml-cpu because no targets are specified.
[        ] C/C++: about to build targets ffm_local_model_bridge, ggml, ggml-base, ggml-cpu, llama, mtmd
[        ] C/C++: Build multiple targets llama_arm64-v8a ggml_arm64-v8a ggml-base_arm64-v8a mtmd_arm64-v8a ffm_local_model_bridge_arm64-v8a ggml-cpu_arm64-v8a
[        ] C/C++: /home/ubuntu/android-sdk/cmake/3.22.1/bin/ninja \
[        ]   -C \
[        ]   /home/ubuntu/FFM-source-2d123ad-v67/android/app/.cxx/Release/5wj5s5p5/arm64-v8a \
[        ]   ffm_local_model_bridge \
[        ]   ggml \
[        ]   ggml-base \
[        ]   ggml-cpu \
[        ]   llama \
[        ]   mtmd
[        ] Starting process 'command '/home/ubuntu/android-sdk/cmake/3.22.1/bin/ninja''. Working directory: /home/ubuntu/FFM-source-2d123ad-v67/android/app Command: /home/ubuntu/android-sdk/cmake/3.22.1/bin/ninja -C /home/ubuntu/FFM-source-2d123ad-v67/android/app/.cxx/Release/5wj5s5p5/arm64-v8a ffm_local_model_bridge ggml ggml-base ggml-cpu llama mtmd
[        ] Successfully started process 'command '/home/ubuntu/android-sdk/cmake/3.22.1/bin/ninja''
[        ] C/C++: Received process result: 0
[        ] C/C++: check expected build outputs
[        ] C/C++: build complete
[        ] Resolve mutations for :app:copyJniLibsflutterBuildDebug (Thread[#55,included builds,5,main]) started.
[        ] :app:copyJniLibsflutterBuildDebug (Thread[#55,included builds,5,main]) started.
[        ] > Task :app:copyJniLibsflutterBuildDebug
[        ] Caching disabled for task ':app:copyJniLibsflutterBuildDebug' because:
[        ]   Build cache is disabled
[        ]   Caching has not been enabled for the task
[        ] Task ':app:copyJniLibsflutterBuildDebug' is not up-to-date because:
[        ]   Input property 'intermediateDir' file /home/ubuntu/FFM-source-2d123ad-v67/build/app/intermediates/flutter/debug/flutter_assets/NOTICES.Z has changed.
[        ]   Input property 'intermediateDir' file /home/ubuntu/FFM-source-2d123ad-v67/build/app/intermediates/flutter/debug/flutter_assets/kernel_blob.bin has changed.
[        ]   Input property 'intermediateDir' file /home/ubuntu/FFM-source-2d123ad-v67/build/app/intermediates/flutter/debug/flutter_build.d has changed.
[        ] file or directory '/home/ubuntu/FFM-source-2d123ad-v67/build/app/intermediates/flutter/debug/arm64-v8a', not found
[        ] Resolve mutations for :app:mergeDebugJniLibFolders (Thread[#55,included builds,5,main]) started.
[        ] :app:mergeDebugJniLibFolders (Thread[#55,included builds,5,main]) started.
[        ] > Task :app:mergeDebugJniLibFolders UP-TO-DATE
[        ] Caching disabled for task ':app:mergeDebugJniLibFolders' because:
[        ]   Build cache is disabled
[        ]   Simple merging task
[        ] Skipping task ':app:mergeDebugJniLibFolders' as it is up-to-date.
[        ] Resolve mutations for :flutter_local_notifications:mergeDebugJniLibFolders (Thread[#55,included builds,5,main]) started.
[        ] :flutter_local_notifications:mergeDebugJniLibFolders (Thread[#55,included builds,5,main]) started.
[        ] > Task :flutter_local_notifications:mergeDebugJniLibFolders UP-TO-DATE
[        ] Caching disabled for task ':flutter_local_notifications:mergeDebugJniLibFolders' because:
[        ]   Build cache is disabled
[        ]   Simple merging task
[        ] Skipping task ':flutter_local_notifications:mergeDebugJniLibFolders' as it is up-to-date.
[        ] Resolve mutations for :flutter_local_notifications:mergeDebugNativeLibs (Thread[#55,included builds,5,main]) started.
[        ] :flutter_local_notifications:mergeDebugNativeLibs (Thread[#55,included builds,5,main]) started.
[        ] > Task :flutter_local_notifications:mergeDebugNativeLibs NO-SOURCE
[        ] Skipping task ':flutter_local_notifications:mergeDebugNativeLibs' as it has no source files and no previous output files.
[        ] Resolve mutations for :flutter_local_notifications:copyDebugJniLibsProjectOnly (Thread[#55,included builds,5,main]) started.
[        ] :flutter_local_notifications:copyDebugJniLibsProjectOnly (Thread[#55,included builds,5,main]) started.
[        ] > Task :flutter_local_notifications:copyDebugJniLibsProjectOnly UP-TO-DATE
[        ] Caching disabled for task ':flutter_local_notifications:copyDebugJniLibsProjectOnly' because:
[        ]   Build cache is disabled
[        ]   Caching has been disabled for the task
[        ] Skipping task ':flutter_local_notifications:copyDebugJniLibsProjectOnly' as it is up-to-date.
[        ] work action resolve jni (project :flutter_local_notifications) (Thread[#55,included builds,5,main]) started.
[        ] Resolve mutations for :flutter_plugin_android_lifecycle:mergeDebugJniLibFolders (Thread[#55,included builds,5,main]) started.
[        ] :flutter_plugin_android_lifecycle:mergeDebugJniLibFolders (Thread[#55,included builds,5,main]) started.
[        ] > Task :flutter_plugin_android_lifecycle:mergeDebugJniLibFolders UP-TO-DATE
[        ] Caching disabled for task ':flutter_plugin_android_lifecycle:mergeDebugJniLibFolders' because:
[        ]   Build cache is disabled
[        ]   Simple merging task
[        ] Skipping task ':flutter_plugin_android_lifecycle:mergeDebugJniLibFolders' as it is up-to-date.
[        ] Resolve mutations for :flutter_plugin_android_lifecycle:mergeDebugNativeLibs (Thread[#55,included builds,5,main]) started.
[        ] :flutter_plugin_android_lifecycle:mergeDebugNativeLibs (Thread[#55,included builds,5,main]) started.
[        ] > Task :flutter_plugin_android_lifecycle:mergeDebugNativeLibs NO-SOURCE
[        ] Skipping task ':flutter_plugin_android_lifecycle:mergeDebugNativeLibs' as it has no source files and no previous output files.
[        ] Resolve mutations for :flutter_plugin_android_lifecycle:copyDebugJniLibsProjectOnly (Thread[#55,included builds,5,main]) started.
[        ] :flutter_plugin_android_lifecycle:copyDebugJniLibsProjectOnly (Thread[#55,included builds,5,main]) started.
[        ] > Task :flutter_plugin_android_lifecycle:copyDebugJniLibsProjectOnly UP-TO-DATE
[        ] Caching disabled for task ':flutter_plugin_android_lifecycle:copyDebugJniLibsProjectOnly' because:
[        ]   Build cache is disabled
[        ]   Caching has been disabled for the task
[        ] Skipping task ':flutter_plugin_android_lifecycle:copyDebugJniLibsProjectOnly' as it is up-to-date.
[        ] work action resolve jni (project :flutter_plugin_android_lifecycle) (Thread[#55,included builds,5,main]) started.
[        ] Resolve mutations for :flutter_secure_storage:mergeDebugJniLibFolders (Thread[#55,included builds,5,main]) started.
[        ] :flutter_secure_storage:mergeDebugJniLibFolders (Thread[#55,included builds,5,main]) started.
[        ] > Task :flutter_secure_storage:mergeDebugJniLibFolders UP-TO-DATE
[        ] Caching disabled for task ':flutter_secure_storage:mergeDebugJniLibFolders' because:
[        ]   Build cache is disabled
[        ]   Simple merging task
[        ] Skipping task ':flutter_secure_storage:mergeDebugJniLibFolders' as it is up-to-date.
[        ] Resolve mutations for :flutter_secure_storage:mergeDebugNativeLibs (Thread[#55,included builds,5,main]) started.
[        ] :flutter_secure_storage:mergeDebugNativeLibs (Thread[#55,included builds,5,main]) started.
[        ] > Task :flutter_secure_storage:mergeDebugNativeLibs NO-SOURCE
[        ] Skipping task ':flutter_secure_storage:mergeDebugNativeLibs' as it has no source files and no previous output files.
[        ] Resolve mutations for :flutter_secure_storage:copyDebugJniLibsProjectOnly (Thread[#55,included builds,5,main]) started.
[        ] :flutter_secure_storage:copyDebugJniLibsProjectOnly (Thread[#55,included builds,5,main]) started.
[        ] > Task :flutter_secure_storage:copyDebugJniLibsProjectOnly UP-TO-DATE
[        ] Caching disabled for task ':flutter_secure_storage:copyDebugJniLibsProjectOnly' because:
[        ]   Build cache is disabled
[        ]   Caching has been disabled for the task
[        ] Skipping task ':flutter_secure_storage:copyDebugJniLibsProjectOnly' as it is up-to-date.
[        ] work action resolve jni (project :flutter_secure_storage) (Thread[#55,included builds,5,main]) started.
[        ] Resolve mutations for :image_picker_android:mergeDebugJniLibFolders (Thread[#55,included builds,5,main]) started.
[        ] :image_picker_android:mergeDebugJniLibFolders (Thread[#55,included builds,5,main]) started.
[        ] > Task :image_picker_android:mergeDebugJniLibFolders
[        ] Caching disabled for task ':image_picker_android:mergeDebugJniLibFolders' because:
[        ]   Build cache is disabled
[        ]   Simple merging task
[        ] Task ':image_picker_android:mergeDebugJniLibFolders' is not up-to-date because:
[        ]   No history is available.
[        ] The input changes require a full rebuild for incremental task ':image_picker_android:mergeDebugJniLibFolders'.
[        ] Resolve mutations for :image_picker_android:mergeDebugNativeLibs (Thread[#55,included builds,5,main]) started.
[        ] :image_picker_android:mergeDebugNativeLibs (Thread[#55,included builds,5,main]) started.
[        ] > Task :image_picker_android:mergeDebugNativeLibs NO-SOURCE
[        ] Skipping task ':image_picker_android:mergeDebugNativeLibs' as it has no source files and no previous output files.
[        ] Resolve mutations for :image_picker_android:copyDebugJniLibsProjectOnly (Thread[#55,included builds,5,main]) started.
[        ] :image_picker_android:copyDebugJniLibsProjectOnly (Thread[#55,included builds,5,main]) started.
[        ] > Task :image_picker_android:copyDebugJniLibsProjectOnly
[        ] Caching disabled for task ':image_picker_android:copyDebugJniLibsProjectOnly' because:
[        ]   Build cache is disabled
[        ]   Caching has been disabled for the task
[        ] Task ':image_picker_android:copyDebugJniLibsProjectOnly' is not up-to-date because:
[        ]   No history is available.
[        ] work action resolve jni (project :image_picker_android) (Thread[#55,included builds,5,main]) started.
[        ] Resolve mutations for :jni:preProfileBuild (Thread[#55,included builds,5,main]) started.
[        ] :jni:preProfileBuild (Thread[#55,included builds,5,main]) started.
[        ] > Task :jni:preProfileBuild UP-TO-DATE
[        ] Skipping task ':jni:preProfileBuild' as it has no actions.
[        ] Resolve mutations for :jni:configureCMakeDebug[arm64-v8a] (Thread[#55,included builds,5,main]) started.
[        ] :jni:configureCMakeDebug[arm64-v8a] (Thread[#55,included builds,5,main]) started.
[        ] > Task :jni:configureCMakeDebug[arm64-v8a]
[        ] Caching disabled for task ':jni:configureCMakeDebug[arm64-v8a]' because:
[        ]   Build cache is disabled
[        ]   Caching has been disabled for the task
[        ] Task ':jni:configureCMakeDebug[arm64-v8a]' is not up-to-date because:
[        ]   Task.upToDateWhen is false.
[        ] C/C++: /home/ubuntu/.pub-cache/hosted/pub.dev/jni-1.0.3/src/CMakeLists.txt profile|arm64-v8a : Start JSON generation. Platform version: 21 min SDK version: arm64-v8a
[        ] C/C++: /home/ubuntu/.pub-cache/hosted/pub.dev/jni-1.0.3/src/CMakeLists.txt profile|arm64-v8a : JSON '/home/ubuntu/.pub-cache/hosted/pub.dev/jni-1.0.3/android/.cxx/Debug/x3z2o646/arm64-v8a/android_gradle_build.json' was up-to-date
[        ] C/C++: /home/ubuntu/.pub-cache/hosted/pub.dev/jni-1.0.3/src/CMakeLists.txt profile|arm64-v8a : JSON generation completed without problems
[        ] C/C++: /home/ubuntu/.pub-cache/hosted/pub.dev/jni-1.0.3/src/CMakeLists.txt profile|arm64-v8a : Writing build model to /home/ubuntu/FFM-source-2d123ad-v67/build/jni/intermediates/cxx/Debug/x3z2o646/logs/arm64-v8a/build_model.json
[        ] Resolve mutations for :jni:buildCMakeDebug[arm64-v8a] (Thread[#55,included builds,5,main]) started.
[        ] :jni:buildCMakeDebug[arm64-v8a] (Thread[#55,included builds,5,main]) started.
[        ] > Task :jni:buildCMakeDebug[arm64-v8a]
[        ] Caching disabled for task ':jni:buildCMakeDebug[arm64-v8a]' because:
[        ]   Build cache is disabled
[        ]   Caching has been disabled for the task
[        ] Task ':jni:buildCMakeDebug[arm64-v8a]' is not up-to-date because:
[        ]   Task.upToDateWhen is false.
[        ] C/C++: starting build
[        ] C/C++: reading expected JSONs
[        ] C/C++: done reading expected JSONs
[        ] C/C++: executing build commands for targets that produce .so files or executables
[        ] C/C++: evaluate miniconfig
[        ] C/C++: evaluate library jni (arm64-v8a)
[        ] C/C++: building target library jni because no targets are specified.
[        ] C/C++: about to build targets jni
[        ] C/C++: Build jni
[        ] C/C++: /home/ubuntu/android-sdk/cmake/3.22.1/bin/ninja \
[        ]   -C \
[        ]   /home/ubuntu/.pub-cache/hosted/pub.dev/jni-1.0.3/android/.cxx/Debug/x3z2o646/arm64-v8a \
[        ]   jni
[        ] Starting process 'command '/home/ubuntu/android-sdk/cmake/3.22.1/bin/ninja''. Working directory: /home/ubuntu/.pub-cache/hosted/pub.dev/jni-1.0.3/android Command: /home/ubuntu/android-sdk/cmake/3.22.1/bin/ninja -C /home/ubuntu/.pub-cache/hosted/pub.dev/jni-1.0.3/android/.cxx/Debug/x3z2o646/arm64-v8a jni
[        ] Successfully started process 'command '/home/ubuntu/android-sdk/cmake/3.22.1/bin/ninja''
[        ] C/C++: Received process result: 0
[        ] C/C++: check expected build outputs
[        ] C/C++: build complete
[        ] Resolve mutations for :jni:configureCMakeDebug[armeabi-v7a] (Thread[#55,included builds,5,main]) started.
[        ] :jni:configureCMakeDebug[armeabi-v7a] (Thread[#55,included builds,5,main]) started.
[        ] > Task :jni:configureCMakeDebug[armeabi-v7a]
[        ] Caching disabled for task ':jni:configureCMakeDebug[armeabi-v7a]' because:
[        ]   Build cache is disabled
[        ]   Caching has been disabled for the task
[        ] Task ':jni:configureCMakeDebug[armeabi-v7a]' is not up-to-date because:
[        ]   Task.upToDateWhen is false.
[        ] C/C++: /home/ubuntu/.pub-cache/hosted/pub.dev/jni-1.0.3/src/CMakeLists.txt profile|armeabi-v7a : Start JSON generation. Platform version: 21 min SDK version: armeabi-v7a
[        ] C/C++: /home/ubuntu/.pub-cache/hosted/pub.dev/jni-1.0.3/src/CMakeLists.txt profile|armeabi-v7a : JSON '/home/ubuntu/.pub-cache/hosted/pub.dev/jni-1.0.3/android/.cxx/Debug/x3z2o646/armeabi-v7a/android_gradle_build.json' was up-to-date
[        ] C/C++: /home/ubuntu/.pub-cache/hosted/pub.dev/jni-1.0.3/src/CMakeLists.txt profile|armeabi-v7a : JSON generation completed without problems
[        ] C/C++: /home/ubuntu/.pub-cache/hosted/pub.dev/jni-1.0.3/src/CMakeLists.txt profile|armeabi-v7a : Writing build model to /home/ubuntu/FFM-source-2d123ad-v67/build/jni/intermediates/cxx/Debug/x3z2o646/logs/armeabi-v7a/build_model.json
[        ] Resolve mutations for :jni:buildCMakeDebug[armeabi-v7a] (Thread[#55,included builds,5,main]) started.
[        ] :jni:buildCMakeDebug[armeabi-v7a] (Thread[#55,included builds,5,main]) started.
[        ] > Task :jni:buildCMakeDebug[armeabi-v7a]
[        ] Caching disabled for task ':jni:buildCMakeDebug[armeabi-v7a]' because:
[        ]   Build cache is disabled
[        ]   Caching has been disabled for the task
[        ] Task ':jni:buildCMakeDebug[armeabi-v7a]' is not up-to-date because:
[        ]   Task.upToDateWhen is false.
[        ] C/C++: starting build
[        ] C/C++: reading expected JSONs
[        ] C/C++: done reading expected JSONs
[        ] C/C++: executing build commands for targets that produce .so files or executables
[        ] C/C++: evaluate miniconfig
[        ] C/C++: evaluate library jni (armeabi-v7a)
[        ] C/C++: building target library jni because no targets are specified.
[        ] C/C++: about to build targets jni
[        ] C/C++: Build jni
[        ] C/C++: /home/ubuntu/android-sdk/cmake/3.22.1/bin/ninja \
[        ]   -C \
[        ]   /home/ubuntu/.pub-cache/hosted/pub.dev/jni-1.0.3/android/.cxx/Debug/x3z2o646/armeabi-v7a \
[        ]   jni
[        ] Starting process 'command '/home/ubuntu/android-sdk/cmake/3.22.1/bin/ninja''. Working directory: /home/ubuntu/.pub-cache/hosted/pub.dev/jni-1.0.3/android Command: /home/ubuntu/android-sdk/cmake/3.22.1/bin/ninja -C /home/ubuntu/.pub-cache/hosted/pub.dev/jni-1.0.3/android/.cxx/Debug/x3z2o646/armeabi-v7a jni
[        ] Successfully started process 'command '/home/ubuntu/android-sdk/cmake/3.22.1/bin/ninja''
[        ] C/C++: Received process result: 0
[        ] C/C++: check expected build outputs
[        ] C/C++: build complete
[        ] Resolve mutations for :jni:configureCMakeDebug[x86] (Thread[#55,included builds,5,main]) started.
[        ] :jni:configureCMakeDebug[x86] (Thread[#55,included builds,5,main]) started.
[        ] > Task :jni:configureCMakeDebug[x86]
[        ] Caching disabled for task ':jni:configureCMakeDebug[x86]' because:
[        ]   Build cache is disabled
[        ]   Caching has been disabled for the task
[        ] Task ':jni:configureCMakeDebug[x86]' is not up-to-date because:
[        ]   Task.upToDateWhen is false.
[        ] C/C++: /home/ubuntu/.pub-cache/hosted/pub.dev/jni-1.0.3/src/CMakeLists.txt profile|x86 : Start JSON generation. Platform version: 21 min SDK version: x86
[        ] C/C++: /home/ubuntu/.pub-cache/hosted/pub.dev/jni-1.0.3/src/CMakeLists.txt profile|x86 : JSON '/home/ubuntu/.pub-cache/hosted/pub.dev/jni-1.0.3/android/.cxx/Debug/x3z2o646/x86/android_gradle_build.json' was up-to-date
[        ] C/C++: /home/ubuntu/.pub-cache/hosted/pub.dev/jni-1.0.3/src/CMakeLists.txt profile|x86 : JSON generation completed without problems
[        ] C/C++: /home/ubuntu/.pub-cache/hosted/pub.dev/jni-1.0.3/src/CMakeLists.txt profile|x86 : Writing build model to /home/ubuntu/FFM-source-2d123ad-v67/build/jni/intermediates/cxx/Debug/x3z2o646/logs/x86/build_model.json
[        ] Resolve mutations for :jni:buildCMakeDebug[x86] (Thread[#55,included builds,5,main]) started.
[        ] :jni:buildCMakeDebug[x86] (Thread[#55,included builds,5,main]) started.
[        ] > Task :jni:buildCMakeDebug[x86]
[        ] Caching disabled for task ':jni:buildCMakeDebug[x86]' because:
[        ]   Build cache is disabled
[        ]   Caching has been disabled for the task
[        ] Task ':jni:buildCMakeDebug[x86]' is not up-to-date because:
[        ]   Task.upToDateWhen is false.
[        ] C/C++: starting build
[        ] C/C++: reading expected JSONs
[        ] C/C++: done reading expected JSONs
[        ] C/C++: executing build commands for targets that produce .so files or executables
[        ] C/C++: evaluate miniconfig
[        ] C/C++: evaluate library jni (x86)
[        ] C/C++: building target library jni because no targets are specified.
[        ] C/C++: about to build targets jni
[        ] C/C++: Build jni
[        ] C/C++: /home/ubuntu/android-sdk/cmake/3.22.1/bin/ninja \
[        ]   -C \
[        ]   /home/ubuntu/.pub-cache/hosted/pub.dev/jni-1.0.3/android/.cxx/Debug/x3z2o646/x86 \
[        ]   jni
[        ] Starting process 'command '/home/ubuntu/android-sdk/cmake/3.22.1/bin/ninja''. Working directory: /home/ubuntu/.pub-cache/hosted/pub.dev/jni-1.0.3/android Command: /home/ubuntu/android-sdk/cmake/3.22.1/bin/ninja -C /home/ubuntu/.pub-cache/hosted/pub.dev/jni-1.0.3/android/.cxx/Debug/x3z2o646/x86 jni
[        ] Successfully started process 'command '/home/ubuntu/android-sdk/cmake/3.22.1/bin/ninja''
[        ] C/C++: Received process result: 0
[        ] C/C++: check expected build outputs
[        ] C/C++: build complete
[        ] Resolve mutations for :jni:configureCMakeDebug[x86_64] (Thread[#55,included builds,5,main]) started.
[        ] :jni:configureCMakeDebug[x86_64] (Thread[#55,included builds,5,main]) started.
[        ] > Task :jni:configureCMakeDebug[x86_64]
[        ] Caching disabled for task ':jni:configureCMakeDebug[x86_64]' because:
[        ]   Build cache is disabled
[        ]   Caching has been disabled for the task
[        ] Task ':jni:configureCMakeDebug[x86_64]' is not up-to-date because:
[        ]   Task.upToDateWhen is false.
[        ] C/C++: /home/ubuntu/.pub-cache/hosted/pub.dev/jni-1.0.3/src/CMakeLists.txt profile|x86_64 : Start JSON generation. Platform version: 21 min SDK version: x86_64
[        ] C/C++: /home/ubuntu/.pub-cache/hosted/pub.dev/jni-1.0.3/src/CMakeLists.txt profile|x86_64 : JSON '/home/ubuntu/.pub-cache/hosted/pub.dev/jni-1.0.3/android/.cxx/Debug/x3z2o646/x86_64/android_gradle_build.json' was up-to-date
[        ] C/C++: /home/ubuntu/.pub-cache/hosted/pub.dev/jni-1.0.3/src/CMakeLists.txt profile|x86_64 : JSON generation completed without problems
[        ] C/C++: /home/ubuntu/.pub-cache/hosted/pub.dev/jni-1.0.3/src/CMakeLists.txt profile|x86_64 : Writing build model to /home/ubuntu/FFM-source-2d123ad-v67/build/jni/intermediates/cxx/Debug/x3z2o646/logs/x86_64/build_model.json
[        ] Resolve mutations for :jni:buildCMakeDebug[x86_64] (Thread[#55,included builds,5,main]) started.
[        ] :jni:buildCMakeDebug[x86_64] (Thread[#55,included builds,5,main]) started.
[  +95 ms] > Task :jni:buildCMakeDebug[x86_64]
[        ] Caching disabled for task ':jni:buildCMakeDebug[x86_64]' because:
[        ]   Build cache is disabled
[        ]   Caching has been disabled for the task
[        ] Task ':jni:buildCMakeDebug[x86_64]' is not up-to-date because:
[        ]   Task.upToDateWhen is false.
[        ] C/C++: starting build
[        ] C/C++: reading expected JSONs
[        ] C/C++: done reading expected JSONs
[        ] C/C++: executing build commands for targets that produce .so files or executables
[        ] C/C++: evaluate miniconfig
[        ] C/C++: evaluate library jni (x86_64)
[        ] C/C++: building target library jni because no targets are specified.
[        ] C/C++: about to build targets jni
[        ] C/C++: Build jni
[        ] C/C++: /home/ubuntu/android-sdk/cmake/3.22.1/bin/ninja \
[        ]   -C \
[        ]   /home/ubuntu/.pub-cache/hosted/pub.dev/jni-1.0.3/android/.cxx/Debug/x3z2o646/x86_64 \
[        ]   jni
[        ] Starting process 'command '/home/ubuntu/android-sdk/cmake/3.22.1/bin/ninja''. Working directory: /home/ubuntu/.pub-cache/hosted/pub.dev/jni-1.0.3/android Command: /home/ubuntu/android-sdk/cmake/3.22.1/bin/ninja -C /home/ubuntu/.pub-cache/hosted/pub.dev/jni-1.0.3/android/.cxx/Debug/x3z2o646/x86_64 jni
[        ] Successfully started process 'command '/home/ubuntu/android-sdk/cmake/3.22.1/bin/ninja''
[        ] C/C++: Received process result: 0
[        ] C/C++: check expected build outputs
[        ] C/C++: build complete
[        ] Resolve mutations for :jni:mergeDebugJniLibFolders (Thread[#55,included builds,5,main]) started.
[        ] :jni:mergeDebugJniLibFolders (Thread[#55,included builds,5,main]) started.
[        ] > Task :jni:mergeDebugJniLibFolders UP-TO-DATE
[        ] Caching disabled for task ':jni:mergeDebugJniLibFolders' because:
[        ]   Build cache is disabled
[        ]   Simple merging task
[        ] Skipping task ':jni:mergeDebugJniLibFolders' as it is up-to-date.
[        ] Resolve mutations for :jni:mergeDebugNativeLibs (Thread[#55,included builds,5,main]) started.
[        ] :jni:mergeDebugNativeLibs (Thread[#55,included builds,5,main]) started.
[        ] > Task :jni:mergeDebugNativeLibs UP-TO-DATE
[        ] Caching disabled for task ':jni:mergeDebugNativeLibs' because:
[        ]   Build cache is disabled
[        ]   Caching has been disabled for the task
[        ] Skipping task ':jni:mergeDebugNativeLibs' as it is up-to-date.
[        ] Resolve mutations for :jni:copyDebugJniLibsProjectOnly (Thread[#55,included builds,5,main]) started.
[        ] :jni:copyDebugJniLibsProjectOnly (Thread[#55,included builds,5,main]) started.
[        ] > Task :jni:copyDebugJniLibsProjectOnly UP-TO-DATE
[        ] Caching disabled for task ':jni:copyDebugJniLibsProjectOnly' because:
[        ]   Build cache is disabled
[        ]   Caching has been disabled for the task
[        ] Skipping task ':jni:copyDebugJniLibsProjectOnly' as it is up-to-date.
[        ] work action resolve jni (project :jni) (Thread[#55,included builds,5,main]) started.
[        ] Resolve mutations for :jni_flutter:mergeDebugJniLibFolders (Thread[#55,included builds,5,main]) started.
[        ] :jni_flutter:mergeDebugJniLibFolders (Thread[#55,included builds,5,main]) started.
[        ] > Task :jni_flutter:mergeDebugJniLibFolders UP-TO-DATE
[        ] Caching disabled for task ':jni_flutter:mergeDebugJniLibFolders' because:
[        ]   Build cache is disabled
[        ]   Simple merging task
[        ] Skipping task ':jni_flutter:mergeDebugJniLibFolders' as it is up-to-date.
[        ] Resolve mutations for :jni_flutter:mergeDebugNativeLibs (Thread[#55,included builds,5,main]) started.
[        ] :jni_flutter:mergeDebugNativeLibs (Thread[#55,included builds,5,main]) started.
[        ] > Task :jni_flutter:mergeDebugNativeLibs NO-SOURCE
[        ] Skipping task ':jni_flutter:mergeDebugNativeLibs' as it has no source files and no previous output files.
[        ] Resolve mutations for :jni_flutter:copyDebugJniLibsProjectOnly (Thread[#55,included builds,5,main]) started.
[        ] :jni_flutter:copyDebugJniLibsProjectOnly (Thread[#55,included builds,5,main]) started.
[        ] > Task :jni_flutter:copyDebugJniLibsProjectOnly UP-TO-DATE
[        ] Caching disabled for task ':jni_flutter:copyDebugJniLibsProjectOnly' because:
[        ]   Build cache is disabled
[        ]   Caching has been disabled for the task
[        ] Skipping task ':jni_flutter:copyDebugJniLibsProjectOnly' as it is up-to-date.
[        ] work action resolve jni (project :jni_flutter) (Thread[#55,included builds,5,main]) started.
[        ] Resolve mutations for :local_auth_android:mergeDebugJniLibFolders (Thread[#55,included builds,5,main]) started.
[        ] :local_auth_android:mergeDebugJniLibFolders (Thread[#55,included builds,5,main]) started.
[        ] > Task :local_auth_android:mergeDebugJniLibFolders UP-TO-DATE
[        ] Caching disabled for task ':local_auth_android:mergeDebugJniLibFolders' because:
[        ]   Build cache is disabled
[        ]   Simple merging task
[        ] Skipping task ':local_auth_android:mergeDebugJniLibFolders' as it is up-to-date.
[        ] Resolve mutations for :local_auth_android:mergeDebugNativeLibs (Thread[#55,included builds,5,main]) started.
[        ] :local_auth_android:mergeDebugNativeLibs (Thread[#55,included builds,5,main]) started.
[        ] > Task :local_auth_android:mergeDebugNativeLibs NO-SOURCE
[        ] Skipping task ':local_auth_android:mergeDebugNativeLibs' as it has no source files and no previous output files.
[        ] Resolve mutations for :local_auth_android:copyDebugJniLibsProjectOnly (Thread[#55,included builds,5,main]) started.
[        ] :local_auth_android:copyDebugJniLibsProjectOnly (Thread[#55,included builds,5,main]) started.
[        ] > Task :local_auth_android:copyDebugJniLibsProjectOnly UP-TO-DATE
[        ] Caching disabled for task ':local_auth_android:copyDebugJniLibsProjectOnly' because:
[        ]   Build cache is disabled
[        ]   Caching has been disabled for the task
[        ] Skipping task ':local_auth_android:copyDebugJniLibsProjectOnly' as it is up-to-date.
[        ] work action resolve jni (project :local_auth_android) (Thread[#55,included builds,5,main]) started.
[        ] Resolve mutations for :printing:mergeDebugJniLibFolders (Thread[#55,included builds,5,main]) started.
[        ] :printing:mergeDebugJniLibFolders (Thread[#55,included builds,5,main]) started.
[        ] > Task :printing:mergeDebugJniLibFolders UP-TO-DATE
[        ] Caching disabled for task ':printing:mergeDebugJniLibFolders' because:
[        ]   Build cache is disabled
[        ]   Simple merging task
[        ] Skipping task ':printing:mergeDebugJniLibFolders' as it is up-to-date.
[        ] Resolve mutations for :printing:mergeDebugNativeLibs (Thread[#55,included builds,5,main]) started.
[        ] :printing:mergeDebugNativeLibs (Thread[#55,included builds,5,main]) started.
[        ] > Task :printing:mergeDebugNativeLibs NO-SOURCE
[        ] Skipping task ':printing:mergeDebugNativeLibs' as it has no source files and no previous output files.
[        ] Resolve mutations for :printing:copyDebugJniLibsProjectOnly (Thread[#55,included builds,5,main]) started.
[        ] :printing:copyDebugJniLibsProjectOnly (Thread[#55,included builds,5,main]) started.
[        ] > Task :printing:copyDebugJniLibsProjectOnly UP-TO-DATE
[        ] Caching disabled for task ':printing:copyDebugJniLibsProjectOnly' because:
[        ]   Build cache is disabled
[        ]   Caching has been disabled for the task
[        ] Skipping task ':printing:copyDebugJniLibsProjectOnly' as it is up-to-date.
[        ] work action resolve jni (project :printing) (Thread[#55,included builds,5,main]) started.
[        ] Resolve mutations for :share_plus:mergeDebugJniLibFolders (Thread[#55,included builds,5,main]) started.
[        ] :share_plus:mergeDebugJniLibFolders (Thread[#55,included builds,5,main]) started.
[        ] > Task :share_plus:mergeDebugJniLibFolders UP-TO-DATE
[        ] Caching disabled for task ':share_plus:mergeDebugJniLibFolders' because:
[        ]   Build cache is disabled
[        ]   Simple merging task
[        ] Skipping task ':share_plus:mergeDebugJniLibFolders' as it is up-to-date.
[        ] Resolve mutations for :share_plus:mergeDebugNativeLibs (Thread[#55,included builds,5,main]) started.
[        ] :share_plus:mergeDebugNativeLibs (Thread[#55,included builds,5,main]) started.
[        ] > Task :share_plus:mergeDebugNativeLibs NO-SOURCE
[        ] Skipping task ':share_plus:mergeDebugNativeLibs' as it has no source files and no previous output files.
[        ] Resolve mutations for :share_plus:copyDebugJniLibsProjectOnly (Thread[#55,included builds,5,main]) started.
[        ] :share_plus:copyDebugJniLibsProjectOnly (Thread[#55,included builds,5,main]) started.
[        ] > Task :share_plus:copyDebugJniLibsProjectOnly UP-TO-DATE
[        ] Caching disabled for task ':share_plus:copyDebugJniLibsProjectOnly' because:
[        ]   Build cache is disabled
[        ]   Caching has been disabled for the task
[        ] Skipping task ':share_plus:copyDebugJniLibsProjectOnly' as it is up-to-date.
[        ] work action resolve jni (project :share_plus) (Thread[#55,included builds,5,main]) started.
[        ] Resolve mutations for :shared_preferences_android:mergeDebugJniLibFolders (Thread[#55,included builds,5,main]) started.
[        ] :shared_preferences_android:mergeDebugJniLibFolders (Thread[#55,included builds,5,main]) started.
[        ] > Task :shared_preferences_android:mergeDebugJniLibFolders UP-TO-DATE
[        ] Caching disabled for task ':shared_preferences_android:mergeDebugJniLibFolders' because:
[        ]   Build cache is disabled
[        ]   Simple merging task
[        ] Skipping task ':shared_preferences_android:mergeDebugJniLibFolders' as it is up-to-date.
[        ] Resolve mutations for :shared_preferences_android:mergeDebugNativeLibs (Thread[#55,included builds,5,main]) started.
[        ] :shared_preferences_android:mergeDebugNativeLibs (Thread[#55,included builds,5,main]) started.
[        ] > Task :shared_preferences_android:mergeDebugNativeLibs NO-SOURCE
[        ] Skipping task ':shared_preferences_android:mergeDebugNativeLibs' as it has no source files and no previous output files.
[        ] Resolve mutations for :shared_preferences_android:copyDebugJniLibsProjectOnly (Thread[#55,included builds,5,main]) started.
[        ] :shared_preferences_android:copyDebugJniLibsProjectOnly (Thread[#55,included builds,5,main]) started.
[        ] > Task :shared_preferences_android:copyDebugJniLibsProjectOnly UP-TO-DATE
[        ] Caching disabled for task ':shared_preferences_android:copyDebugJniLibsProjectOnly' because:
[        ]   Build cache is disabled
[        ]   Caching has been disabled for the task
[        ] Skipping task ':shared_preferences_android:copyDebugJniLibsProjectOnly' as it is up-to-date.
[        ] work action resolve jni (project :shared_preferences_android) (Thread[#55,included builds,5,main]) started.
[        ] Resolve mutations for :speech_to_text:mergeDebugJniLibFolders (Thread[#55,included builds,5,main]) started.
[        ] :speech_to_text:mergeDebugJniLibFolders (Thread[#55,included builds,5,main]) started.
[        ] > Task :speech_to_text:mergeDebugJniLibFolders UP-TO-DATE
[        ] Caching disabled for task ':speech_to_text:mergeDebugJniLibFolders' because:
[        ]   Build cache is disabled
[        ]   Simple merging task
[        ] Skipping task ':speech_to_text:mergeDebugJniLibFolders' as it is up-to-date.
[        ] Resolve mutations for :speech_to_text:mergeDebugNativeLibs (Thread[#55,included builds,5,main]) started.
[        ] :speech_to_text:mergeDebugNativeLibs (Thread[#55,included builds,5,main]) started.
[        ] > Task :speech_to_text:mergeDebugNativeLibs NO-SOURCE
[        ] Skipping task ':speech_to_text:mergeDebugNativeLibs' as it has no source files and no previous output files.
[        ] Resolve mutations for :speech_to_text:copyDebugJniLibsProjectOnly (Thread[#55,included builds,5,main]) started.
[        ] :speech_to_text:copyDebugJniLibsProjectOnly (Thread[#55,included builds,5,main]) started.
[        ] > Task :speech_to_text:copyDebugJniLibsProjectOnly UP-TO-DATE
[        ] Caching disabled for task ':speech_to_text:copyDebugJniLibsProjectOnly' because:
[        ]   Build cache is disabled
[        ]   Caching has been disabled for the task
[        ] Skipping task ':speech_to_text:copyDebugJniLibsProjectOnly' as it is up-to-date.
[        ] work action resolve jni (project :speech_to_text) (Thread[#55,included builds,5,main]) started.
[        ] Resolve mutations for :whisper_cpp_flutter_plus:preProfileBuild (Thread[#55,included builds,5,main]) started.
[        ] :whisper_cpp_flutter_plus:preProfileBuild (Thread[#55,included builds,5,main]) started.
[        ] > Task :whisper_cpp_flutter_plus:preProfileBuild UP-TO-DATE
[        ] Skipping task ':whisper_cpp_flutter_plus:preProfileBuild' as it has no actions.
[        ] Resolve mutations for :whisper_cpp_flutter_plus:configureCMakeDebug[arm64-v8a] (Thread[#55,included builds,5,main]) started.
[        ] :whisper_cpp_flutter_plus:configureCMakeDebug[arm64-v8a] (Thread[#55,included builds,5,main]) started.
[        ] > Task :whisper_cpp_flutter_plus:configureCMakeDebug[arm64-v8a]
[        ] Caching disabled for task ':whisper_cpp_flutter_plus:configureCMakeDebug[arm64-v8a]' because:
[        ]   Build cache is disabled
[        ]   Caching has been disabled for the task
[        ] Task ':whisper_cpp_flutter_plus:configureCMakeDebug[arm64-v8a]' is not up-to-date because:
[        ]   Task.upToDateWhen is false.
[        ] C/C++: /home/ubuntu/.pub-cache/hosted/pub.dev/whisper_cpp_flutter_plus-0.4.0/CMakeLists.txt profile|arm64-v8a : Start JSON generation. Platform version: 24 min SDK version: arm64-v8a
[        ] C/C++: /home/ubuntu/.pub-cache/hosted/pub.dev/whisper_cpp_flutter_plus-0.4.0/CMakeLists.txt profile|arm64-v8a : JSON '/home/ubuntu/.pub-cache/hosted/pub.dev/whisper_cpp_flutter_plus-0.4.0/android/.cxx/Debug/422x4vg4/arm64-v8a/android_gradle_build.json' was up-to-date
[        ] C/C++: /home/ubuntu/.pub-cache/hosted/pub.dev/whisper_cpp_flutter_plus-0.4.0/CMakeLists.txt profile|arm64-v8a : JSON generation completed without problems
[        ] C/C++: /home/ubuntu/.pub-cache/hosted/pub.dev/whisper_cpp_flutter_plus-0.4.0/CMakeLists.txt profile|arm64-v8a : Writing build model to /home/ubuntu/FFM-source-2d123ad-v67/build/whisper_cpp_flutter_plus/intermediates/cxx/Debug/422x4vg4/logs/arm64-v8a/build_model.json
[        ] Resolve mutations for :whisper_cpp_flutter_plus:buildCMakeDebug[arm64-v8a] (Thread[#55,included builds,5,main]) started.
[        ] :whisper_cpp_flutter_plus:buildCMakeDebug[arm64-v8a] (Thread[#55,included builds,5,main]) started.
[        ] > Task :whisper_cpp_flutter_plus:buildCMakeDebug[arm64-v8a]
[        ] Caching disabled for task ':whisper_cpp_flutter_plus:buildCMakeDebug[arm64-v8a]' because:
[        ]   Build cache is disabled
[        ]   Caching has been disabled for the task
[        ] Task ':whisper_cpp_flutter_plus:buildCMakeDebug[arm64-v8a]' is not up-to-date because:
[        ]   Task.upToDateWhen is false.
[        ] C/C++: starting build
[        ] C/C++: reading expected JSONs
[        ] C/C++: done reading expected JSONs
[        ] C/C++: executing build commands for targets that produce .so files or executables
[        ] C/C++: evaluate miniconfig
[        ] C/C++: evaluate library whisper (arm64-v8a)
[        ] C/C++: building target library whisper because no targets are specified.
[        ] C/C++: evaluate library parakeet (arm64-v8a)
[        ] C/C++: building target library parakeet because no targets are specified.
[        ] C/C++: evaluate library ggml (arm64-v8a)
[        ] C/C++: building target library ggml because no targets are specified.
[        ] C/C++: evaluate library ggml-base (arm64-v8a)
[        ] C/C++: building target library ggml-base because no targets are specified.
[        ] C/C++: evaluate library whisper_flutter (arm64-v8a)
[        ] C/C++: building target library whisper_flutter because no targets are specified.
[        ] C/C++: evaluate library ggml-cpu (arm64-v8a)
[        ] C/C++: building target library ggml-cpu because no targets are specified.
[        ] C/C++: about to build targets ggml, ggml-base, ggml-cpu, parakeet, whisper, whisper_flutter
[        ] C/C++: Build multiple targets whisper_arm64-v8a parakeet_arm64-v8a ggml_arm64-v8a ggml-base_arm64-v8a whisper_flutter_arm64-v8a ggml-cpu_arm64-v8a
[        ] C/C++: /home/ubuntu/android-sdk/cmake/3.22.1/bin/ninja \
[        ]   -C \
[        ]   /home/ubuntu/.pub-cache/hosted/pub.dev/whisper_cpp_flutter_plus-0.4.0/android/.cxx/Debug/422x4vg4/arm64-v8a \
[        ]   ggml \
[        ]   ggml-base \
[        ]   ggml-cpu \
[        ]   parakeet \
[        ]   whisper \
[        ]   whisper_flutter
[        ] Starting process 'command '/home/ubuntu/android-sdk/cmake/3.22.1/bin/ninja''. Working directory: /home/ubuntu/.pub-cache/hosted/pub.dev/whisper_cpp_flutter_plus-0.4.0/android Command: /home/ubuntu/android-sdk/cmake/3.22.1/bin/ninja -C /home/ubuntu/.pub-cache/hosted/pub.dev/whisper_cpp_flutter_plus-0.4.0/android/.cxx/Debug/422x4vg4/arm64-v8a ggml ggml-base ggml-cpu parakeet whisper whisper_flutter
[        ] Successfully started process 'command '/home/ubuntu/android-sdk/cmake/3.22.1/bin/ninja''
[        ] C/C++: Received process result: 0
[        ] C/C++: check expected build outputs
[        ] C/C++: build complete
[        ] Resolve mutations for :whisper_cpp_flutter_plus:configureCMakeDebug[armeabi-v7a] (Thread[#55,included builds,5,main]) started.
[        ] :whisper_cpp_flutter_plus:configureCMakeDebug[armeabi-v7a] (Thread[#55,included builds,5,main]) started.
[        ] > Task :whisper_cpp_flutter_plus:configureCMakeDebug[armeabi-v7a]
[        ] Caching disabled for task ':whisper_cpp_flutter_plus:configureCMakeDebug[armeabi-v7a]' because:
[        ]   Build cache is disabled
[        ]   Caching has been disabled for the task
[        ] Task ':whisper_cpp_flutter_plus:configureCMakeDebug[armeabi-v7a]' is not up-to-date because:
[        ]   Task.upToDateWhen is false.
[        ] C/C++: /home/ubuntu/.pub-cache/hosted/pub.dev/whisper_cpp_flutter_plus-0.4.0/CMakeLists.txt profile|armeabi-v7a : Start JSON generation. Platform version: 24 min SDK version: armeabi-v7a
[        ] C/C++: /home/ubuntu/.pub-cache/hosted/pub.dev/whisper_cpp_flutter_plus-0.4.0/CMakeLists.txt profile|armeabi-v7a : JSON '/home/ubuntu/.pub-cache/hosted/pub.dev/whisper_cpp_flutter_plus-0.4.0/android/.cxx/Debug/422x4vg4/armeabi-v7a/android_gradle_build.json' was up-to-date
[        ] C/C++: /home/ubuntu/.pub-cache/hosted/pub.dev/whisper_cpp_flutter_plus-0.4.0/CMakeLists.txt profile|armeabi-v7a : JSON generation completed without problems
[        ] C/C++: /home/ubuntu/.pub-cache/hosted/pub.dev/whisper_cpp_flutter_plus-0.4.0/CMakeLists.txt profile|armeabi-v7a : Writing build model to /home/ubuntu/FFM-source-2d123ad-v67/build/whisper_cpp_flutter_plus/intermediates/cxx/Debug/422x4vg4/logs/armeabi-v7a/build_model.json
[        ] Resolve mutations for :whisper_cpp_flutter_plus:buildCMakeDebug[armeabi-v7a] (Thread[#55,included builds,5,main]) started.
[        ] :whisper_cpp_flutter_plus:buildCMakeDebug[armeabi-v7a] (Thread[#55,included builds,5,main]) started.
[        ] > Task :whisper_cpp_flutter_plus:buildCMakeDebug[armeabi-v7a]
[        ] Caching disabled for task ':whisper_cpp_flutter_plus:buildCMakeDebug[armeabi-v7a]' because:
[        ]   Build cache is disabled
[        ]   Caching has been disabled for the task
[        ] Task ':whisper_cpp_flutter_plus:buildCMakeDebug[armeabi-v7a]' is not up-to-date because:
[        ]   Task.upToDateWhen is false.
[        ] C/C++: starting build
[        ] C/C++: reading expected JSONs
[        ] C/C++: done reading expected JSONs
[        ] C/C++: executing build commands for targets that produce .so files or executables
[        ] C/C++: evaluate miniconfig
[        ] C/C++: evaluate library whisper (armeabi-v7a)
[        ] C/C++: building target library whisper because no targets are specified.
[        ] C/C++: evaluate library parakeet (armeabi-v7a)
[        ] C/C++: building target library parakeet because no targets are specified.
[        ] C/C++: evaluate library ggml (armeabi-v7a)
[        ] C/C++: building target library ggml because no targets are specified.
[        ] C/C++: evaluate library ggml-base (armeabi-v7a)
[        ] C/C++: building target library ggml-base because no targets are specified.
[        ] C/C++: evaluate library whisper_flutter (armeabi-v7a)
[        ] C/C++: building target library whisper_flutter because no targets are specified.
[        ] C/C++: evaluate library ggml-cpu (armeabi-v7a)
[        ] C/C++: building target library ggml-cpu because no targets are specified.
[        ] C/C++: about to build targets ggml, ggml-base, ggml-cpu, parakeet, whisper, whisper_flutter
[        ] C/C++: Build multiple targets whisper_armeabi-v7a parakeet_armeabi-v7a ggml_armeabi-v7a ggml-base_armeabi-v7a whisper_flutter_armeabi-v7a ggml-cpu_armeabi-v7a
[        ] C/C++: /home/ubuntu/android-sdk/cmake/3.22.1/bin/ninja \
[        ]   -C \
[        ]   /home/ubuntu/.pub-cache/hosted/pub.dev/whisper_cpp_flutter_plus-0.4.0/android/.cxx/Debug/422x4vg4/armeabi-v7a \
[        ]   ggml \
[        ]   ggml-base \
[        ]   ggml-cpu \
[        ]   parakeet \
[        ]   whisper \
[        ]   whisper_flutter
[        ] Starting process 'command '/home/ubuntu/android-sdk/cmake/3.22.1/bin/ninja''. Working directory: /home/ubuntu/.pub-cache/hosted/pub.dev/whisper_cpp_flutter_plus-0.4.0/android Command: /home/ubuntu/android-sdk/cmake/3.22.1/bin/ninja -C /home/ubuntu/.pub-cache/hosted/pub.dev/whisper_cpp_flutter_plus-0.4.0/android/.cxx/Debug/422x4vg4/armeabi-v7a ggml ggml-base ggml-cpu parakeet whisper whisper_flutter
[        ] Successfully started process 'command '/home/ubuntu/android-sdk/cmake/3.22.1/bin/ninja''
[        ] C/C++: Received process result: 0
[        ] C/C++: check expected build outputs
[        ] C/C++: build complete
[        ] Resolve mutations for :whisper_cpp_flutter_plus:mergeDebugJniLibFolders (Thread[#55,included builds,5,main]) started.
[        ] :whisper_cpp_flutter_plus:mergeDebugJniLibFolders (Thread[#55,included builds,5,main]) started.
[        ] > Task :whisper_cpp_flutter_plus:mergeDebugJniLibFolders UP-TO-DATE
[        ] Caching disabled for task ':whisper_cpp_flutter_plus:mergeDebugJniLibFolders' because:
[        ]   Build cache is disabled
[        ]   Simple merging task
[        ] Skipping task ':whisper_cpp_flutter_plus:mergeDebugJniLibFolders' as it is up-to-date.
[        ] Resolve mutations for :whisper_cpp_flutter_plus:mergeDebugNativeLibs (Thread[#55,included builds,5,main]) started.
[        ] :whisper_cpp_flutter_plus:mergeDebugNativeLibs (Thread[#55,included builds,5,main]) started.
[        ] > Task :whisper_cpp_flutter_plus:mergeDebugNativeLibs UP-TO-DATE
[        ] Caching disabled for task ':whisper_cpp_flutter_plus:mergeDebugNativeLibs' because:
[        ]   Build cache is disabled
[        ]   Caching has been disabled for the task
[        ] Skipping task ':whisper_cpp_flutter_plus:mergeDebugNativeLibs' as it is up-to-date.
[        ] Resolve mutations for :whisper_cpp_flutter_plus:copyDebugJniLibsProjectOnly (Thread[#55,included builds,5,main]) started.
[        ] :whisper_cpp_flutter_plus:copyDebugJniLibsProjectOnly (Thread[#55,included builds,5,main]) started.
[        ] > Task :whisper_cpp_flutter_plus:copyDebugJniLibsProjectOnly UP-TO-DATE
[        ] Caching disabled for task ':whisper_cpp_flutter_plus:copyDebugJniLibsProjectOnly' because:
[        ]   Build cache is disabled
[        ]   Caching has been disabled for the task
[        ] Skipping task ':whisper_cpp_flutter_plus:copyDebugJniLibsProjectOnly' as it is up-to-date.
[        ] work action resolve jni (project :whisper_cpp_flutter_plus) (Thread[#55,included builds,5,main]) started.
[        ] Resolve mutations for :app:mergeDebugNativeLibs (Thread[#55,included builds,5,main]) started.
[        ] :app:mergeDebugNativeLibs (Thread[#55,included builds,5,main]) started.
[  +94 ms] > Task :app:mergeDebugNativeLibs UP-TO-DATE
[        ] Caching disabled for AarTransform: /home/ubuntu/.gradle/caches/9.3.1/transforms/39181d7ce1fc170d8b944eed27d52074/transformed/activity-ktx-1.12.4 because:
[        ]   Build cache is disabled
[        ]   Caching not enabled.
[        ] Caching disabled for AarTransform: /home/ubuntu/.gradle/caches/9.3.1/transforms/54153e64d0eee9e14adfe22df61734e4/transformed/activity-1.12.4 because:
[        ]   Build cache is disabled
[        ]   Caching not enabled.
[        ] Caching disabled for AarTransform: /home/ubuntu/.gradle/caches/9.3.1/transforms/c95fa921fffd17270ecab5e2092c9ba9/transformed/navigationevent because:
[        ]   Build cache is disabled
[        ]   Caching not enabled.
[        ] Caching disabled for AarTransform: /home/ubuntu/.gradle/caches/9.3.1/transforms/8c9977e1d2b6d4eac35b732a0a74293c/transformed/exifinterface-1.4.2 because:
[        ]   Build cache is disabled
[        ]   Caching not enabled.
[        ] Caching disabled for AarTransform: /home/ubuntu/.gradle/caches/9.3.1/transforms/c0964caf9c24094a321210620cc78cb1/transformed/runtime-annotation because:
[        ]   Build cache is disabled
[        ]   Caching not enabled.
[        ] Caching disabled for task ':app:mergeDebugNativeLibs' because:
[        ]   Build cache is disabled
[        ]   Caching has been disabled for the task
[        ] Skipping task ':app:mergeDebugNativeLibs' as it is up-to-date.
[        ] Resolve mutations for :app:stripDebugDebugSymbols (Thread[#55,included builds,5,main]) started.
[        ] :app:stripDebugDebugSymbols (Thread[#55,included builds,5,main]) started.
[        ] > Task :app:stripDebugDebugSymbols UP-TO-DATE
[        ] Caching disabled for task ':app:stripDebugDebugSymbols' because:
[        ]   Build cache is disabled
[        ]   Caching has been disabled for the task
[        ] Skipping task ':app:stripDebugDebugSymbols' as it is up-to-date.
[        ] Resolve mutations for :app:validateSigningDebug (Thread[#55,included builds,5,main]) started.
[        ] :app:validateSigningDebug (Thread[#55,included builds,5,main]) started.
[        ] > Task :app:validateSigningDebug UP-TO-DATE
[        ] Caching disabled for task ':app:validateSigningDebug' because:
[        ]   Build cache is disabled
[        ]   Caching has been disabled for the task
[        ] Skipping task ':app:validateSigningDebug' as it is up-to-date.
[        ] Resolve mutations for :app:writeDebugAppMetadata (Thread[#55,included builds,5,main]) started.
[        ] :app:writeDebugAppMetadata (Thread[#55,included builds,5,main]) started.
[        ] > Task :app:writeDebugAppMetadata UP-TO-DATE
[        ] Caching disabled for task ':app:writeDebugAppMetadata' because:
[        ]   Build cache is disabled
[        ]   Caching has been disabled for the task
[        ] Skipping task ':app:writeDebugAppMetadata' as it is up-to-date.
[        ] Resolve mutations for :app:writeDebugSigningConfigVersions (Thread[#55,included builds,5,main]) started.
[        ] :app:writeDebugSigningConfigVersions (Thread[#55,included builds,5,main]) started.
[        ] > Task :app:writeDebugSigningConfigVersions UP-TO-DATE
[        ] Caching disabled for task ':app:writeDebugSigningConfigVersions' because:
[        ]   Build cache is disabled
[        ]   Caching has been disabled for the task
[        ] Skipping task ':app:writeDebugSigningConfigVersions' as it is up-to-date.
[        ] Resolve mutations for :app:packageDebug (Thread[#55,included builds,5,main]) started.
[        ] :app:packageDebug (Thread[#55,included builds,5,main]) started.
[ +499 ms] > Task :app:packageDebug
[        ] Custom actions are attached to task ':app:packageDebug'.
[        ] Caching disabled for task ':app:packageDebug' because:
[        ]   Build cache is disabled
[        ]   Caching has been disabled for the task
[        ] Task ':app:packageDebug' is not up-to-date because:
[        ]   Input property 'assets' file /home/ubuntu/FFM-source-2d123ad-v67/build/app/intermediates/compressed_assets/debug/compressDebugAssets/out/assets/flutter_assets/NOTICES.Z.jar has changed.
[        ]   Input property 'assets' file /home/ubuntu/FFM-source-2d123ad-v67/build/app/intermediates/compressed_assets/debug/compressDebugAssets/out/assets/flutter_assets/kernel_blob.bin.jar has changed.
[        ]   Input property 'dexFolders' file /home/ubuntu/FFM-source-2d123ad-v67/build/app/intermediates/dex/debug/mergeProjectDexDebug/0/classes.dex has changed.
[        ]   and more...
[        ] Resolve mutations for :app:createDebugApkListingFileRedirect (Thread[#55,included builds,5,main]) started.
[        ] :app:createDebugApkListingFileRedirect (Thread[#55,included builds,5,main]) started.
[        ] > Task :app:createDebugApkListingFileRedirect UP-TO-DATE
[        ] Caching disabled for task ':app:createDebugApkListingFileRedirect' because:
[        ]   Build cache is disabled
[        ]   Caching has been disabled for the task
[        ] Skipping task ':app:createDebugApkListingFileRedirect' as it is up-to-date.
[        ] Resolve mutations for :app:assembleDebug (Thread[#55,included builds,5,main]) started.
[        ] :app:assembleDebug (Thread[#55,included builds,5,main]) started.
[ +199 ms] > Task :app:assembleDebug
[        ] Caching disabled for task ':app:assembleDebug' because:
[        ]   Build cache is disabled
[        ] Task ':app:assembleDebug' is not up-to-date because:
[        ]   Task has not declared any outputs despite executing actions.
[        ] Resolve mutations for :flutter_local_notifications:checkDebugAarMetadata (Thread[#55,included builds,5,main]) started.
[        ] :flutter_local_notifications:checkDebugAarMetadata (Thread[#55,included builds,5,main]) started.
[        ] > Task :flutter_local_notifications:checkDebugAarMetadata UP-TO-DATE
[        ] Caching disabled for task ':flutter_local_notifications:checkDebugAarMetadata' because:
[        ]   Build cache is disabled
[        ]   Caching has been disabled for the task
[        ] Skipping task ':flutter_local_notifications:checkDebugAarMetadata' as it is up-to-date.
[        ] Resolve mutations for :flutter_local_notifications:stripDebugDebugSymbols (Thread[#55,included builds,5,main]) started.
[        ] :flutter_local_notifications:stripDebugDebugSymbols (Thread[#55,included builds,5,main]) started.
[        ] > Task :flutter_local_notifications:stripDebugDebugSymbols NO-SOURCE
[        ] Skipping task ':flutter_local_notifications:stripDebugDebugSymbols' as it has no source files and no previous output files.
[        ] Resolve mutations for :flutter_local_notifications:copyDebugJniLibsProjectAndLocalJars (Thread[#55,included builds,5,main]) started.
[        ] :flutter_local_notifications:copyDebugJniLibsProjectAndLocalJars (Thread[#55,included builds,5,main]) started.
[        ] > Task :flutter_local_notifications:copyDebugJniLibsProjectAndLocalJars UP-TO-DATE
[        ] Caching disabled for task ':flutter_local_notifications:copyDebugJniLibsProjectAndLocalJars' because:
[        ]   Build cache is disabled
[        ]   Caching has been disabled for the task
[        ] Skipping task ':flutter_local_notifications:copyDebugJniLibsProjectAndLocalJars' as it is up-to-date.
[        ] Resolve mutations for :flutter_local_notifications:extractDebugAnnotations (Thread[#55,included builds,5,main]) started.
[        ] :flutter_local_notifications:extractDebugAnnotations (Thread[#55,included builds,5,main]) started.
[        ] > Task :flutter_local_notifications:extractDebugAnnotations UP-TO-DATE
[        ] Caching disabled for task ':flutter_local_notifications:extractDebugAnnotations' because:
[        ]   Build cache is disabled
[        ] Skipping task ':flutter_local_notifications:extractDebugAnnotations' as it is up-to-date.
[        ] Resolve mutations for :flutter_local_notifications:extractDeepLinksForAarDebug (Thread[#55,included builds,5,main]) started.
[        ] :flutter_local_notifications:extractDeepLinksForAarDebug (Thread[#55,included builds,5,main]) started.
[        ] > Task :flutter_local_notifications:extractDeepLinksForAarDebug UP-TO-DATE
[        ] Caching disabled for task ':flutter_local_notifications:extractDeepLinksForAarDebug' because:
[        ]   Build cache is disabled
[        ] Skipping task ':flutter_local_notifications:extractDeepLinksForAarDebug' as it is up-to-date.
[        ] Resolve mutations for :flutter_local_notifications:mergeDebugGeneratedProguardFiles (Thread[#55,included builds,5,main]) started.
[        ] :flutter_local_notifications:mergeDebugGeneratedProguardFiles (Thread[#55,included builds,5,main]) started.
[        ] > Task :flutter_local_notifications:mergeDebugGeneratedProguardFiles UP-TO-DATE
[        ] Caching disabled for task ':flutter_local_notifications:mergeDebugGeneratedProguardFiles' because:
[        ]   Build cache is disabled
[        ]   Simple merging task
[        ] Skipping task ':flutter_local_notifications:mergeDebugGeneratedProguardFiles' as it is up-to-date.
[        ] Resolve mutations for :flutter_local_notifications:mergeDebugConsumerProguardFiles (Thread[#55,included builds,5,main]) started.
[        ] :flutter_local_notifications:mergeDebugConsumerProguardFiles (Thread[#55,included builds,5,main]) started.
[        ] > Task :flutter_local_notifications:mergeDebugConsumerProguardFiles UP-TO-DATE
[        ] Caching disabled for task ':flutter_local_notifications:mergeDebugConsumerProguardFiles' because:
[        ]   Build cache is disabled
[        ]   Simple merging task
[        ] Skipping task ':flutter_local_notifications:mergeDebugConsumerProguardFiles' as it is up-to-date.
[        ] Resolve mutations for :flutter_local_notifications:prepareDebugArtProfile (Thread[#55,included builds,5,main]) started.
[        ] :flutter_local_notifications:prepareDebugArtProfile (Thread[#55,included builds,5,main]) started.
[        ] > Task :flutter_local_notifications:prepareDebugArtProfile UP-TO-DATE
[        ] Caching disabled for task ':flutter_local_notifications:prepareDebugArtProfile' because:
[        ]   Build cache is disabled
[        ]   Caching has been disabled for the task
[        ] Skipping task ':flutter_local_notifications:prepareDebugArtProfile' as it is up-to-date.
[        ] Resolve mutations for :flutter_local_notifications:prepareLintJarForPublish (Thread[#55,included builds,5,main]) started.
[        ] :flutter_local_notifications:prepareLintJarForPublish (Thread[#55,included builds,5,main]) started.
[        ] > Task :flutter_local_notifications:prepareLintJarForPublish UP-TO-DATE
[        ] Caching disabled for task ':flutter_local_notifications:prepareLintJarForPublish' because:
[        ]   Build cache is disabled
[        ]   Caching has been disabled for the task
[        ] Skipping task ':flutter_local_notifications:prepareLintJarForPublish' as it is up-to-date.
[        ] Resolve mutations for :flutter_local_notifications:mergeDebugJavaResource (Thread[#55,included builds,5,main]) started.
[        ] :flutter_local_notifications:mergeDebugJavaResource (Thread[#55,included builds,5,main]) started.
[  +98 ms] > Task :flutter_local_notifications:mergeDebugJavaResource UP-TO-DATE
[        ] Caching disabled for task ':flutter_local_notifications:mergeDebugJavaResource' because:
[        ]   Build cache is disabled
[        ]   Caching has been disabled for the task
[        ] Skipping task ':flutter_local_notifications:mergeDebugJavaResource' as it is up-to-date.
[        ] Resolve mutations for :flutter_local_notifications:syncDebugLibJars (Thread[#55,included builds,5,main]) started.
[        ] :flutter_local_notifications:syncDebugLibJars (Thread[#55,included builds,5,main]) started.
[        ] > Task :flutter_local_notifications:syncDebugLibJars UP-TO-DATE
[        ] Caching disabled for task ':flutter_local_notifications:syncDebugLibJars' because:
[        ]   Build cache is disabled
[        ] Skipping task ':flutter_local_notifications:syncDebugLibJars' as it is up-to-date.
[        ] Resolve mutations for :flutter_local_notifications:bundleDebugAar (Thread[#55,included builds,5,main]) started.
[        ] :flutter_local_notifications:bundleDebugAar (Thread[#55,included builds,5,main]) started.
[        ] > Task :flutter_local_notifications:bundleDebugAar UP-TO-DATE
[        ] Caching disabled for task ':flutter_local_notifications:bundleDebugAar' because:
[        ]   Build cache is disabled
[        ]   Caching has been disabled for the task
[        ] Skipping task ':flutter_local_notifications:bundleDebugAar' as it is up-to-date.
[        ] Resolve mutations for :flutter_local_notifications:assembleDebug (Thread[#55,included builds,5,main]) started.
[        ] :flutter_local_notifications:assembleDebug (Thread[#55,included builds,5,main]) started.
[        ] > Task :flutter_local_notifications:assembleDebug UP-TO-DATE
[        ] Skipping task ':flutter_local_notifications:assembleDebug' as it has no actions.
[        ] Resolve mutations for :flutter_plugin_android_lifecycle:checkDebugAarMetadata (Thread[#55,included builds,5,main]) started.
[        ] :flutter_plugin_android_lifecycle:checkDebugAarMetadata (Thread[#55,included builds,5,main]) started.
[        ] > Task :flutter_plugin_android_lifecycle:checkDebugAarMetadata UP-TO-DATE
[        ] Caching disabled for task ':flutter_plugin_android_lifecycle:checkDebugAarMetadata' because:
[        ]   Build cache is disabled
[        ]   Caching has been disabled for the task
[        ] Skipping task ':flutter_plugin_android_lifecycle:checkDebugAarMetadata' as it is up-to-date.
[        ] Resolve mutations for :flutter_plugin_android_lifecycle:stripDebugDebugSymbols (Thread[#55,included builds,5,main]) started.
[        ] :flutter_plugin_android_lifecycle:stripDebugDebugSymbols (Thread[#55,included builds,5,main]) started.
[        ] > Task :flutter_plugin_android_lifecycle:stripDebugDebugSymbols NO-SOURCE
[        ] Skipping task ':flutter_plugin_android_lifecycle:stripDebugDebugSymbols' as it has no source files and no previous output files.
[        ] Resolve mutations for :flutter_plugin_android_lifecycle:copyDebugJniLibsProjectAndLocalJars (Thread[#55,included builds,5,main]) started.
[        ] :flutter_plugin_android_lifecycle:copyDebugJniLibsProjectAndLocalJars (Thread[#55,included builds,5,main]) started.
[        ] > Task :flutter_plugin_android_lifecycle:copyDebugJniLibsProjectAndLocalJars UP-TO-DATE
[        ] Caching disabled for task ':flutter_plugin_android_lifecycle:copyDebugJniLibsProjectAndLocalJars' because:
[        ]   Build cache is disabled
[        ]   Caching has been disabled for the task
[        ] Skipping task ':flutter_plugin_android_lifecycle:copyDebugJniLibsProjectAndLocalJars' as it is up-to-date.
[        ] Resolve mutations for :flutter_plugin_android_lifecycle:extractDebugAnnotations (Thread[#55,included builds,5,main]) started.
[        ] :flutter_plugin_android_lifecycle:extractDebugAnnotations (Thread[#55,included builds,5,main]) started.
[        ] > Task :flutter_plugin_android_lifecycle:extractDebugAnnotations UP-TO-DATE
[        ] Caching disabled for task ':flutter_plugin_android_lifecycle:extractDebugAnnotations' because:
[        ]   Build cache is disabled
[        ] Skipping task ':flutter_plugin_android_lifecycle:extractDebugAnnotations' as it is up-to-date.
[        ] Resolve mutations for :flutter_plugin_android_lifecycle:extractDeepLinksForAarDebug (Thread[#55,included builds,5,main]) started.
[        ] :flutter_plugin_android_lifecycle:extractDeepLinksForAarDebug (Thread[#55,included builds,5,main]) started.
[        ] > Task :flutter_plugin_android_lifecycle:extractDeepLinksForAarDebug UP-TO-DATE
[        ] Caching disabled for task ':flutter_plugin_android_lifecycle:extractDeepLinksForAarDebug' because:
[        ]   Build cache is disabled
[        ] Skipping task ':flutter_plugin_android_lifecycle:extractDeepLinksForAarDebug' as it is up-to-date.
[        ] Resolve mutations for :flutter_plugin_android_lifecycle:mergeDebugGeneratedProguardFiles (Thread[#55,included builds,5,main]) started.
[        ] :flutter_plugin_android_lifecycle:mergeDebugGeneratedProguardFiles (Thread[#55,included builds,5,main]) started.
[        ] > Task :flutter_plugin_android_lifecycle:mergeDebugGeneratedProguardFiles UP-TO-DATE
[        ] Caching disabled for task ':flutter_plugin_android_lifecycle:mergeDebugGeneratedProguardFiles' because:
[        ]   Build cache is disabled
[        ]   Simple merging task
[        ] Skipping task ':flutter_plugin_android_lifecycle:mergeDebugGeneratedProguardFiles' as it is up-to-date.
[        ] Resolve mutations for :flutter_plugin_android_lifecycle:mergeDebugConsumerProguardFiles (Thread[#55,included builds,5,main]) started.
[        ] :flutter_plugin_android_lifecycle:mergeDebugConsumerProguardFiles (Thread[#55,included builds,5,main]) started.
[        ] > Task :flutter_plugin_android_lifecycle:mergeDebugConsumerProguardFiles UP-TO-DATE
[        ] Caching disabled for task ':flutter_plugin_android_lifecycle:mergeDebugConsumerProguardFiles' because:
[        ]   Build cache is disabled
[        ]   Simple merging task
[        ] Skipping task ':flutter_plugin_android_lifecycle:mergeDebugConsumerProguardFiles' as it is up-to-date.
[        ] Resolve mutations for :flutter_plugin_android_lifecycle:prepareDebugArtProfile (Thread[#55,included builds,5,main]) started.
[        ] :flutter_plugin_android_lifecycle:prepareDebugArtProfile (Thread[#55,included builds,5,main]) started.
[        ] > Task :flutter_plugin_android_lifecycle:prepareDebugArtProfile UP-TO-DATE
[        ] Caching disabled for task ':flutter_plugin_android_lifecycle:prepareDebugArtProfile' because:
[        ]   Build cache is disabled
[        ]   Caching has been disabled for the task
[        ] Skipping task ':flutter_plugin_android_lifecycle:prepareDebugArtProfile' as it is up-to-date.
[        ] Resolve mutations for :flutter_plugin_android_lifecycle:prepareLintJarForPublish (Thread[#55,included builds,5,main]) started.
[        ] :flutter_plugin_android_lifecycle:prepareLintJarForPublish (Thread[#55,included builds,5,main]) started.
[        ] > Task :flutter_plugin_android_lifecycle:prepareLintJarForPublish UP-TO-DATE
[        ] Caching disabled for task ':flutter_plugin_android_lifecycle:prepareLintJarForPublish' because:
[        ]   Build cache is disabled
[        ]   Caching has been disabled for the task
[        ] Skipping task ':flutter_plugin_android_lifecycle:prepareLintJarForPublish' as it is up-to-date.
[        ] Resolve mutations for :flutter_plugin_android_lifecycle:mergeDebugJavaResource (Thread[#55,included builds,5,main]) started.
[        ] :flutter_plugin_android_lifecycle:mergeDebugJavaResource (Thread[#55,included builds,5,main]) started.
[        ] > Task :flutter_plugin_android_lifecycle:mergeDebugJavaResource UP-TO-DATE
[        ] Caching disabled for task ':flutter_plugin_android_lifecycle:mergeDebugJavaResource' because:
[        ]   Build cache is disabled
[        ]   Caching has been disabled for the task
[        ] Skipping task ':flutter_plugin_android_lifecycle:mergeDebugJavaResource' as it is up-to-date.
[        ] Resolve mutations for :flutter_plugin_android_lifecycle:syncDebugLibJars (Thread[#55,included builds,5,main]) started.
[        ] :flutter_plugin_android_lifecycle:syncDebugLibJars (Thread[#55,included builds,5,main]) started.
[        ] > Task :flutter_plugin_android_lifecycle:syncDebugLibJars UP-TO-DATE
[        ] Caching disabled for task ':flutter_plugin_android_lifecycle:syncDebugLibJars' because:
[        ]   Build cache is disabled
[        ] Skipping task ':flutter_plugin_android_lifecycle:syncDebugLibJars' as it is up-to-date.
[        ] Resolve mutations for :flutter_plugin_android_lifecycle:bundleDebugAar (Thread[#55,included builds,5,main]) started.
[        ] :flutter_plugin_android_lifecycle:bundleDebugAar (Thread[#55,included builds,5,main]) started.
[        ] > Task :flutter_plugin_android_lifecycle:bundleDebugAar UP-TO-DATE
[        ] Caching disabled for task ':flutter_plugin_android_lifecycle:bundleDebugAar' because:
[        ]   Build cache is disabled
[        ]   Caching has been disabled for the task
[        ] Skipping task ':flutter_plugin_android_lifecycle:bundleDebugAar' as it is up-to-date.
[        ] Resolve mutations for :flutter_plugin_android_lifecycle:assembleDebug (Thread[#55,included builds,5,main]) started.
[        ] :flutter_plugin_android_lifecycle:assembleDebug (Thread[#55,included builds,5,main]) started.
[        ] > Task :flutter_plugin_android_lifecycle:assembleDebug UP-TO-DATE
[        ] Skipping task ':flutter_plugin_android_lifecycle:assembleDebug' as it has no actions.
[        ] Resolve mutations for :flutter_secure_storage:checkDebugAarMetadata (Thread[#55,included builds,5,main]) started.
[        ] :flutter_secure_storage:checkDebugAarMetadata (Thread[#55,included builds,5,main]) started.
[        ] > Task :flutter_secure_storage:checkDebugAarMetadata UP-TO-DATE
[        ] Caching disabled for task ':flutter_secure_storage:checkDebugAarMetadata' because:
[        ]   Build cache is disabled
[        ]   Caching has been disabled for the task
[        ] Skipping task ':flutter_secure_storage:checkDebugAarMetadata' as it is up-to-date.
[        ] Resolve mutations for :flutter_secure_storage:stripDebugDebugSymbols (Thread[#55,included builds,5,main]) started.
[        ] :flutter_secure_storage:stripDebugDebugSymbols (Thread[#55,included builds,5,main]) started.
[        ] > Task :flutter_secure_storage:stripDebugDebugSymbols NO-SOURCE
[        ] Skipping task ':flutter_secure_storage:stripDebugDebugSymbols' as it has no source files and no previous output files.
[        ] Resolve mutations for :flutter_secure_storage:copyDebugJniLibsProjectAndLocalJars (Thread[#55,included builds,5,main]) started.
[        ] :flutter_secure_storage:copyDebugJniLibsProjectAndLocalJars (Thread[#55,included builds,5,main]) started.
[        ] > Task :flutter_secure_storage:copyDebugJniLibsProjectAndLocalJars UP-TO-DATE
[        ] Caching disabled for task ':flutter_secure_storage:copyDebugJniLibsProjectAndLocalJars' because:
[        ]   Build cache is disabled
[        ]   Caching has been disabled for the task
[        ] Skipping task ':flutter_secure_storage:copyDebugJniLibsProjectAndLocalJars' as it is up-to-date.
[        ] Resolve mutations for :flutter_secure_storage:extractDebugAnnotations (Thread[#55,included builds,5,main]) started.
[        ] :flutter_secure_storage:extractDebugAnnotations (Thread[#55,included builds,5,main]) started.
[        ] > Task :flutter_secure_storage:extractDebugAnnotations UP-TO-DATE
[        ] Caching disabled for task ':flutter_secure_storage:extractDebugAnnotations' because:
[        ]   Build cache is disabled
[        ] Skipping task ':flutter_secure_storage:extractDebugAnnotations' as it is up-to-date.
[        ] Resolve mutations for :flutter_secure_storage:extractDeepLinksForAarDebug (Thread[#55,included builds,5,main]) started.
[        ] :flutter_secure_storage:extractDeepLinksForAarDebug (Thread[#55,included builds,5,main]) started.
[        ] > Task :flutter_secure_storage:extractDeepLinksForAarDebug UP-TO-DATE
[        ] Caching disabled for task ':flutter_secure_storage:extractDeepLinksForAarDebug' because:
[        ]   Build cache is disabled
[        ] Skipping task ':flutter_secure_storage:extractDeepLinksForAarDebug' as it is up-to-date.
[        ] Resolve mutations for :flutter_secure_storage:mergeDebugGeneratedProguardFiles (Thread[#55,included builds,5,main]) started.
[        ] :flutter_secure_storage:mergeDebugGeneratedProguardFiles (Thread[#55,included builds,5,main]) started.
[        ] > Task :flutter_secure_storage:mergeDebugGeneratedProguardFiles UP-TO-DATE
[        ] Caching disabled for task ':flutter_secure_storage:mergeDebugGeneratedProguardFiles' because:
[        ]   Build cache is disabled
[        ]   Simple merging task
[        ] Skipping task ':flutter_secure_storage:mergeDebugGeneratedProguardFiles' as it is up-to-date.
[        ] Resolve mutations for :flutter_secure_storage:mergeDebugConsumerProguardFiles (Thread[#55,included builds,5,main]) started.
[        ] :flutter_secure_storage:mergeDebugConsumerProguardFiles (Thread[#55,included builds,5,main]) started.
[        ] > Task :flutter_secure_storage:mergeDebugConsumerProguardFiles UP-TO-DATE
[        ] Caching disabled for task ':flutter_secure_storage:mergeDebugConsumerProguardFiles' because:
[        ]   Build cache is disabled
[        ]   Simple merging task
[        ] Skipping task ':flutter_secure_storage:mergeDebugConsumerProguardFiles' as it is up-to-date.
[        ] Resolve mutations for :flutter_secure_storage:prepareDebugArtProfile (Thread[#55,included builds,5,main]) started.
[        ] :flutter_secure_storage:prepareDebugArtProfile (Thread[#55,included builds,5,main]) started.
[        ] > Task :flutter_secure_storage:prepareDebugArtProfile UP-TO-DATE
[        ] Caching disabled for task ':flutter_secure_storage:prepareDebugArtProfile' because:
[        ]   Build cache is disabled
[        ]   Caching has been disabled for the task
[        ] Skipping task ':flutter_secure_storage:prepareDebugArtProfile' as it is up-to-date.
[        ] Resolve mutations for :flutter_secure_storage:prepareLintJarForPublish (Thread[#55,included builds,5,main]) started.
[        ] :flutter_secure_storage:prepareLintJarForPublish (Thread[#55,included builds,5,main]) started.
[        ] > Task :flutter_secure_storage:prepareLintJarForPublish UP-TO-DATE
[        ] Caching disabled for task ':flutter_secure_storage:prepareLintJarForPublish' because:
[        ]   Build cache is disabled
[        ]   Caching has been disabled for the task
[        ] Skipping task ':flutter_secure_storage:prepareLintJarForPublish' as it is up-to-date.
[        ] Resolve mutations for :flutter_secure_storage:mergeDebugJavaResource (Thread[#55,included builds,5,main]) started.
[        ] :flutter_secure_storage:mergeDebugJavaResource (Thread[#55,included builds,5,main]) started.
[        ] > Task :flutter_secure_storage:mergeDebugJavaResource UP-TO-DATE
[        ] Caching disabled for task ':flutter_secure_storage:mergeDebugJavaResource' because:
[        ]   Build cache is disabled
[        ]   Caching has been disabled for the task
[        ] Skipping task ':flutter_secure_storage:mergeDebugJavaResource' as it is up-to-date.
[        ] Resolve mutations for :flutter_secure_storage:syncDebugLibJars (Thread[#55,included builds,5,main]) started.
[        ] :flutter_secure_storage:syncDebugLibJars (Thread[#55,included builds,5,main]) started.
[        ] > Task :flutter_secure_storage:syncDebugLibJars UP-TO-DATE
[        ] Caching disabled for task ':flutter_secure_storage:syncDebugLibJars' because:
[        ]   Build cache is disabled
[        ] Skipping task ':flutter_secure_storage:syncDebugLibJars' as it is up-to-date.
[        ] Resolve mutations for :flutter_secure_storage:bundleDebugAar (Thread[#55,included builds,5,main]) started.
[        ] :flutter_secure_storage:bundleDebugAar (Thread[#55,included builds,5,main]) started.
[        ] > Task :flutter_secure_storage:bundleDebugAar UP-TO-DATE
[        ] Caching disabled for task ':flutter_secure_storage:bundleDebugAar' because:
[        ]   Build cache is disabled
[        ]   Caching has been disabled for the task
[        ] Skipping task ':flutter_secure_storage:bundleDebugAar' as it is up-to-date.
[        ] Resolve mutations for :flutter_secure_storage:assembleDebug (Thread[#55,included builds,5,main]) started.
[        ] :flutter_secure_storage:assembleDebug (Thread[#55,included builds,5,main]) started.
[        ] > Task :flutter_secure_storage:assembleDebug UP-TO-DATE
[        ] Skipping task ':flutter_secure_storage:assembleDebug' as it has no actions.
[        ] Resolve mutations for :image_picker_android:checkDebugAarMetadata (Thread[#55,included builds,5,main]) started.
[        ] :image_picker_android:checkDebugAarMetadata (Thread[#55,included builds,5,main]) started.
[        ] > Task :image_picker_android:checkDebugAarMetadata
[        ] Caching disabled for task ':image_picker_android:checkDebugAarMetadata' because:
[   +5 ms]   Build cache is disabled
[        ]   Caching has been disabled for the task
[        ] Task ':image_picker_android:checkDebugAarMetadata' is not up-to-date because:
[        ]   No history is available.
[        ] Resolve mutations for :image_picker_android:stripDebugDebugSymbols (Thread[#55,included builds,5,main]) started.
[        ] :image_picker_android:stripDebugDebugSymbols (Thread[#55,included builds,5,main]) started.
[        ] > Task :image_picker_android:stripDebugDebugSymbols NO-SOURCE
[        ] Skipping task ':image_picker_android:stripDebugDebugSymbols' as it has no source files and no previous output files.
[        ] Resolve mutations for :image_picker_android:copyDebugJniLibsProjectAndLocalJars (Thread[#55,included builds,5,main]) started.
[        ] :image_picker_android:copyDebugJniLibsProjectAndLocalJars (Thread[#55,included builds,5,main]) started.
[        ] > Task :image_picker_android:copyDebugJniLibsProjectAndLocalJars
[        ] Caching disabled for task ':image_picker_android:copyDebugJniLibsProjectAndLocalJars' because:
[        ]   Build cache is disabled
[        ]   Caching has been disabled for the task
[        ] Task ':image_picker_android:copyDebugJniLibsProjectAndLocalJars' is not up-to-date because:
[        ]   No history is available.
[        ] Resolve mutations for :image_picker_android:extractDebugAnnotations (Thread[#55,included builds,5,main]) started.
[        ] :image_picker_android:extractDebugAnnotations (Thread[#55,included builds,5,main]) started.
[        ] > Task :image_picker_android:extractDebugAnnotations
[        ] Caching disabled for task ':image_picker_android:extractDebugAnnotations' because:
[        ]   Build cache is disabled
[        ] Task ':image_picker_android:extractDebugAnnotations' is not up-to-date because:
[        ]   No history is available.
[        ] file or directory '/home/ubuntu/.pub-cache/hosted/pub.dev/image_picker_android-0.8.13+19/android/src/debug/java', not found
[        ] file or directory '/home/ubuntu/.pub-cache/hosted/pub.dev/image_picker_android-0.8.13+19/android/src/debug/kotlin', not found
[        ] Resolve mutations for :image_picker_android:extractDeepLinksForAarDebug (Thread[#55,included builds,5,main]) started.
[        ] :image_picker_android:extractDeepLinksForAarDebug (Thread[#55,included builds,5,main]) started.
[        ] > Task :image_picker_android:extractDeepLinksForAarDebug
[        ] Caching disabled for task ':image_picker_android:extractDeepLinksForAarDebug' because:
[        ]   Build cache is disabled
[        ] Task ':image_picker_android:extractDeepLinksForAarDebug' is not up-to-date because:
[        ]   No history is available.
[        ] Resolve mutations for :image_picker_android:mergeDebugGeneratedProguardFiles (Thread[#55,included builds,5,main]) started.
[        ] :image_picker_android:mergeDebugGeneratedProguardFiles (Thread[#55,included builds,5,main]) started.
[        ] > Task :image_picker_android:mergeDebugGeneratedProguardFiles
[        ] Caching disabled for task ':image_picker_android:mergeDebugGeneratedProguardFiles' because:
[        ]   Build cache is disabled
[        ]   Simple merging task
[        ] Task ':image_picker_android:mergeDebugGeneratedProguardFiles' is not up-to-date because:
[        ]   No history is available.
[        ] Resolve mutations for :image_picker_android:mergeDebugConsumerProguardFiles (Thread[#55,included builds,5,main]) started.
[        ] :image_picker_android:mergeDebugConsumerProguardFiles (Thread[#55,included builds,5,main]) started.
[        ] > Task :image_picker_android:mergeDebugConsumerProguardFiles
[        ] Caching disabled for task ':image_picker_android:mergeDebugConsumerProguardFiles' because:
[        ]   Build cache is disabled
[        ]   Simple merging task
[        ] Task ':image_picker_android:mergeDebugConsumerProguardFiles' is not up-to-date because:
[        ]   No history is available.
[        ] Resolve mutations for :image_picker_android:prepareDebugArtProfile (Thread[#55,included builds,5,main]) started.
[        ] :image_picker_android:prepareDebugArtProfile (Thread[#55,included builds,5,main]) started.
[        ] > Task :image_picker_android:prepareDebugArtProfile
[        ] Caching disabled for task ':image_picker_android:prepareDebugArtProfile' because:
[        ]   Build cache is disabled
[        ]   Caching has been disabled for the task
[        ] Task ':image_picker_android:prepareDebugArtProfile' is not up-to-date because:
[        ]   No history is available.
[        ] file or directory '/home/ubuntu/.pub-cache/hosted/pub.dev/image_picker_android-0.8.13+19/android/src/main/baselineProfiles', not found
[        ] file or directory '/home/ubuntu/.pub-cache/hosted/pub.dev/image_picker_android-0.8.13+19/android/src/debug/baselineProfiles', not found
[        ] Resolve mutations for :image_picker_android:prepareLintJarForPublish (Thread[#55,included builds,5,main]) started.
[        ] :image_picker_android:prepareLintJarForPublish (Thread[#55,included builds,5,main]) started.
[        ] > Task :image_picker_android:prepareLintJarForPublish
[        ] Caching disabled for task ':image_picker_android:prepareLintJarForPublish' because:
[        ]   Build cache is disabled
[        ]   Caching has been disabled for the task
[        ] Task ':image_picker_android:prepareLintJarForPublish' is not up-to-date because:
[        ]   No history is available.
[        ] Resolve mutations for :image_picker_android:mergeDebugJavaResource (Thread[#55,included builds,5,main]) started.
[        ] :image_picker_android:mergeDebugJavaResource (Thread[#55,included builds,5,main]) started.
[  +90 ms] > Task :image_picker_android:mergeDebugJavaResource
[        ] Caching disabled for task ':image_picker_android:mergeDebugJavaResource' because:
[        ]   Build cache is disabled
[        ]   Caching has been disabled for the task
[        ] Task ':image_picker_android:mergeDebugJavaResource' is not up-to-date because:
[        ]   No history is available.
[        ] The input changes require a full rebuild for incremental task ':image_picker_android:mergeDebugJavaResource'.
[        ] Resolve mutations for :image_picker_android:syncDebugLibJars (Thread[#55,included builds,5,main]) started.
[        ] :image_picker_android:syncDebugLibJars (Thread[#55,included builds,5,main]) started.
[        ] > Task :image_picker_android:syncDebugLibJars
[        ] Caching disabled for task ':image_picker_android:syncDebugLibJars' because:
[        ]   Build cache is disabled
[        ] Task ':image_picker_android:syncDebugLibJars' is not up-to-date because:
[        ]   No history is available.
[        ] Resolve mutations for :image_picker_android:bundleDebugAar (Thread[#55,included builds,5,main]) started.
[        ] :image_picker_android:bundleDebugAar (Thread[#55,included builds,5,main]) started.
[        ] > Task :image_picker_android:bundleDebugAar
[        ] Caching disabled for task ':image_picker_android:bundleDebugAar' because:
[        ]   Build cache is disabled
[        ]   Caching has been disabled for the task
[        ] Task ':image_picker_android:bundleDebugAar' is not up-to-date because:
[        ]   No history is available.
[        ] file or directory '/home/ubuntu/FFM-source-2d123ad-v67/build/image_picker_android/intermediates/public_res/debug/packageDebugResources/public.txt', not found
[        ] file or directory '/home/ubuntu/FFM-source-2d123ad-v67/build/image_picker_android/intermediates/navigation_json_for_aar/debug/extractDeepLinksForAarDebug/navigation.json', not found
[        ] file or directory '/home/ubuntu/FFM-source-2d123ad-v67/build/image_picker_android/intermediates/annotations_zip/debug/extractDebugAnnotations/annotations.zip', not found
[        ] file or directory '/home/ubuntu/FFM-source-2d123ad-v67/build/image_picker_android/intermediates/merged_consumer_proguard_file/debug/mergeDebugConsumerProguardFiles/proguard.txt', not found
[        ] file or directory '/home/ubuntu/FFM-source-2d123ad-v67/build/image_picker_android/intermediates/lint_publish_jar/global/prepareLintJarForPublish/lint.jar', not found
[        ] file or directory '/home/ubuntu/FFM-source-2d123ad-v67/build/image_picker_android/intermediates/library_art_profile/debug/prepareDebugArtProfile/baseline-prof.txt', not found
[        ] Resolve mutations for :image_picker_android:assembleDebug (Thread[#55,included builds,5,main]) started.
[        ] :image_picker_android:assembleDebug (Thread[#55,included builds,5,main]) started.
[        ] > Task :image_picker_android:assembleDebug
[        ] Skipping task ':image_picker_android:assembleDebug' as it has no actions.
[        ] Resolve mutations for :jni:checkDebugAarMetadata (Thread[#55,included builds,5,main]) started.
[        ] :jni:checkDebugAarMetadata (Thread[#55,included builds,5,main]) started.
[        ] > Task :jni:checkDebugAarMetadata UP-TO-DATE
[        ] Caching disabled for task ':jni:checkDebugAarMetadata' because:
[        ]   Build cache is disabled
[        ]   Caching has been disabled for the task
[        ] Skipping task ':jni:checkDebugAarMetadata' as it is up-to-date.
[        ] Resolve mutations for :jni:stripDebugDebugSymbols (Thread[#55,included builds,5,main]) started.
[        ] :jni:stripDebugDebugSymbols (Thread[#55,included builds,5,main]) started.
[        ] > Task :jni:stripDebugDebugSymbols UP-TO-DATE
[        ] Caching disabled for task ':jni:stripDebugDebugSymbols' because:
[        ]   Build cache is disabled
[        ]   Caching has been disabled for the task
[        ] Skipping task ':jni:stripDebugDebugSymbols' as it is up-to-date.
[        ] Resolve mutations for :jni:copyDebugJniLibsProjectAndLocalJars (Thread[#55,included builds,5,main]) started.
[        ] :jni:copyDebugJniLibsProjectAndLocalJars (Thread[#55,included builds,5,main]) started.
[        ] > Task :jni:copyDebugJniLibsProjectAndLocalJars UP-TO-DATE
[        ] Caching disabled for task ':jni:copyDebugJniLibsProjectAndLocalJars' because:
[        ]   Build cache is disabled
[        ]   Caching has been disabled for the task
[        ] Skipping task ':jni:copyDebugJniLibsProjectAndLocalJars' as it is up-to-date.
[        ] Resolve mutations for :jni:extractDebugAnnotations (Thread[#55,included builds,5,main]) started.
[        ] :jni:extractDebugAnnotations (Thread[#55,included builds,5,main]) started.
[  +98 ms] > Task :jni:extractDebugAnnotations UP-TO-DATE
[        ] Caching disabled for task ':jni:extractDebugAnnotations' because:
[        ]   Build cache is disabled
[        ] Skipping task ':jni:extractDebugAnnotations' as it is up-to-date.
[        ] Resolve mutations for :jni:extractDeepLinksForAarDebug (Thread[#55,included builds,5,main]) started.
[        ] :jni:extractDeepLinksForAarDebug (Thread[#55,included builds,5,main]) started.
[        ] > Task :jni:extractDeepLinksForAarDebug UP-TO-DATE
[        ] Caching disabled for task ':jni:extractDeepLinksForAarDebug' because:
[        ]   Build cache is disabled
[        ] Skipping task ':jni:extractDeepLinksForAarDebug' as it is up-to-date.
[        ] Resolve mutations for :jni:mergeDebugGeneratedProguardFiles (Thread[#55,included builds,5,main]) started.
[        ] :jni:mergeDebugGeneratedProguardFiles (Thread[#55,included builds,5,main]) started.
[        ] > Task :jni:mergeDebugGeneratedProguardFiles UP-TO-DATE
[        ] Caching disabled for task ':jni:mergeDebugGeneratedProguardFiles' because:
[        ]   Build cache is disabled
[        ]   Simple merging task
[        ] Skipping task ':jni:mergeDebugGeneratedProguardFiles' as it is up-to-date.
[        ] Resolve mutations for :jni:mergeDebugConsumerProguardFiles (Thread[#55,included builds,5,main]) started.
[        ] :jni:mergeDebugConsumerProguardFiles (Thread[#55,included builds,5,main]) started.
[        ] > Task :jni:mergeDebugConsumerProguardFiles UP-TO-DATE
[        ] Caching disabled for task ':jni:mergeDebugConsumerProguardFiles' because:
[        ]   Build cache is disabled
[        ]   Simple merging task
[        ] Skipping task ':jni:mergeDebugConsumerProguardFiles' as it is up-to-date.
[        ] Resolve mutations for :jni:prepareDebugArtProfile (Thread[#55,included builds,5,main]) started.
[        ] :jni:prepareDebugArtProfile (Thread[#55,included builds,5,main]) started.
[        ] > Task :jni:prepareDebugArtProfile UP-TO-DATE
[        ] Caching disabled for task ':jni:prepareDebugArtProfile' because:
[        ]   Build cache is disabled
[        ]   Caching has been disabled for the task
[        ] Skipping task ':jni:prepareDebugArtProfile' as it is up-to-date.
[        ] Resolve mutations for :jni:prepareLintJarForPublish (Thread[#55,included builds,5,main]) started.
[        ] :jni:prepareLintJarForPublish (Thread[#55,included builds,5,main]) started.
[        ] > Task :jni:prepareLintJarForPublish UP-TO-DATE
[        ] Caching disabled for task ':jni:prepareLintJarForPublish' because:
[        ]   Build cache is disabled
[        ]   Caching has been disabled for the task
[        ] Skipping task ':jni:prepareLintJarForPublish' as it is up-to-date.
[        ] Resolve mutations for :jni:mergeDebugJavaResource (Thread[#55,included builds,5,main]) started.
[        ] :jni:mergeDebugJavaResource (Thread[#55,included builds,5,main]) started.
[        ] > Task :jni:mergeDebugJavaResource UP-TO-DATE
[        ] Caching disabled for task ':jni:mergeDebugJavaResource' because:
[        ]   Build cache is disabled
[        ]   Caching has been disabled for the task
[        ] Skipping task ':jni:mergeDebugJavaResource' as it is up-to-date.
[        ] Resolve mutations for :jni:syncDebugLibJars (Thread[#55,included builds,5,main]) started.
[        ] :jni:syncDebugLibJars (Thread[#55,included builds,5,main]) started.
[        ] > Task :jni:syncDebugLibJars UP-TO-DATE
[        ] Caching disabled for task ':jni:syncDebugLibJars' because:
[        ]   Build cache is disabled
[        ] Skipping task ':jni:syncDebugLibJars' as it is up-to-date.
[        ] Resolve mutations for :jni:bundleDebugAar (Thread[#55,included builds,5,main]) started.
[        ] :jni:bundleDebugAar (Thread[#55,included builds,5,main]) started.
[        ] > Task :jni:bundleDebugAar UP-TO-DATE
[        ] Caching disabled for task ':jni:bundleDebugAar' because:
[        ]   Build cache is disabled
[        ]   Caching has been disabled for the task
[        ] Skipping task ':jni:bundleDebugAar' as it is up-to-date.
[        ] Resolve mutations for :jni:assembleDebug (Thread[#55,included builds,5,main]) started.
[        ] :jni:assembleDebug (Thread[#55,included builds,5,main]) started.
[        ] > Task :jni:assembleDebug UP-TO-DATE
[        ] Skipping task ':jni:assembleDebug' as it has no actions.
[        ] Resolve mutations for :jni_flutter:checkDebugAarMetadata (Thread[#55,included builds,5,main]) started.
[        ] :jni_flutter:checkDebugAarMetadata (Thread[#55,included builds,5,main]) started.
[        ] > Task :jni_flutter:checkDebugAarMetadata UP-TO-DATE
[        ] Caching disabled for task ':jni_flutter:checkDebugAarMetadata' because:
[        ]   Build cache is disabled
[        ]   Caching has been disabled for the task
[        ] Skipping task ':jni_flutter:checkDebugAarMetadata' as it is up-to-date.
[        ] Resolve mutations for :jni_flutter:stripDebugDebugSymbols (Thread[#55,included builds,5,main]) started.
[        ] :jni_flutter:stripDebugDebugSymbols (Thread[#55,included builds,5,main]) started.
[        ] > Task :jni_flutter:stripDebugDebugSymbols NO-SOURCE
[        ] Skipping task ':jni_flutter:stripDebugDebugSymbols' as it has no source files and no previous output files.
[        ] Resolve mutations for :jni_flutter:copyDebugJniLibsProjectAndLocalJars (Thread[#55,included builds,5,main]) started.
[        ] :jni_flutter:copyDebugJniLibsProjectAndLocalJars (Thread[#55,included builds,5,main]) started.
[        ] > Task :jni_flutter:copyDebugJniLibsProjectAndLocalJars UP-TO-DATE
[        ] Caching disabled for task ':jni_flutter:copyDebugJniLibsProjectAndLocalJars' because:
[        ]   Build cache is disabled
[        ]   Caching has been disabled for the task
[        ] Skipping task ':jni_flutter:copyDebugJniLibsProjectAndLocalJars' as it is up-to-date.
[        ] Resolve mutations for :jni_flutter:extractDebugAnnotations (Thread[#55,included builds,5,main]) started.
[        ] :jni_flutter:extractDebugAnnotations (Thread[#55,included builds,5,main]) started.
[        ] > Task :jni_flutter:extractDebugAnnotations UP-TO-DATE
[        ] Caching disabled for task ':jni_flutter:extractDebugAnnotations' because:
[        ]   Build cache is disabled
[        ] Skipping task ':jni_flutter:extractDebugAnnotations' as it is up-to-date.
[        ] Resolve mutations for :jni_flutter:extractDeepLinksForAarDebug (Thread[#55,included builds,5,main]) started.
[        ] :jni_flutter:extractDeepLinksForAarDebug (Thread[#55,included builds,5,main]) started.
[        ] > Task :jni_flutter:extractDeepLinksForAarDebug UP-TO-DATE
[        ] Caching disabled for task ':jni_flutter:extractDeepLinksForAarDebug' because:
[        ]   Build cache is disabled
[        ] Skipping task ':jni_flutter:extractDeepLinksForAarDebug' as it is up-to-date.
[        ] Resolve mutations for :jni_flutter:mergeDebugGeneratedProguardFiles (Thread[#55,included builds,5,main]) started.
[        ] :jni_flutter:mergeDebugGeneratedProguardFiles (Thread[#55,included builds,5,main]) started.
[        ] > Task :jni_flutter:mergeDebugGeneratedProguardFiles UP-TO-DATE
[        ] Caching disabled for task ':jni_flutter:mergeDebugGeneratedProguardFiles' because:
[        ]   Build cache is disabled
[        ]   Simple merging task
[        ] Skipping task ':jni_flutter:mergeDebugGeneratedProguardFiles' as it is up-to-date.
[        ] Resolve mutations for :jni_flutter:mergeDebugConsumerProguardFiles (Thread[#55,included builds,5,main]) started.
[        ] :jni_flutter:mergeDebugConsumerProguardFiles (Thread[#55,included builds,5,main]) started.
[        ] > Task :jni_flutter:mergeDebugConsumerProguardFiles UP-TO-DATE
[        ] Caching disabled for task ':jni_flutter:mergeDebugConsumerProguardFiles' because:
[        ]   Build cache is disabled
[        ]   Simple merging task
[        ] Skipping task ':jni_flutter:mergeDebugConsumerProguardFiles' as it is up-to-date.
[        ] Resolve mutations for :jni_flutter:prepareDebugArtProfile (Thread[#55,included builds,5,main]) started.
[        ] :jni_flutter:prepareDebugArtProfile (Thread[#55,included builds,5,main]) started.
[        ] > Task :jni_flutter:prepareDebugArtProfile UP-TO-DATE
[        ] Caching disabled for task ':jni_flutter:prepareDebugArtProfile' because:
[        ]   Build cache is disabled
[        ]   Caching has been disabled for the task
[        ] Skipping task ':jni_flutter:prepareDebugArtProfile' as it is up-to-date.
[        ] Resolve mutations for :jni_flutter:prepareLintJarForPublish (Thread[#55,included builds,5,main]) started.
[        ] :jni_flutter:prepareLintJarForPublish (Thread[#55,included builds,5,main]) started.
[        ] > Task :jni_flutter:prepareLintJarForPublish UP-TO-DATE
[        ] Caching disabled for task ':jni_flutter:prepareLintJarForPublish' because:
[        ]   Build cache is disabled
[        ]   Caching has been disabled for the task
[        ] Skipping task ':jni_flutter:prepareLintJarForPublish' as it is up-to-date.
[        ] Resolve mutations for :jni_flutter:mergeDebugJavaResource (Thread[#55,included builds,5,main]) started.
[        ] :jni_flutter:mergeDebugJavaResource (Thread[#55,included builds,5,main]) started.
[        ] > Task :jni_flutter:mergeDebugJavaResource UP-TO-DATE
[        ] Caching disabled for task ':jni_flutter:mergeDebugJavaResource' because:
[        ]   Build cache is disabled
[        ]   Caching has been disabled for the task
[        ] Skipping task ':jni_flutter:mergeDebugJavaResource' as it is up-to-date.
[        ] Resolve mutations for :jni_flutter:syncDebugLibJars (Thread[#55,included builds,5,main]) started.
[        ] :jni_flutter:syncDebugLibJars (Thread[#55,included builds,5,main]) started.
[        ] > Task :jni_flutter:syncDebugLibJars UP-TO-DATE
[        ] Caching disabled for task ':jni_flutter:syncDebugLibJars' because:
[        ]   Build cache is disabled
[        ] Skipping task ':jni_flutter:syncDebugLibJars' as it is up-to-date.
[        ] Resolve mutations for :jni_flutter:bundleDebugAar (Thread[#55,included builds,5,main]) started.
[        ] :jni_flutter:bundleDebugAar (Thread[#55,included builds,5,main]) started.
[        ] > Task :jni_flutter:bundleDebugAar UP-TO-DATE
[        ] Caching disabled for task ':jni_flutter:bundleDebugAar' because:
[        ]   Build cache is disabled
[        ]   Caching has been disabled for the task
[        ] Skipping task ':jni_flutter:bundleDebugAar' as it is up-to-date.
[        ] Resolve mutations for :jni_flutter:assembleDebug (Thread[#55,included builds,5,main]) started.
[        ] :jni_flutter:assembleDebug (Thread[#55,included builds,5,main]) started.
[        ] > Task :jni_flutter:assembleDebug UP-TO-DATE
[        ] Skipping task ':jni_flutter:assembleDebug' as it has no actions.
[        ] Resolve mutations for :local_auth_android:checkDebugAarMetadata (Thread[#55,included builds,5,main]) started.
[        ] :local_auth_android:checkDebugAarMetadata (Thread[#55,included builds,5,main]) started.
[  +97 ms] > Task :local_auth_android:checkDebugAarMetadata UP-TO-DATE
[        ] Caching disabled for task ':local_auth_android:checkDebugAarMetadata' because:
[        ]   Build cache is disabled
[        ]   Caching has been disabled for the task
[        ] Skipping task ':local_auth_android:checkDebugAarMetadata' as it is up-to-date.
[        ] Resolve mutations for :local_auth_android:stripDebugDebugSymbols (Thread[#55,included builds,5,main]) started.
[        ] :local_auth_android:stripDebugDebugSymbols (Thread[#55,included builds,5,main]) started.
[        ] > Task :local_auth_android:stripDebugDebugSymbols NO-SOURCE
[        ] Skipping task ':local_auth_android:stripDebugDebugSymbols' as it has no source files and no previous output files.
[        ] Resolve mutations for :local_auth_android:copyDebugJniLibsProjectAndLocalJars (Thread[#55,included builds,5,main]) started.
[        ] :local_auth_android:copyDebugJniLibsProjectAndLocalJars (Thread[#55,included builds,5,main]) started.
[        ] > Task :local_auth_android:copyDebugJniLibsProjectAndLocalJars UP-TO-DATE
[        ] Caching disabled for task ':local_auth_android:copyDebugJniLibsProjectAndLocalJars' because:
[        ]   Build cache is disabled
[        ]   Caching has been disabled for the task
[        ] Skipping task ':local_auth_android:copyDebugJniLibsProjectAndLocalJars' as it is up-to-date.
[        ] Resolve mutations for :local_auth_android:extractDebugAnnotations (Thread[#55,included builds,5,main]) started.
[        ] :local_auth_android:extractDebugAnnotations (Thread[#55,included builds,5,main]) started.
[        ] > Task :local_auth_android:extractDebugAnnotations UP-TO-DATE
[        ] Caching disabled for task ':local_auth_android:extractDebugAnnotations' because:
[        ]   Build cache is disabled
[        ] Skipping task ':local_auth_android:extractDebugAnnotations' as it is up-to-date.
[        ] Resolve mutations for :local_auth_android:extractDeepLinksForAarDebug (Thread[#55,included builds,5,main]) started.
[        ] :local_auth_android:extractDeepLinksForAarDebug (Thread[#55,included builds,5,main]) started.
[        ] > Task :local_auth_android:extractDeepLinksForAarDebug UP-TO-DATE
[        ] Caching disabled for task ':local_auth_android:extractDeepLinksForAarDebug' because:
[        ]   Build cache is disabled
[        ] Skipping task ':local_auth_android:extractDeepLinksForAarDebug' as it is up-to-date.
[        ] Resolve mutations for :local_auth_android:mergeDebugGeneratedProguardFiles (Thread[#55,included builds,5,main]) started.
[        ] :local_auth_android:mergeDebugGeneratedProguardFiles (Thread[#55,included builds,5,main]) started.
[        ] > Task :local_auth_android:mergeDebugGeneratedProguardFiles UP-TO-DATE
[        ] Caching disabled for task ':local_auth_android:mergeDebugGeneratedProguardFiles' because:
[        ]   Build cache is disabled
[        ]   Simple merging task
[        ] Skipping task ':local_auth_android:mergeDebugGeneratedProguardFiles' as it is up-to-date.
[        ] Resolve mutations for :local_auth_android:mergeDebugConsumerProguardFiles (Thread[#55,included builds,5,main]) started.
[        ] :local_auth_android:mergeDebugConsumerProguardFiles (Thread[#55,included builds,5,main]) started.
[        ] > Task :local_auth_android:mergeDebugConsumerProguardFiles UP-TO-DATE
[        ] Caching disabled for task ':local_auth_android:mergeDebugConsumerProguardFiles' because:
[        ]   Build cache is disabled
[        ]   Simple merging task
[        ] Skipping task ':local_auth_android:mergeDebugConsumerProguardFiles' as it is up-to-date.
[        ] Resolve mutations for :local_auth_android:prepareDebugArtProfile (Thread[#55,included builds,5,main]) started.
[        ] :local_auth_android:prepareDebugArtProfile (Thread[#55,included builds,5,main]) started.
[        ] > Task :local_auth_android:prepareDebugArtProfile UP-TO-DATE
[        ] Caching disabled for task ':local_auth_android:prepareDebugArtProfile' because:
[        ]   Build cache is disabled
[        ]   Caching has been disabled for the task
[        ] Skipping task ':local_auth_android:prepareDebugArtProfile' as it is up-to-date.
[        ] Resolve mutations for :local_auth_android:prepareLintJarForPublish (Thread[#55,included builds,5,main]) started.
[        ] :local_auth_android:prepareLintJarForPublish (Thread[#55,included builds,5,main]) started.
[        ] > Task :local_auth_android:prepareLintJarForPublish UP-TO-DATE
[        ] Caching disabled for task ':local_auth_android:prepareLintJarForPublish' because:
[        ]   Build cache is disabled
[        ]   Caching has been disabled for the task
[        ] Skipping task ':local_auth_android:prepareLintJarForPublish' as it is up-to-date.
[        ] Resolve mutations for :local_auth_android:mergeDebugJavaResource (Thread[#55,included builds,5,main]) started.
[        ] :local_auth_android:mergeDebugJavaResource (Thread[#55,included builds,5,main]) started.
[        ] > Task :local_auth_android:mergeDebugJavaResource UP-TO-DATE
[        ] Caching disabled for task ':local_auth_android:mergeDebugJavaResource' because:
[        ]   Build cache is disabled
[        ]   Caching has been disabled for the task
[        ] Skipping task ':local_auth_android:mergeDebugJavaResource' as it is up-to-date.
[        ] Resolve mutations for :local_auth_android:syncDebugLibJars (Thread[#55,included builds,5,main]) started.
[        ] :local_auth_android:syncDebugLibJars (Thread[#55,included builds,5,main]) started.
[        ] > Task :local_auth_android:syncDebugLibJars UP-TO-DATE
[        ] Caching disabled for task ':local_auth_android:syncDebugLibJars' because:
[        ]   Build cache is disabled
[        ] Skipping task ':local_auth_android:syncDebugLibJars' as it is up-to-date.
[        ] Resolve mutations for :local_auth_android:bundleDebugAar (Thread[#55,included builds,5,main]) started.
[        ] :local_auth_android:bundleDebugAar (Thread[#55,included builds,5,main]) started.
[        ] > Task :local_auth_android:bundleDebugAar UP-TO-DATE
[        ] Caching disabled for task ':local_auth_android:bundleDebugAar' because:
[        ]   Build cache is disabled
[        ]   Caching has been disabled for the task
[        ] Skipping task ':local_auth_android:bundleDebugAar' as it is up-to-date.
[        ] Resolve mutations for :local_auth_android:assembleDebug (Thread[#55,included builds,5,main]) started.
[        ] :local_auth_android:assembleDebug (Thread[#55,included builds,5,main]) started.
[        ] > Task :local_auth_android:assembleDebug UP-TO-DATE
[        ] Skipping task ':local_auth_android:assembleDebug' as it has no actions.
[        ] Resolve mutations for :printing:checkDebugAarMetadata (Thread[#55,included builds,5,main]) started.
[        ] :printing:checkDebugAarMetadata (Thread[#55,included builds,5,main]) started.
[        ] > Task :printing:checkDebugAarMetadata UP-TO-DATE
[        ] Caching disabled for task ':printing:checkDebugAarMetadata' because:
[        ]   Build cache is disabled
[        ]   Caching has been disabled for the task
[        ] Skipping task ':printing:checkDebugAarMetadata' as it is up-to-date.
[        ] Resolve mutations for :printing:stripDebugDebugSymbols (Thread[#55,included builds,5,main]) started.
[        ] :printing:stripDebugDebugSymbols (Thread[#55,included builds,5,main]) started.
[        ] > Task :printing:stripDebugDebugSymbols NO-SOURCE
[        ] Skipping task ':printing:stripDebugDebugSymbols' as it has no source files and no previous output files.
[        ] Resolve mutations for :printing:copyDebugJniLibsProjectAndLocalJars (Thread[#55,included builds,5,main]) started.
[        ] :printing:copyDebugJniLibsProjectAndLocalJars (Thread[#55,included builds,5,main]) started.
[        ] > Task :printing:copyDebugJniLibsProjectAndLocalJars UP-TO-DATE
[        ] Caching disabled for task ':printing:copyDebugJniLibsProjectAndLocalJars' because:
[        ]   Build cache is disabled
[        ]   Caching has been disabled for the task
[        ] Skipping task ':printing:copyDebugJniLibsProjectAndLocalJars' as it is up-to-date.
[        ] Resolve mutations for :printing:extractDebugAnnotations (Thread[#55,included builds,5,main]) started.
[        ] :printing:extractDebugAnnotations (Thread[#55,included builds,5,main]) started.
[        ] > Task :printing:extractDebugAnnotations UP-TO-DATE
[        ] Caching disabled for task ':printing:extractDebugAnnotations' because:
[        ]   Build cache is disabled
[        ] Skipping task ':printing:extractDebugAnnotations' as it is up-to-date.
[        ] Resolve mutations for :printing:extractDeepLinksForAarDebug (Thread[#55,included builds,5,main]) started.
[        ] :printing:extractDeepLinksForAarDebug (Thread[#55,included builds,5,main]) started.
[        ] > Task :printing:extractDeepLinksForAarDebug UP-TO-DATE
[        ] Caching disabled for task ':printing:extractDeepLinksForAarDebug' because:
[        ]   Build cache is disabled
[        ] Skipping task ':printing:extractDeepLinksForAarDebug' as it is up-to-date.
[        ] Resolve mutations for :printing:mergeDebugGeneratedProguardFiles (Thread[#55,included builds,5,main]) started.
[        ] :printing:mergeDebugGeneratedProguardFiles (Thread[#55,included builds,5,main]) started.
[        ] > Task :printing:mergeDebugGeneratedProguardFiles UP-TO-DATE
[        ] Caching disabled for task ':printing:mergeDebugGeneratedProguardFiles' because:
[        ]   Build cache is disabled
[        ]   Simple merging task
[        ] Skipping task ':printing:mergeDebugGeneratedProguardFiles' as it is up-to-date.
[  +98 ms] Resolve mutations for :printing:mergeDebugConsumerProguardFiles (Thread[#55,included builds,5,main]) started.
[        ] :printing:mergeDebugConsumerProguardFiles (Thread[#55,included builds,5,main]) started.
[        ] > Task :printing:mergeDebugConsumerProguardFiles UP-TO-DATE
[        ] Caching disabled for task ':printing:mergeDebugConsumerProguardFiles' because:
[        ]   Build cache is disabled
[        ]   Simple merging task
[        ] Skipping task ':printing:mergeDebugConsumerProguardFiles' as it is up-to-date.
[        ] Resolve mutations for :printing:prepareDebugArtProfile (Thread[#55,included builds,5,main]) started.
[        ] :printing:prepareDebugArtProfile (Thread[#55,included builds,5,main]) started.
[        ] > Task :printing:prepareDebugArtProfile UP-TO-DATE
[        ] Caching disabled for task ':printing:prepareDebugArtProfile' because:
[        ]   Build cache is disabled
[        ]   Caching has been disabled for the task
[        ] Skipping task ':printing:prepareDebugArtProfile' as it is up-to-date.
[        ] Resolve mutations for :printing:prepareLintJarForPublish (Thread[#55,included builds,5,main]) started.
[        ] :printing:prepareLintJarForPublish (Thread[#55,included builds,5,main]) started.
[        ] > Task :printing:prepareLintJarForPublish UP-TO-DATE
[        ] Caching disabled for task ':printing:prepareLintJarForPublish' because:
[        ]   Build cache is disabled
[        ]   Caching has been disabled for the task
[        ] Skipping task ':printing:prepareLintJarForPublish' as it is up-to-date.
[        ] Resolve mutations for :printing:mergeDebugJavaResource (Thread[#55,included builds,5,main]) started.
[        ] :printing:mergeDebugJavaResource (Thread[#55,included builds,5,main]) started.
[        ] > Task :printing:mergeDebugJavaResource UP-TO-DATE
[        ] Caching disabled for task ':printing:mergeDebugJavaResource' because:
[        ]   Build cache is disabled
[        ]   Caching has been disabled for the task
[        ] Skipping task ':printing:mergeDebugJavaResource' as it is up-to-date.
[        ] Resolve mutations for :printing:syncDebugLibJars (Thread[#55,included builds,5,main]) started.
[        ] :printing:syncDebugLibJars (Thread[#55,included builds,5,main]) started.
[        ] > Task :printing:syncDebugLibJars UP-TO-DATE
[        ] Caching disabled for task ':printing:syncDebugLibJars' because:
[        ]   Build cache is disabled
[        ] Skipping task ':printing:syncDebugLibJars' as it is up-to-date.
[        ] Resolve mutations for :printing:bundleDebugAar (Thread[#55,included builds,5,main]) started.
[        ] :printing:bundleDebugAar (Thread[#55,included builds,5,main]) started.
[        ] > Task :printing:bundleDebugAar UP-TO-DATE
[        ] Caching disabled for task ':printing:bundleDebugAar' because:
[        ]   Build cache is disabled
[        ]   Caching has been disabled for the task
[        ] Skipping task ':printing:bundleDebugAar' as it is up-to-date.
[        ] Resolve mutations for :printing:assembleDebug (Thread[#55,included builds,5,main]) started.
[        ] :printing:assembleDebug (Thread[#55,included builds,5,main]) started.
[        ] > Task :printing:assembleDebug UP-TO-DATE
[        ] Skipping task ':printing:assembleDebug' as it has no actions.
[        ] Resolve mutations for :share_plus:checkDebugAarMetadata (Thread[#55,included builds,5,main]) started.
[        ] :share_plus:checkDebugAarMetadata (Thread[#55,included builds,5,main]) started.
[        ] > Task :share_plus:checkDebugAarMetadata UP-TO-DATE
[        ] Caching disabled for task ':share_plus:checkDebugAarMetadata' because:
[        ]   Build cache is disabled
[        ]   Caching has been disabled for the task
[        ] Skipping task ':share_plus:checkDebugAarMetadata' as it is up-to-date.
[        ] Resolve mutations for :share_plus:stripDebugDebugSymbols (Thread[#55,included builds,5,main]) started.
[        ] :share_plus:stripDebugDebugSymbols (Thread[#55,included builds,5,main]) started.
[        ] > Task :share_plus:stripDebugDebugSymbols NO-SOURCE
[        ] Skipping task ':share_plus:stripDebugDebugSymbols' as it has no source files and no previous output files.
[        ] Resolve mutations for :share_plus:copyDebugJniLibsProjectAndLocalJars (Thread[#55,included builds,5,main]) started.
[        ] :share_plus:copyDebugJniLibsProjectAndLocalJars (Thread[#55,included builds,5,main]) started.
[        ] > Task :share_plus:copyDebugJniLibsProjectAndLocalJars UP-TO-DATE
[        ] Caching disabled for task ':share_plus:copyDebugJniLibsProjectAndLocalJars' because:
[        ]   Build cache is disabled
[        ]   Caching has been disabled for the task
[        ] Skipping task ':share_plus:copyDebugJniLibsProjectAndLocalJars' as it is up-to-date.
[        ] Resolve mutations for :share_plus:extractDebugAnnotations (Thread[#55,included builds,5,main]) started.
[        ] :share_plus:extractDebugAnnotations (Thread[#55,included builds,5,main]) started.
[        ] > Task :share_plus:extractDebugAnnotations UP-TO-DATE
[        ] Caching disabled for task ':share_plus:extractDebugAnnotations' because:
[        ]   Build cache is disabled
[        ] Skipping task ':share_plus:extractDebugAnnotations' as it is up-to-date.
[        ] Resolve mutations for :share_plus:extractDeepLinksForAarDebug (Thread[#55,included builds,5,main]) started.
[        ] :share_plus:extractDeepLinksForAarDebug (Thread[#55,included builds,5,main]) started.
[        ] > Task :share_plus:extractDeepLinksForAarDebug UP-TO-DATE
[        ] Caching disabled for task ':share_plus:extractDeepLinksForAarDebug' because:
[        ]   Build cache is disabled
[        ] Skipping task ':share_plus:extractDeepLinksForAarDebug' as it is up-to-date.
[        ] Resolve mutations for :share_plus:mergeDebugGeneratedProguardFiles (Thread[#55,included builds,5,main]) started.
[        ] :share_plus:mergeDebugGeneratedProguardFiles (Thread[#55,included builds,5,main]) started.
[        ] > Task :share_plus:mergeDebugGeneratedProguardFiles UP-TO-DATE
[        ] Caching disabled for task ':share_plus:mergeDebugGeneratedProguardFiles' because:
[        ]   Build cache is disabled
[        ]   Simple merging task
[        ] Skipping task ':share_plus:mergeDebugGeneratedProguardFiles' as it is up-to-date.
[        ] Resolve mutations for :share_plus:mergeDebugConsumerProguardFiles (Thread[#55,included builds,5,main]) started.
[        ] :share_plus:mergeDebugConsumerProguardFiles (Thread[#55,included builds,5,main]) started.
[        ] > Task :share_plus:mergeDebugConsumerProguardFiles UP-TO-DATE
[        ] Caching disabled for task ':share_plus:mergeDebugConsumerProguardFiles' because:
[        ]   Build cache is disabled
[        ]   Simple merging task
[        ] Skipping task ':share_plus:mergeDebugConsumerProguardFiles' as it is up-to-date.
[        ] Resolve mutations for :share_plus:prepareDebugArtProfile (Thread[#55,included builds,5,main]) started.
[        ] :share_plus:prepareDebugArtProfile (Thread[#55,included builds,5,main]) started.
[        ] > Task :share_plus:prepareDebugArtProfile UP-TO-DATE
[        ] Caching disabled for task ':share_plus:prepareDebugArtProfile' because:
[        ]   Build cache is disabled
[        ]   Caching has been disabled for the task
[        ] Skipping task ':share_plus:prepareDebugArtProfile' as it is up-to-date.
[        ] Resolve mutations for :share_plus:prepareLintJarForPublish (Thread[#55,included builds,5,main]) started.
[        ] :share_plus:prepareLintJarForPublish (Thread[#55,included builds,5,main]) started.
[        ] > Task :share_plus:prepareLintJarForPublish UP-TO-DATE
[        ] Caching disabled for task ':share_plus:prepareLintJarForPublish' because:
[        ]   Build cache is disabled
[        ]   Caching has been disabled for the task
[        ] Skipping task ':share_plus:prepareLintJarForPublish' as it is up-to-date.
[        ] Resolve mutations for :share_plus:mergeDebugJavaResource (Thread[#55,included builds,5,main]) started.
[        ] :share_plus:mergeDebugJavaResource (Thread[#55,included builds,5,main]) started.
[        ] > Task :share_plus:mergeDebugJavaResource UP-TO-DATE
[        ] Caching disabled for task ':share_plus:mergeDebugJavaResource' because:
[        ]   Build cache is disabled
[        ]   Caching has been disabled for the task
[        ] Skipping task ':share_plus:mergeDebugJavaResource' as it is up-to-date.
[        ] Resolve mutations for :share_plus:syncDebugLibJars (Thread[#55,included builds,5,main]) started.
[        ] :share_plus:syncDebugLibJars (Thread[#55,included builds,5,main]) started.
[        ] > Task :share_plus:syncDebugLibJars UP-TO-DATE
[        ] Caching disabled for task ':share_plus:syncDebugLibJars' because:
[        ]   Build cache is disabled
[        ] Skipping task ':share_plus:syncDebugLibJars' as it is up-to-date.
[        ] Resolve mutations for :share_plus:bundleDebugAar (Thread[#55,included builds,5,main]) started.
[        ] :share_plus:bundleDebugAar (Thread[#55,included builds,5,main]) started.
[        ] > Task :share_plus:bundleDebugAar UP-TO-DATE
[        ] Caching disabled for task ':share_plus:bundleDebugAar' because:
[        ]   Build cache is disabled
[        ]   Caching has been disabled for the task
[        ] Skipping task ':share_plus:bundleDebugAar' as it is up-to-date.
[        ] Resolve mutations for :share_plus:assembleDebug (Thread[#55,included builds,5,main]) started.
[        ] :share_plus:assembleDebug (Thread[#55,included builds,5,main]) started.
[        ] > Task :share_plus:assembleDebug UP-TO-DATE
[        ] Skipping task ':share_plus:assembleDebug' as it has no actions.
[        ] Resolve mutations for :shared_preferences_android:checkDebugAarMetadata (Thread[#55,included builds,5,main]) started.
[        ] :shared_preferences_android:checkDebugAarMetadata (Thread[#55,included builds,5,main]) started.
[        ] > Task :shared_preferences_android:checkDebugAarMetadata UP-TO-DATE
[        ] Caching disabled for task ':shared_preferences_android:checkDebugAarMetadata' because:
[        ]   Build cache is disabled
[        ]   Caching has been disabled for the task
[        ] Skipping task ':shared_preferences_android:checkDebugAarMetadata' as it is up-to-date.
[        ] Resolve mutations for :shared_preferences_android:stripDebugDebugSymbols (Thread[#55,included builds,5,main]) started.
[        ] :shared_preferences_android:stripDebugDebugSymbols (Thread[#55,included builds,5,main]) started.
[        ] > Task :shared_preferences_android:stripDebugDebugSymbols NO-SOURCE
[        ] Skipping task ':shared_preferences_android:stripDebugDebugSymbols' as it has no source files and no previous output files.
[        ] Resolve mutations for :shared_preferences_android:copyDebugJniLibsProjectAndLocalJars (Thread[#55,included builds,5,main]) started.
[        ] :shared_preferences_android:copyDebugJniLibsProjectAndLocalJars (Thread[#55,included builds,5,main]) started.
[        ] > Task :shared_preferences_android:copyDebugJniLibsProjectAndLocalJars UP-TO-DATE
[        ] Caching disabled for task ':shared_preferences_android:copyDebugJniLibsProjectAndLocalJars' because:
[        ]   Build cache is disabled
[        ]   Caching has been disabled for the task
[        ] Skipping task ':shared_preferences_android:copyDebugJniLibsProjectAndLocalJars' as it is up-to-date.
[        ] Resolve mutations for :shared_preferences_android:extractDebugAnnotations (Thread[#55,included builds,5,main]) started.
[        ] :shared_preferences_android:extractDebugAnnotations (Thread[#55,included builds,5,main]) started.
[        ] > Task :shared_preferences_android:extractDebugAnnotations UP-TO-DATE
[        ] Caching disabled for task ':shared_preferences_android:extractDebugAnnotations' because:
[        ]   Build cache is disabled
[        ] Skipping task ':shared_preferences_android:extractDebugAnnotations' as it is up-to-date.
[        ] Resolve mutations for :shared_preferences_android:extractDeepLinksForAarDebug (Thread[#55,included builds,5,main]) started.
[        ] :shared_preferences_android:extractDeepLinksForAarDebug (Thread[#55,included builds,5,main]) started.
[        ] > Task :shared_preferences_android:extractDeepLinksForAarDebug UP-TO-DATE
[        ] Caching disabled for task ':shared_preferences_android:extractDeepLinksForAarDebug' because:
[        ]   Build cache is disabled
[        ] Skipping task ':shared_preferences_android:extractDeepLinksForAarDebug' as it is up-to-date.
[        ] Resolve mutations for :shared_preferences_android:mergeDebugGeneratedProguardFiles (Thread[#55,included builds,5,main]) started.
[        ] :shared_preferences_android:mergeDebugGeneratedProguardFiles (Thread[#55,included builds,5,main]) started.
[        ] > Task :shared_preferences_android:mergeDebugGeneratedProguardFiles UP-TO-DATE
[        ] Caching disabled for task ':shared_preferences_android:mergeDebugGeneratedProguardFiles' because:
[        ]   Build cache is disabled
[        ]   Simple merging task
[        ] Skipping task ':shared_preferences_android:mergeDebugGeneratedProguardFiles' as it is up-to-date.
[        ] Resolve mutations for :shared_preferences_android:mergeDebugConsumerProguardFiles (Thread[#55,included builds,5,main]) started.
[        ] :shared_preferences_android:mergeDebugConsumerProguardFiles (Thread[#55,included builds,5,main]) started.
[        ] > Task :shared_preferences_android:mergeDebugConsumerProguardFiles UP-TO-DATE
[        ] Caching disabled for task ':shared_preferences_android:mergeDebugConsumerProguardFiles' because:
[        ]   Build cache is disabled
[        ]   Simple merging task
[        ] Skipping task ':shared_preferences_android:mergeDebugConsumerProguardFiles' as it is up-to-date.
[        ] Resolve mutations for :shared_preferences_android:prepareDebugArtProfile (Thread[#55,included builds,5,main]) started.
[        ] :shared_preferences_android:prepareDebugArtProfile (Thread[#55,included builds,5,main]) started.
[        ] > Task :shared_preferences_android:prepareDebugArtProfile UP-TO-DATE
[        ] Caching disabled for task ':shared_preferences_android:prepareDebugArtProfile' because:
[        ]   Build cache is disabled
[        ]   Caching has been disabled for the task
[        ] Skipping task ':shared_preferences_android:prepareDebugArtProfile' as it is up-to-date.
[        ] Resolve mutations for :shared_preferences_android:prepareLintJarForPublish (Thread[#55,included builds,5,main]) started.
[        ] :shared_preferences_android:prepareLintJarForPublish (Thread[#55,included builds,5,main]) started.
[        ] > Task :shared_preferences_android:prepareLintJarForPublish UP-TO-DATE
[        ] Caching disabled for task ':shared_preferences_android:prepareLintJarForPublish' because:
[        ]   Build cache is disabled
[        ]   Caching has been disabled for the task
[        ] Skipping task ':shared_preferences_android:prepareLintJarForPublish' as it is up-to-date.
[        ] Resolve mutations for :shared_preferences_android:mergeDebugJavaResource (Thread[#55,included builds,5,main]) started.
[        ] :shared_preferences_android:mergeDebugJavaResource (Thread[#55,included builds,5,main]) started.
[        ] > Task :shared_preferences_android:mergeDebugJavaResource UP-TO-DATE
[        ] Caching disabled for task ':shared_preferences_android:mergeDebugJavaResource' because:
[        ]   Build cache is disabled
[        ]   Caching has been disabled for the task
[        ] Skipping task ':shared_preferences_android:mergeDebugJavaResource' as it is up-to-date.
[        ] Resolve mutations for :shared_preferences_android:syncDebugLibJars (Thread[#55,included builds,5,main]) started.
[        ] :shared_preferences_android:syncDebugLibJars (Thread[#55,included builds,5,main]) started.
[  +97 ms] > Task :shared_preferences_android:syncDebugLibJars UP-TO-DATE
[        ] Caching disabled for task ':shared_preferences_android:syncDebugLibJars' because:
[        ]   Build cache is disabled
[        ] Skipping task ':shared_preferences_android:syncDebugLibJars' as it is up-to-date.
[        ] Resolve mutations for :shared_preferences_android:bundleDebugAar (Thread[#55,included builds,5,main]) started.
[        ] :shared_preferences_android:bundleDebugAar (Thread[#55,included builds,5,main]) started.
[        ] > Task :shared_preferences_android:bundleDebugAar UP-TO-DATE
[        ] Caching disabled for task ':shared_preferences_android:bundleDebugAar' because:
[        ]   Build cache is disabled
[        ]   Caching has been disabled for the task
[        ] Skipping task ':shared_preferences_android:bundleDebugAar' as it is up-to-date.
[        ] Resolve mutations for :shared_preferences_android:assembleDebug (Thread[#55,included builds,5,main]) started.
[        ] :shared_preferences_android:assembleDebug (Thread[#55,included builds,5,main]) started.
[        ] > Task :shared_preferences_android:assembleDebug UP-TO-DATE
[        ] Skipping task ':shared_preferences_android:assembleDebug' as it has no actions.
[        ] Resolve mutations for :speech_to_text:checkDebugAarMetadata (Thread[#55,included builds,5,main]) started.
[        ] :speech_to_text:checkDebugAarMetadata (Thread[#55,included builds,5,main]) started.
[        ] > Task :speech_to_text:checkDebugAarMetadata UP-TO-DATE
[        ] Caching disabled for task ':speech_to_text:checkDebugAarMetadata' because:
[        ]   Build cache is disabled
[        ]   Caching has been disabled for the task
[        ] Skipping task ':speech_to_text:checkDebugAarMetadata' as it is up-to-date.
[        ] Resolve mutations for :speech_to_text:stripDebugDebugSymbols (Thread[#55,included builds,5,main]) started.
[        ] :speech_to_text:stripDebugDebugSymbols (Thread[#55,included builds,5,main]) started.
[        ] > Task :speech_to_text:stripDebugDebugSymbols NO-SOURCE
[        ] Skipping task ':speech_to_text:stripDebugDebugSymbols' as it has no source files and no previous output files.
[        ] Resolve mutations for :speech_to_text:copyDebugJniLibsProjectAndLocalJars (Thread[#55,included builds,5,main]) started.
[        ] :speech_to_text:copyDebugJniLibsProjectAndLocalJars (Thread[#55,included builds,5,main]) started.
[        ] > Task :speech_to_text:copyDebugJniLibsProjectAndLocalJars UP-TO-DATE
[        ] Caching disabled for task ':speech_to_text:copyDebugJniLibsProjectAndLocalJars' because:
[        ]   Build cache is disabled
[        ]   Caching has been disabled for the task
[        ] Skipping task ':speech_to_text:copyDebugJniLibsProjectAndLocalJars' as it is up-to-date.
[        ] Resolve mutations for :speech_to_text:extractDebugAnnotations (Thread[#55,included builds,5,main]) started.
[        ] :speech_to_text:extractDebugAnnotations (Thread[#55,included builds,5,main]) started.
[        ] > Task :speech_to_text:extractDebugAnnotations UP-TO-DATE
[        ] Caching disabled for task ':speech_to_text:extractDebugAnnotations' because:
[        ]   Build cache is disabled
[        ] Skipping task ':speech_to_text:extractDebugAnnotations' as it is up-to-date.
[        ] Resolve mutations for :speech_to_text:extractDeepLinksForAarDebug (Thread[#55,included builds,5,main]) started.
[        ] :speech_to_text:extractDeepLinksForAarDebug (Thread[#55,included builds,5,main]) started.
[        ] > Task :speech_to_text:extractDeepLinksForAarDebug UP-TO-DATE
[        ] Caching disabled for task ':speech_to_text:extractDeepLinksForAarDebug' because:
[        ]   Build cache is disabled
[        ] Skipping task ':speech_to_text:extractDeepLinksForAarDebug' as it is up-to-date.
[        ] Resolve mutations for :speech_to_text:mergeDebugGeneratedProguardFiles (Thread[#55,included builds,5,main]) started.
[        ] :speech_to_text:mergeDebugGeneratedProguardFiles (Thread[#55,included builds,5,main]) started.
[        ] > Task :speech_to_text:mergeDebugGeneratedProguardFiles UP-TO-DATE
[        ] Caching disabled for task ':speech_to_text:mergeDebugGeneratedProguardFiles' because:
[        ]   Build cache is disabled
[        ]   Simple merging task
[        ] Skipping task ':speech_to_text:mergeDebugGeneratedProguardFiles' as it is up-to-date.
[        ] Resolve mutations for :speech_to_text:mergeDebugConsumerProguardFiles (Thread[#55,included builds,5,main]) started.
[        ] :speech_to_text:mergeDebugConsumerProguardFiles (Thread[#55,included builds,5,main]) started.
[        ] > Task :speech_to_text:mergeDebugConsumerProguardFiles UP-TO-DATE
[        ] Caching disabled for task ':speech_to_text:mergeDebugConsumerProguardFiles' because:
[        ]   Build cache is disabled
[        ]   Simple merging task
[        ] Skipping task ':speech_to_text:mergeDebugConsumerProguardFiles' as it is up-to-date.
[        ] Resolve mutations for :speech_to_text:prepareDebugArtProfile (Thread[#55,included builds,5,main]) started.
[        ] :speech_to_text:prepareDebugArtProfile (Thread[#55,included builds,5,main]) started.
[        ] > Task :speech_to_text:prepareDebugArtProfile UP-TO-DATE
[        ] Caching disabled for task ':speech_to_text:prepareDebugArtProfile' because:
[        ]   Build cache is disabled
[        ]   Caching has been disabled for the task
[        ] Skipping task ':speech_to_text:prepareDebugArtProfile' as it is up-to-date.
[        ] Resolve mutations for :speech_to_text:prepareLintJarForPublish (Thread[#55,included builds,5,main]) started.
[        ] :speech_to_text:prepareLintJarForPublish (Thread[#55,included builds,5,main]) started.
[        ] > Task :speech_to_text:prepareLintJarForPublish UP-TO-DATE
[        ] Caching disabled for task ':speech_to_text:prepareLintJarForPublish' because:
[        ]   Build cache is disabled
[        ]   Caching has been disabled for the task
[        ] Skipping task ':speech_to_text:prepareLintJarForPublish' as it is up-to-date.
[        ] Resolve mutations for :speech_to_text:mergeDebugJavaResource (Thread[#55,included builds,5,main]) started.
[        ] :speech_to_text:mergeDebugJavaResource (Thread[#55,included builds,5,main]) started.
[        ] > Task :speech_to_text:mergeDebugJavaResource UP-TO-DATE
[        ] Caching disabled for task ':speech_to_text:mergeDebugJavaResource' because:
[        ]   Build cache is disabled
[        ]   Caching has been disabled for the task
[        ] Skipping task ':speech_to_text:mergeDebugJavaResource' as it is up-to-date.
[        ] Resolve mutations for :speech_to_text:syncDebugLibJars (Thread[#55,included builds,5,main]) started.
[        ] :speech_to_text:syncDebugLibJars (Thread[#55,included builds,5,main]) started.
[        ] > Task :speech_to_text:syncDebugLibJars UP-TO-DATE
[        ] Caching disabled for task ':speech_to_text:syncDebugLibJars' because:
[        ]   Build cache is disabled
[        ] Skipping task ':speech_to_text:syncDebugLibJars' as it is up-to-date.
[        ] Resolve mutations for :speech_to_text:bundleDebugAar (Thread[#55,included builds,5,main]) started.
[        ] :speech_to_text:bundleDebugAar (Thread[#55,included builds,5,main]) started.
[        ] > Task :speech_to_text:bundleDebugAar UP-TO-DATE
[        ] Caching disabled for task ':speech_to_text:bundleDebugAar' because:
[        ]   Build cache is disabled
[        ]   Caching has been disabled for the task
[        ] Skipping task ':speech_to_text:bundleDebugAar' as it is up-to-date.
[        ] Resolve mutations for :speech_to_text:assembleDebug (Thread[#55,included builds,5,main]) started.
[        ] :speech_to_text:assembleDebug (Thread[#55,included builds,5,main]) started.
[        ] > Task :speech_to_text:assembleDebug UP-TO-DATE
[        ] Skipping task ':speech_to_text:assembleDebug' as it has no actions.
[        ] Resolve mutations for :whisper_cpp_flutter_plus:checkDebugAarMetadata (Thread[#55,included builds,5,main]) started.
[        ] :whisper_cpp_flutter_plus:checkDebugAarMetadata (Thread[#55,included builds,5,main]) started.
[        ] > Task :whisper_cpp_flutter_plus:checkDebugAarMetadata UP-TO-DATE
[        ] Caching disabled for task ':whisper_cpp_flutter_plus:checkDebugAarMetadata' because:
[        ]   Build cache is disabled
[        ]   Caching has been disabled for the task
[        ] Skipping task ':whisper_cpp_flutter_plus:checkDebugAarMetadata' as it is up-to-date.
[        ] Resolve mutations for :whisper_cpp_flutter_plus:stripDebugDebugSymbols (Thread[#55,included builds,5,main]) started.
[        ] :whisper_cpp_flutter_plus:stripDebugDebugSymbols (Thread[#55,included builds,5,main]) started.
[        ] > Task :whisper_cpp_flutter_plus:stripDebugDebugSymbols UP-TO-DATE
[        ] Caching disabled for task ':whisper_cpp_flutter_plus:stripDebugDebugSymbols' because:
[        ]   Build cache is disabled
[        ]   Caching has been disabled for the task
[        ] Skipping task ':whisper_cpp_flutter_plus:stripDebugDebugSymbols' as it is up-to-date.
[        ] Resolve mutations for :whisper_cpp_flutter_plus:copyDebugJniLibsProjectAndLocalJars (Thread[#55,included builds,5,main]) started.
[        ] :whisper_cpp_flutter_plus:copyDebugJniLibsProjectAndLocalJars (Thread[#55,included builds,5,main]) started.
[        ] > Task :whisper_cpp_flutter_plus:copyDebugJniLibsProjectAndLocalJars UP-TO-DATE
[        ] Caching disabled for task ':whisper_cpp_flutter_plus:copyDebugJniLibsProjectAndLocalJars' because:
[        ]   Build cache is disabled
[        ]   Caching has been disabled for the task
[        ] Skipping task ':whisper_cpp_flutter_plus:copyDebugJniLibsProjectAndLocalJars' as it is up-to-date.
[        ] Resolve mutations for :whisper_cpp_flutter_plus:extractDebugAnnotations (Thread[#55,included builds,5,main]) started.
[        ] :whisper_cpp_flutter_plus:extractDebugAnnotations (Thread[#55,included builds,5,main]) started.
[        ] > Task :whisper_cpp_flutter_plus:extractDebugAnnotations UP-TO-DATE
[        ] Caching disabled for task ':whisper_cpp_flutter_plus:extractDebugAnnotations' because:
[        ]   Build cache is disabled
[        ] Skipping task ':whisper_cpp_flutter_plus:extractDebugAnnotations' as it is up-to-date.
[        ] Resolve mutations for :whisper_cpp_flutter_plus:extractDeepLinksForAarDebug (Thread[#55,included builds,5,main]) started.
[        ] :whisper_cpp_flutter_plus:extractDeepLinksForAarDebug (Thread[#55,included builds,5,main]) started.
[        ] > Task :whisper_cpp_flutter_plus:extractDeepLinksForAarDebug UP-TO-DATE
[        ] Caching disabled for task ':whisper_cpp_flutter_plus:extractDeepLinksForAarDebug' because:
[        ]   Build cache is disabled
[        ] Skipping task ':whisper_cpp_flutter_plus:extractDeepLinksForAarDebug' as it is up-to-date.
[        ] Resolve mutations for :whisper_cpp_flutter_plus:mergeDebugGeneratedProguardFiles (Thread[#55,included builds,5,main]) started.
[        ] :whisper_cpp_flutter_plus:mergeDebugGeneratedProguardFiles (Thread[#55,included builds,5,main]) started.
[        ] > Task :whisper_cpp_flutter_plus:mergeDebugGeneratedProguardFiles UP-TO-DATE
[        ] Caching disabled for task ':whisper_cpp_flutter_plus:mergeDebugGeneratedProguardFiles' because:
[        ]   Build cache is disabled
[        ]   Simple merging task
[        ] Skipping task ':whisper_cpp_flutter_plus:mergeDebugGeneratedProguardFiles' as it is up-to-date.
[        ] Resolve mutations for :whisper_cpp_flutter_plus:mergeDebugConsumerProguardFiles (Thread[#55,included builds,5,main]) started.
[        ] :whisper_cpp_flutter_plus:mergeDebugConsumerProguardFiles (Thread[#55,included builds,5,main]) started.
[        ] > Task :whisper_cpp_flutter_plus:mergeDebugConsumerProguardFiles UP-TO-DATE
[        ] Caching disabled for task ':whisper_cpp_flutter_plus:mergeDebugConsumerProguardFiles' because:
[        ]   Build cache is disabled
[        ]   Simple merging task
[        ] Skipping task ':whisper_cpp_flutter_plus:mergeDebugConsumerProguardFiles' as it is up-to-date.
[        ] Resolve mutations for :whisper_cpp_flutter_plus:prepareDebugArtProfile (Thread[#55,included builds,5,main]) started.
[        ] :whisper_cpp_flutter_plus:prepareDebugArtProfile (Thread[#55,included builds,5,main]) started.
[        ] > Task :whisper_cpp_flutter_plus:prepareDebugArtProfile UP-TO-DATE
[        ] Caching disabled for task ':whisper_cpp_flutter_plus:prepareDebugArtProfile' because:
[        ]   Build cache is disabled
[        ]   Caching has been disabled for the task
[        ] Skipping task ':whisper_cpp_flutter_plus:prepareDebugArtProfile' as it is up-to-date.
[        ] Resolve mutations for :whisper_cpp_flutter_plus:prepareLintJarForPublish (Thread[#55,included builds,5,main]) started.
[        ] :whisper_cpp_flutter_plus:prepareLintJarForPublish (Thread[#55,included builds,5,main]) started.
[        ] > Task :whisper_cpp_flutter_plus:prepareLintJarForPublish UP-TO-DATE
[        ] Caching disabled for task ':whisper_cpp_flutter_plus:prepareLintJarForPublish' because:
[        ]   Build cache is disabled
[        ]   Caching has been disabled for the task
[        ] Skipping task ':whisper_cpp_flutter_plus:prepareLintJarForPublish' as it is up-to-date.
[        ] Resolve mutations for :whisper_cpp_flutter_plus:mergeDebugJavaResource (Thread[#55,included builds,5,main]) started.
[        ] :whisper_cpp_flutter_plus:mergeDebugJavaResource (Thread[#55,included builds,5,main]) started.
[        ] > Task :whisper_cpp_flutter_plus:mergeDebugJavaResource UP-TO-DATE
[        ] Caching disabled for task ':whisper_cpp_flutter_plus:mergeDebugJavaResource' because:
[        ]   Build cache is disabled
[        ]   Caching has been disabled for the task
[        ] Skipping task ':whisper_cpp_flutter_plus:mergeDebugJavaResource' as it is up-to-date.
[        ] Resolve mutations for :whisper_cpp_flutter_plus:syncDebugLibJars (Thread[#55,included builds,5,main]) started.
[        ] :whisper_cpp_flutter_plus:syncDebugLibJars (Thread[#55,included builds,5,main]) started.
[        ] > Task :whisper_cpp_flutter_plus:syncDebugLibJars UP-TO-DATE
[        ] Caching disabled for task ':whisper_cpp_flutter_plus:syncDebugLibJars' because:
[        ]   Build cache is disabled
[        ] Skipping task ':whisper_cpp_flutter_plus:syncDebugLibJars' as it is up-to-date.
[        ] Resolve mutations for :whisper_cpp_flutter_plus:bundleDebugAar (Thread[#55,included builds,5,main]) started.
[        ] :whisper_cpp_flutter_plus:bundleDebugAar (Thread[#55,included builds,5,main]) started.
[        ] > Task :whisper_cpp_flutter_plus:bundleDebugAar UP-TO-DATE
[        ] Caching disabled for task ':whisper_cpp_flutter_plus:bundleDebugAar' because:
[        ]   Build cache is disabled
[        ]   Caching has been disabled for the task
[        ] Skipping task ':whisper_cpp_flutter_plus:bundleDebugAar' as it is up-to-date.
[        ] Resolve mutations for :whisper_cpp_flutter_plus:assembleDebug (Thread[#55,included builds,5,main]) started.
[        ] :whisper_cpp_flutter_plus:assembleDebug (Thread[#55,included builds,5,main]) started.
[        ] > Task :whisper_cpp_flutter_plus:assembleDebug UP-TO-DATE
[        ] Skipping task ':whisper_cpp_flutter_plus:assembleDebug' as it has no actions.
[        ] Build 835e8675-6444-49bf-8a69-556d2353f0a4 is closed
[        ] AAPT2 aapt2-9.1.0-14792394-linux Daemon #0: shutdown
[        ] Build 911e1f7e-3537-41d2-bf5a-738ab7041f3c is closed
[  +84 ms] [Incubating] Problems report is available at: file:///home/ubuntu/FFM-source-2d123ad-v67/build/reports/problems/problems-report.html
[        ] Deprecated Gradle features were used in this build, making it incompatible with Gradle 10.
[        ] You can use '--warning-mode all' to show the individual deprecation warnings and determine if they come from your own scripts or plugins.
[        ] For more on this, please refer to https://docs.gradle.org/9.3.1/userguide/command_line_interface.html#sec:command_line_warnings in the Gradle documentation.
[        ] BUILD SUCCESSFUL in 48s
[        ] 455 actionable tasks: 71 executed, 384 up-to-date
[ +326 ms] Running Gradle task 'assembleDebug'... (completed in 49.2s)
[   +2 ms] Calculate SHA1: LocalDirectory: '/home/ubuntu/FFM-source-2d123ad-v67/build/app/outputs/flutter-apk'/app-debug.apk
[ +736 ms] ✓ Built build/app/outputs/flutter-apk/app-debug.apk
[   +2 ms] "flutter apk" took 50,253ms.
[        ] Running 1 shutdown hook
[        ] Shutdown hooks complete
[   +2 ms] exiting with code 0
